candidateKey,sourceWpPostId,name,normalizedName,slug,normalizedSlug,oldUrl,rawReview,plainTextPreview,bioCandidate,thumbnailId,thumbnailUrl,imageFieldId,imageFieldUrl,status,classification,classificationReasons,possibleDuplicateGroup,reviewLikelyType,reviewConfidence,yoastMetaTitle,yoastMetaDescription,canonicalUrl
author:556,556,Guillermo M. Schrem,guillermo m schrem,guillermo-m-schrem,guillermo-m-schrem,https://editoriallarueca.com/autor/guillermo-m-schrem/,"<p>Una nueva investigación se abre en un valle donde la gente tiene mucho que decir y muy pocas ganas de hablar, así que un inspector con métodos poco ortodoxos llega para hurgar en la reciente historia del asesinato de una menor y no solo consigue alterar a sus habitantes sino que también remueve las viejas leyendas que circulan por el valle.</p>","Una nueva investigación se abre en un valle donde la gente tiene mucho que decir y muy pocas ganas de hablar, así que un inspector con métodos poco ortodoxos llega para hurgar en la reciente historia del asesinato de una menor y no solo co…",,557,https://editoriallarueca.com/wp-content/uploads/WhatsApp-Image-2022-07-21-at-7.21.26-PM.jpeg,,,publish,legacy_author_book_combined,tf_libro poblado,possible-author:guillermo m schrem,book_synopsis,medium,,,
author:559,559,Luis Gausach,luis gausach,luis-gausach,luis-gausach,https://editoriallarueca.com/autor/luis-gausach/,"<p>La salvaje, es la historia de una niña que quedó huérfana a la edad de trece años.</p>
<p>Cuando los indios mataron a toda su familia. Tuvo que aprender a sobrevivir y defenderse con flechas y cuchillos.</p>
<p>Con dieciséis años, logró matar ella sola, a los indios que habían matado a su familia. Más tarde marchó en busca de la civilización y consiguió fundar la primera empresa de comida envasada de EE. UU</p>
<p>La familia Bedford - Mackenna, es una de las más ricas del mundo. Algunos de sus hijos y nietos, son hoy en día miembros del senado.</p>","La salvaje, es la historia de una niña que quedó huérfana a la edad de trece años. Cuando los indios mataron a toda su familia. Tuvo que aprender a sobrevivir y defenderse con flechas y cuchillos. Con dieciséis años, logró matar ella sola,…",,622,https://editoriallarueca.com/wp-content/uploads/FotoLuisGaushac.jpg,,,publish,legacy_author_book_combined,tf_libro poblado,,book_synopsis,medium,,,
author:563,563,Ana Córdoba del Campo,ana cordoba del campo,ana-cordoba-del-campo,ana-cordoba-del-campo,https://editoriallarueca.com/autor/ana-cordoba-del-campo/,"<p>« Se trata de un libro de poesía, que habla sobre todo del amor, de los sentimientos, de la soledad, de fracasos y éxitos. Sentimientos de cosas vividas en primera y tercera persona. Nuestras vivencias y lo que nos rodea, de lo que leemos o vemos en la televisión.</p>
<p>Ambos transitamos el mismo espacio hacia el refugio errático donde habita nuestro yo más íntimo. Cada uno a su paso.</p>
<p>Ana hace una poesía muy fresca, tiene prisa para que lo que siente no se pierda. En su fragilidad aparente oculta mucha fuerza: versos recién hechos que huelen a ella.  Ángel anda despacio entre la incertidumbre, fiel a sí mismo en cada letra, como la sangre que lo llena. A pesar de su diferencia de edad, quedaron cruzados en este bonito camino de las letras, tienen las mismas raíces y eso se nota. Pasa, esta es tu casa, saboréalo»</p>","« Se trata de un libro de poesía, que habla sobre todo del amor, de los sentimientos, de la soledad, de fracasos y éxitos. Sentimientos de cosas vividas en primera y tercera persona. Nuestras vivencias y lo que nos rodea, de lo que leemos…",,617,https://editoriallarueca.com/wp-content/uploads/fotoAna.jpg,,,publish,legacy_author_book_combined,tf_libro poblado,possible-author:ana cordoba del campo,book_synopsis,medium,,,
author:565,565,Verónica Gómez-Acebo,veronica gomez acebo,veronica-gomez-acebo,veronica-gomez-acebo,https://editoriallarueca.com/autor/veronica-gomez-acebo/,"<p>Cocina para personas muy ocupadas en sus quehaceres profesionales alejados de los fogones y faltas de tiempo para ir aquí o allí a comprar esto o aquello o para navegar en internet para adquirirlo.</p>
<p style=""text-align: right;""><em> Rosa Tovar</em></p>
<p>Un libro de  recetas fáciles y rápidas de elaborar, saludables y variadas, algunas de toda la vida y otras mas modernas, todas ellas adaptadas a nuestro tiempo.</p>
<p>Recetas “todo en uno” en las que con escasos conocimientos gastronómicos,  una sola cazuela o fuente de horno adecuada y una cuidada presentación el éxito está asegurado.</p>
<p>Recetas con un “toque” para salir de la rutina, para convertir un simple filete o incluso un repollo en un plato apetecibe y divertido.</p>
<p>Y quizás tengamos el placer de escuchar a los nuestros decir:</p>
<p>¡Qué bien se come en casa!</p>",Cocina para personas muy ocupadas en sus quehaceres profesionales alejados de los fogones y faltas de tiempo para ir aquí o allí a comprar esto o aquello o para navegar en internet para adquirirlo. Rosa Tovar Un libro de recetas fáciles y…,,636,https://editoriallarueca.com/wp-content/uploads/FotoVeronica.jpg,,,publish,legacy_author_book_combined,tf_libro poblado,,book_synopsis,medium,,,
author:568,568,Jaime Caba,jaime caba,jaime-caba,jaime-caba,https://editoriallarueca.com/autor/jaime-caba/,"<p><strong>Cuando su mirada pasaba por Halley</strong>, es un viaje introspectivo de años donde los contrastes que se desarrollan en el transcurso de la historia, son por medio del estado emocional de nuestro protagonista Halley, siendo la emoción un acceso a portales y lugares donde aprender.</p>
<p>El dominio o gestión emocional le concede llaves con la posibilidad de llegar a su hogar, la Casa de los Cuerpos Celestes, ese lugar de divinidad, donde la estabilidad emocional genera una plena consciencia de la realidad y un bienestar, revelando nuestra verdadera identidad.</p>
<p>La acción-reacción de nuestro Cometa será decisiva para estar en órbita y regresar a Casa, para eso pasará por distintos escenarios de confrontación, donde la profundidad y sensibilidad serán esa guía que le permita aprender en ese lugar de inconsciencia conocido como Planeta Tierra, en este la intención nos filtra en ciclos tiempo.</p>","Cuando su mirada pasaba por Halley , es un viaje introspectivo de años donde los contrastes que se desarrollan en el transcurso de la historia, son por medio del estado emocional de nuestro protagonista Halley, siendo la emoción un acceso…",,604,https://editoriallarueca.com/wp-content/uploads/JaimeCaba.jpg,,,publish,legacy_author_book_combined,tf_libro poblado,,book_synopsis,medium,,,
author:571,571,Antoñita la Fantástica,antonita la fantastica,antonita-la-fantastica,antonita-la-fantastica,https://editoriallarueca.com/autor/antonita-la-fantastica/,"<p><span style=""font-weight: 400;"">Presentación del libro </span></p>
<p><span style=""font-weight: 400;"">Desde Barcelona con Amor.</span></p>
<p><span style=""font-weight: 400;"">Antes de seguir, muchas gracias por el interés de leer, mis relatos que se podrían calificar como “delirios cervantinos” o  divertimentos literarios.</span></p>
<p><span style=""font-weight: 400;""> Yo me defino como una escritora más bien “casual y de cercanías”, por lo tanto el evento de presentar mi libro, se lo dejo para los genios de la literatura, como Almudena Grandes o Eduardo  Mendoza.</span></p>
<p><span style=""font-weight: 400;"">El título “Desde Barcelona con Amor” es un poco la consecuencia, del aburrimiento de estar continuamente escuchando noticias negativas sobre Barcelona.</span></p>
<p><span style=""font-weight: 400;"">Escribo bajo seudónimo, porque mi nombre real no es nada glamuroso, y me sirve de nexo para conectarme con los diferentes protagonistas de mis relatos, así pues, yo siempre aparezco, de alguna forma, dentro de mis historias, aunque sea fugazmente.</span></p>
<p>&nbsp;</p>
<p><span style=""font-weight: 400;"">Me inspira “La Cubana”, compañía teatral.</span></p>
<p><span style=""font-weight: 400;"">Esa locura de que los actores, actrices interactúen con el público, que los espectadores  formen parte de la obra me fascina, me parece una genialidad, esa capacidad que tienen para inventar y desarrollar otras formas de hacer teatro, de representar un musical,  es maravillosamente admirable.</span></p>
<p><span style=""font-weight: 400;"">Esa frescura y espontaneidad con la que se mueven los actores y actrices sobre el escenario o por el patio de butacas, qué no sabes bien si estás asistiendo a un ensayo  o a la primera representación, es de una sencillez extraordinaria, y da igual que vayas una vez, que lo hagas seis, siempre es la misma sensación.</span></p>
<p><span style=""font-weight: 400;"">¿¡Es un ensayo o la primera representación!?</span></p>
<p><span style=""font-weight: 400;"">Ese es el dinamismo  del cual a mí me gustaría impregnar a mis personajes, todos están en mi cabeza, por lo tanto todos forman parte del relato incluida la voz en off.</span></p>
<p><span style=""font-weight: 400;"">La película La Rosa Púrpura del Cairo, tiene este giro de guión, donde un actor sale de la pantalla del cine para hablar con una espectadora.</span></p>
<p>&nbsp;</p>
<p><span style=""font-weight: 400;"">Resumiendo mucho, yo “hago una caricatura de la huella emocional -de la ingenuidad- de mis personajes”</span></p>
<p><span style=""font-weight: 400;"">Normalmente son los padres, las madres quienes  leen a los niños antes de ir a dormir. Este libro está pensado, al revés, para que sean las niñas o los niños  quienes se lo lean a ellos, o a otros niños, o a sus abuelos. De modo que está escrito para leerlo en voz alta, para ser escuchado. La tonalidad, el énfasis, varía si leemos de viva voz o solo para nosotros. </span></p>
<p><span style=""font-weight: 400;"">Por supuesto, cada cual que lo lea como más le guste, pero que lo lea.</span></p>
<p><span style=""font-weight: 400;"">P.D. Creo que el único que no se debería leer en voz alta es, “Almas románticas”  quizás sea más intimista. </span></p>
<p><span style=""font-weight: 400;"">Cada uno de nosotros tenemos nuestra  huella emocional, ese modo de ser o de actuar, esa primera impresión por la cual nos identifican, o  reconocemos en los demás, ese ligero trazo que destaca de su personalidad. </span></p>
<p><span style=""font-weight: 400;"">Personalmente me llama mucho la atención, ese rasgo de nuestro carácter, que es la ingenuidad mezclada con el razonamiento empírico, por ejemplo.</span></p>
<p><span style=""font-weight: 400;"">Todos sabemos lo que es un chaleco salvavidas, por lo tanto, si tú te pones un cha-le-co-sal-va-vi-das, sin importar cuál sea tu situación de riesgo, ya sea dentro del coche, escalando, yendo en bici, en el avión, se supone que tu vida no corre peligro, tranquilo, tranquila llevas un chaleco salvavidas, ¡nada malo te puede pasar! Los personajes son próximos y ligeros, escribo como si tú formaras parte de la historia, por ello no son necesarias las descripciones, cada quién que decida como son, quizás te recuerdan a alguien que conoces ya sea cercano o lejano, o simplemente a ti mismo.</span></p>
<p><span style=""font-weight: 400;"">Y como dijo el gurú de La Moncloa, en ese momento estelar “Urbi et orbi “</span></p>
<p><span style=""font-weight: 400;"">- Todo es cierto, salvo algunas cositas, y lo segundo, ya tal -fin de la cita-.</span></p>
<p><span style=""font-weight: 400;"">Mis personajes están inspirados en personas reales hasta el punto de conservar sus nombres originales.</span></p>
<p><span style=""font-weight: 400;"">La primera sensación que transmiten, es su “candor”, ese coctel de inocencia, ausencia de malicia e hipocresía, esta marca emotiva, es el nexo entre todos ellos.</span></p>
<p><span style=""font-weight: 400;"">¿Qué es el candor?</span></p>
<p><span style=""font-weight: 400;"">Cuando tus llegas a casa de tu amiga y su hija de cinco años te dice.</span></p>
<p><span style=""font-weight: 400;"">-“Mira, tengo una cajita llena de varitas mágicas”.</span></p>
<p><span style=""font-weight: 400;"">Y al abrirla ves que son cucharillas de café con leche y que además está completamente convencida, que lo que hay dentro de los lápices, no es la tinta, sino que son letras y números , y se coloca delante de ti y te explica su teoría por la cual llegó a esa conclusión, ¿qué puedes hacer? -Nada, solo dejarte envolver por esa cálida sensación de ternura, para que quede grabada para siempre en la memoria emotiva de tus recuerdos.</span></p>
<p><span style=""font-weight: 400;"">Karla mi querida Karla, eres  el candor personificado y mi musa, al igual que el resto de todos los niños y niñas que conozco o con los cuales me cruzo en mi día a día.</span></p>
<p>&nbsp;</p>
<p><span style=""font-weight: 400;"">Os hago un resumen muy breve de qué o quién me inspiró mis relatos.</span></p>
<p>&nbsp;</p>
<p><span style=""font-weight: 400;"">I-El Conseguidor de sueños. La primera parte, es el peculiar tour turístico por Barcelona  de Michel. Él es un parisino que un día viene a conocer Barcelona y le gustó tanto que se queda a vivir en ella... Es profesor de francés, la singular forma de enseñar su idioma, sus clases y sus alumnos me inspiraron la segunda parte del relato.</span></p>
<p><span style=""font-weight: 400;"">III-México-Venecia Teotihuacán. -Sale de una cena que tuve con mis amigos mexicanos, en Barcelona vísperas de Sant Jordi. Humberto me pregunta si habría mucha gente en la calle, que si eso sucede él no piensa salir del hotel. Roxana, su mujer, y yo nos miramos extrañadas, en el D.F, que es donde viven, tienen tantos habitantes como toda Cataluña (8 millones de personas) y para más inri, a los tres días se iban a Venecia. Y de ese momento saqué esta historia. Cuando estamos muy agobiados, ¡a toditos todas nos gustaría irnos a una isla! Y que esté bien lejos de nuestro lugar de residencia, también deseamos viajar o irnos a vivir fuera de nuestra ciudad o país, tenemos ansias de conocer mundo, para después pasar nuestra estancia buscando comidas, bebidas, lugares, etc. que nos recuerden a nuestro lugar de origen. Que es lo que hace Humberto en la primera parte.</span></p>
<p><span style=""font-weight: 400;"">La segunda y tercera parte es cuando se manifiesta en nosotros el síndrome de Cristóbal Colón, descubriendo nuestro país y sentimos esa imperativa necesidad de contárselo a los demás, porque creemos que somos los primeros en verlo. Creo que ahora se llama instagram.</span></p>
<p>&nbsp;</p>
<p><span style=""font-weight: 400;"">IV-Súper Mario ya tiene quién le escriba-</span></p>
<p><span style=""font-weight: 400;"">Bueno la primera parte, versa, sobre esa situación de tener un encargo literario, tener una fecha de entrega, pero la inspiración se ha esfumado y la pereza ha Okupado tu mente, y no sabes por dónde empezar. Tu agente literario, te recuerda cada día que el tiempo pasa y no ve ningún progreso. .. da la impresión que haya mutado en el cobrador del frac.</span></p>
<p><span style=""font-weight: 400;"">P.D.-La escena del parto y el cordón umbilical es verídico, y lo he resumido, porque el catálogo continuaba, por lo visto en las privadas el parto no solo es sin dolor, sino que además es un espectáculo. Te lo pueden filmar, ¿crees que la banda sonora será la original, con subtítulos? ¿Aparecerá en un recuadrito el traductor para sordos? lo dejo aquí, porque ya mi mente empieza a imaginar.</span></p>
<p><span style=""font-weight: 400;"">La segunda parte es la que realmente está vinculada al titulo.</span></p>
<p><span style=""font-weight: 400;"">La situación es la siguiente, padres y madres que van a merendar a la cafetería con sus respectiva hijas, Clara (siempre con sus cascos puestos) y Ainhoa, que a su vez son muy amiguitas.</span></p>
<p><span style=""font-weight: 400;"">Uno de los padres Jordi alias “Súper Mario” es reformador de grandes edificios, y va vestido tal cual, solo le falta el casco. Su mujer Neus –Maria de las Nieves-investigadora en el Banco de Sangre en Barcelona-</span></p>
<p><span style=""font-weight: 400;"">Conversación-</span></p>
<p><span style=""font-weight: 400;"">-Jordi necesito unas vacaciones, ya, estoy muy cansada.</span></p>
<p><span style=""font-weight: 400;"">-¿Qué os parece -dice la mamá de Carla- si hacemos un crucero los cuatro juntos?</span></p>
<p><span style=""font-weight: 400;"">-¿Qué haces Jordi? -le pregunta su mujer Neus</span></p>
<p><span style=""font-weight: 400;"">-Mirar si alguien me había escrito- Esta frase es la que me dio el pie para el título del relato.</span></p>
<p><span style=""font-weight: 400;"">Como anécdota os diré que en este relato, hay un momento que aparece una “marcianita”, existe realmente, pero no sé quién es. Desde mi trabajo veo  cada día asomarse a la ventana, del edificio de enfrente, una joven  vestida de verde a fumar su cigarrillo, y me pareció original darle su minuto de gloria. Creo, por los ademanes, que es una mujer, seguro no lo sé.</span></p>
<p><span style=""font-weight: 400;"">V-Tierras de almas románticas.</span></p>
<p><span style=""font-weight: 400;"">Se me ocurrió viendo un día “Firts Dates” o esas aplicaciones para buscar pareja. Siento un poquito de pena hacia ellos y ellas, pues dan la impresión que un día se fueron hacer recados y  en su lista estaba </span></p>
<p><span style=""font-weight: 400;"">“ir a buscar el amor” como hace la mariposa en la primera parte.</span></p>
<p><span style=""font-weight: 400;"">La segunda parte, es muy cortita, pero trata de la desesperación que se sufre, cuando tienes que dejar a tu pareja, en busca de un futuro mejor para ambos.</span></p>
<p><span style=""font-weight: 400;"">Y la tercera versa sobre el desamor, sobre todo si te enamoras de quién no debes o no eres correspondido.</span></p>
<p><span style=""font-weight: 400;"">Para mí el romanticismo es un estilo de vida, igual que es ser gótico, vegetariano. . . creo que se podría definir, por la serenidad, la cortesía y la elegancia tanto en las formas como en las emociones.</span></p>
<p><span style=""font-weight: 400;"">El segundo relato.</span></p>
<p><span style=""font-weight: 400;""> II-Crónicas de la señora Cinesa -lo dejè expresamente para el final, mi primer escrito y el que es más personal, lo considero un relato de auto-ayuda, al menos par mí, así lo fue. Tanto las películas, como las notas, fueron en su momento esos “clavos ardiendo”, a los cuales me tuve que aferrar para hacer mi “remontada vital”. Os acordáis de aquella secuencia de la película La Tormenta Perfecta-donde el capitán tiene delante de él, una ola de 30 metros de altura, pone el motor a toda máquina mientras, se aferra al timón con todas sus fuerzas, implorando a su Dios y a todos sus seres queridos, vivos y fallecidos, que le ayuden, porque todavía le queda mucha vida por delante, pues esa fue mi situación durante dos años, otro año más tocando  fondo y tres de remontada. Hubo un momento de conjunción de estrellas y no fue para bien.</span></p>
<p><span style=""font-weight: 400;""> Coincide con la crisis económica, social, emocional.</span></p>
<p><span style=""font-weight: 400;"">Y hasta aquí puedo escribir</span></p>
<p><span style=""font-weight: 400;"">Gracias de nuevo por vuestro interés y sobre todo por vuestro tiempo</span></p>
<p><span style=""font-weight: 400;"">Un afectuoso saludo.</span></p>
<p><span style=""font-weight: 400;"">Antoñita La fantástica.</span></p>
<p>&nbsp;</p>","Presentación del libro Desde Barcelona con Amor. Antes de seguir, muchas gracias por el interés de leer, mis relatos que se podrían calificar como “delirios cervantinos” o divertimentos literarios. Yo me defino como una escritora más bien…",,574,https://editoriallarueca.com/wp-content/uploads/w_DesdeBCNconAmor_dibujo-1.jpg,,,publish,author_only_candidate,tf_libro vacío,,author_bio,medium,,,
author:575,575,Carlos Ríos Camacho,carlos rios camacho,carlos-rios-camacho,carlos-rios-camacho,https://editoriallarueca.com/autor/carlos-rios-camacho/,"<p><strong>LA TRENZA DORADA Y OTROS RELATOS PARA TIEMPOS NUEVOS</strong> es un conjunto de narraciones cortas donde se exponen una serie de historias literarias muy variadas que nos pueden trasladar a nuestra propia infancia, la España de Carlos III, el mundo de los castros en la Gallaecia Antigua, el universo wagneriano de un muy actual Tannhäuser,  el hidalgo Camacho que quiere aclarar las cosas con el Quijote,  entre otros mundos a los que desde la imaginación y experiencia histórico-literaria es posible acceder para no perder nuestras referencias como personas y pueblo. Preparar un Tiempo Nuevo que mira desde el pasado y presente, al futuro.</p>
<p>Ilustraciones del pintor y dibujante Mariano De Souza.</p>
<p>LA TRENZA DORADA. En los momentos de la conquista romana de las poblaciones galaicas, el poblado de Medulio resiste ante las legiones romanas. A las tribus de los Arnacht y Gussen, del pueblo gigurro, no les queda otra opción que la de centrarse en sus propias tradiciones y modo de ver la vida ante una conquista que no sólo va a ser militar. Okera y Aret sostienen los símbolos perennes del amor, la belleza y la identidad.</p>","LA TRENZA DORADA Y OTROS RELATOS PARA TIEMPOS NUEVOS es un conjunto de narraciones cortas donde se exponen una serie de historias literarias muy variadas que nos pueden trasladar a nuestra propia infancia, la España de Carlos III, el mundo…",,595,https://editoriallarueca.com/wp-content/uploads/FotoCarlosRios.jpg,,,publish,legacy_author_book_combined,tf_libro poblado,,book_synopsis,medium,,,
author:589,589,Antonio Lorenzo Gómez Charlín,antonio lorenzo gomez charlin,antonio-lorenzo-gomez-charlin,antonio-lorenzo-gomez-charlin,https://editoriallarueca.com/autor/antonio-lorenzo-gomez-charlin/,"<p><strong><em>Réquiem por un escritor desconocido, </em></strong>es un libro que transcurre en tres planos temporales; el pasado, el futuro y el presente. La primera parte del libro titulada <em>El descubrimiento de la soledad</em>, narra la infancia, la adolescencia y el comienzo de la madurez, con el telón de fondo del deporte de élite, la formación como escritor autodidacta, el sexo y los primeros desengaños vitales. La segunda parte titulada<em> Las heridas del tiempo, </em>narra la vejez del protagonista, cuya obra ha caído en el olvido, excepto uno de sus libros, que tiene un éxito inesperado. Espoleado por una joven descarada y talentosa, el viejo escritor acaba entregando su diario de la pandemia, en donde narra su particular confinamiento y sus reflexiones sobre la vida y la literatura, en medio del caos de muertos y contagiados, con una prosa contaminada por la lectura y la sombra siempre sospechosa de ser un escritor desconocido.</p>","Réquiem por un escritor desconocido, es un libro que transcurre en tres planos temporales; el pasado, el futuro y el presente. La primera parte del libro titulada El descubrimiento de la soledad , narra la infancia, la adolescencia y el co…",,591,https://editoriallarueca.com/wp-content/uploads/FotoCharlin.jpg,,,publish,legacy_author_book_combined,tf_libro poblado,,book_synopsis,medium,,,
author:592,592,José Argimiro Cordobés Pérez,jose argimiro cordobes perez,jose-argimiro-cordobes-perez,jose-argimiro-cordobes-perez,https://editoriallarueca.com/autor/jose-argimiro-cordobes-perez/,"<p>A los padres y madres que dedicaron los mejores años de du vida en engrandecer la de sus hijos y no tuvieron un reconocimiento como el que pretende esta obra.</p>
<p>&nbsp;</p>",A los padres y madres que dedicaron los mejores años de du vida en engrandecer la de sus hijos y no tuvieron un reconocimiento como el que pretende esta obra. &nbsp;,,594,https://editoriallarueca.com/wp-content/uploads/FotoArgimiroPortada.jpg,,,publish,legacy_author_book_combined,tf_libro poblado,,book_synopsis,medium,,,
author:596,596,Fernando Grijalba,fernando grijalba,fernando-grijalba,fernando-grijalba,https://editoriallarueca.com/autor/fernando-grijalba/,"<p>Macarena es enfermera. Tras haber pasado por otros tantos destinos es contratada en el hospital comarcal de Miranda de Ebro.</p>
<p>Cuando una compañera la pide un cambio de turno no puede negarle el favor y la sustituye en Urgencias. La tarde transcurría tranquila hasta que una llamada telefónica les alerta de un terrible accidente. Dos ambulancias trasladan a las víctimas hasta el hospital y Maca, no pudiendo soportar la escena, entra en shock y tiene que ser atendida por sus compañeros. Aquella hilera de figuras inertes le hace rememorar otro desagradable episodio, motivo por el cual siente cómo su cuerpo se queda paralizado y su mente nublada hasta el extremo de caer desplomada.</p>",Macarena es enfermera. Tras haber pasado por otros tantos destinos es contratada en el hospital comarcal de Miranda de Ebro. Cuando una compañera la pide un cambio de turno no puede negarle el favor y la sustituye en Urgencias. La tarde tr…,,597,https://editoriallarueca.com/wp-content/uploads/FotoFernandgrijalba.jpg,,,publish,legacy_author_book_combined,tf_libro poblado,,book_synopsis,medium,,,
author:598,598,Fran García Quinto,fran garcia quinto,fran-garcia-quinto,fran-garcia-quinto,https://editoriallarueca.com/autor/fran-garcia-quinto/,"<p>El hallazgo  intelectivo no es la brújula que orienta los pasos perdidos del autor sobre los infinitos campos por los que se dispersa a través de las palabras, en un viaje solo de ida por la angosta senda del perfeccionamiento ascético. Tal vez sí la recreación de un mundo perdido que sólo existe ya en el corazón del tiempo, la eterna duda sobre la expresión adecuada y el horizonte circunspecto. La necesidad de encontrar, mediante la fórmula del extrañamiento, una verdad más clara pero a la vez menos evidente. Adéntrate en la vastedad de los dominios de esas tierras sin dueño a las que alude el poeta y piérdete para encontrarte en la imaginación resultante de un proceso cuyo resultado no importa.</p>","El hallazgo intelectivo no es la brújula que orienta los pasos perdidos del autor sobre los infinitos campos por los que se dispersa a través de las palabras, en un viaje solo de ida por la angosta senda del perfeccionamiento ascético. Tal…",,600,https://editoriallarueca.com/wp-content/uploads/FotoFran.jpg,,,publish,legacy_author_book_combined,tf_libro poblado,,book_synopsis,medium,,,
author:601,601,Francisca Martín-Cano Abreu,francisca martin cano abreu,francisca-martin-cano-abreu,francisca-martin-cano-abreu,https://editoriallarueca.com/autor/francisca-martin-cano-abreu/,"<p>La inconografía erótica románica, –tanto la que refleja sin enmascarar actos sexuales explícitos–, como la descalificada como «Bestiaro» –con sentido sexual-metafórico–, muestran gran fealdad, pero no por ello dejó de impactar profundamente en todas las producciones humanas.</p>
<p>Su osadía provocó cambios afortunados, que contrarrestaron la aberrante represión sexual ejercida por los eclesiásticos cristianos, lo que contribuyó a cumplir con el deseo transformador templario y que supuso el principal motor de sus vidas: ejercer un efecto liberalizador en las conciencias de los contempladores e impulsar su libertad sexual.</p>
<p>Y gracias a ello, los occidentales de la cristiandad, 900 años después, pueden disfrutar de su derecho biológico a la libre gratificación sexual como Derecho Humano Universal a respetar.</p>
<p>¡Gracias Caballeros y Damas del Temple, por legar a la posteridad tantas escenas sexuales y tantos monstruitos simbólicos, que nos han proporcionado la oportunidad y el derecho a disfrutar de libertad sexual!</p>","La inconografía erótica románica, –tanto la que refleja sin enmascarar actos sexuales explícitos–, como la descalificada como «Bestiaro» –con sentido sexual-metafórico–, muestran gran fealdad, pero no por ello dejó de impactar profundament…",,603,https://editoriallarueca.com/wp-content/uploads/fotoFrancisca-1.jpg,,,publish,legacy_author_book_combined,tf_libro poblado,,book_synopsis,medium,,,
author:606,606,Mauro Escobar,mauro escobar,mauro-escobar,mauro-escobar,https://editoriallarueca.com/autor/mauro-escobar/,"<p>Asier sufre un accidente en el que pierde la consciencia. Cuando por fin despierta está en el hospital. Su compañero de habitación en un hombre mayor, Adonis Martín, un aristócrata lleno de tristeza y nostalgia que le cuenta la historia de Antonio, su nieto desaparecido.</p>
<p>Durante unas vacaciones en el sur de Chile, Antonio conoce a Charlotte. Impresionado por su luminosa belleza se convierten en amigos inseparables ese verano.</p>
<p>Muchos años después y ya en la madurez ambos se vuelven a encontrar en otro verano que cambiará sus vidas para siempre.</p>
<p>Charlotte viene en compañía de gente muy poderosa y su comportamiento con Antonio oscila entre el amor y una indiferencia poco convincente.</p>
<p>Años después Charlotte es encontrada muerta en su casa de Santiago.</p>
<p>Antonio emprende una investigación que le llevará hasta Londres a descubrir que fue asesinada para ocultar un secreto.</p>
<p>Toda esta investigación Antonio la escribió en unos diarios que Adonis Martín llevó consigo hasta el sur de Chile.</p>
<p>Y hasta allá viaja Asier, periodista, curtido como corresponsal en las guerras de Oriente Medio a recuperar esos diarios y la historia de Charlotte y Antonio.</p>
<p>Mauro Escobar Parada, (1963, Concepción - Chile), nos cuenta las vidas de dos personas cuyas vidas se cruzan con las de unos personajes que detentan un poder que no va a consentir que se conozca la verdad.Ni la de ayer, ni la de ahora.</p>","Asier sufre un accidente en el que pierde la consciencia. Cuando por fin despierta está en el hospital. Su compañero de habitación en un hombre mayor, Adonis Martín, un aristócrata lleno de tristeza y nostalgia que le cuenta la historia de…",,608,https://editoriallarueca.com/wp-content/uploads/FotoMauro.jpg,,,publish,legacy_author_book_combined,tf_libro poblado,,book_synopsis,medium,,,
author:609,609,Karlos de Oro,karlos de oro,karlos-de-oro,karlos-de-oro,https://editoriallarueca.com/autor/karlos-de-oro/,"<p><strong> </strong></p>
<p>Un joven Juez  destinado en un olvidado pueblo del sur -y arto de su monótona vida-, descubrirá, al acudir al levantamiento rutinario de un presunto suicidio, un diario que el fallecido escribía cuando murió. Al tomarlo como presunta prueba, olvidará depositarlo en el juzgado, y  así comenzará su lectura.  El diario, una divertida mezcla de relato de viajes, experiencia intimas amorosas y novela de costumbres a <em>medio escribir</em>, hará que el protagonista reconsidere su vida, y la haga tomar unas decisiones que jamás pensó, sobre todo descubrir en él un secreto que le atañe directamente.</p>
<p>Escrita como un juego de cajas chinas o muñecas rusas, la acción trascurre en tres niveles –y épocas diferentes- que se solapan  e interactúan entre ellos hasta encajar el final.</p>
<p><em>Divertida y ocurrente –sin duda alguna culta-  resulta  agradable  y de fácil lectura </em></p>","Un joven Juez destinado en un olvidado pueblo del sur -y arto de su monótona vida-, descubrirá, al acudir al levantamiento rutinario de un presunto suicidio, un diario que el fallecido escribía cuando murió. Al tomarlo como presunta prueba…",,611,https://editoriallarueca.com/wp-content/uploads/FotoKarlos.jpg,,,publish,legacy_author_book_combined,tf_libro poblado,,book_synopsis,medium,,,
author:619,619,Ángel García Muñoz,angel garcia munoz,angel-garcia-munoz,angel-garcia-munoz,https://editoriallarueca.com/autor/angel-garcia-munoz/,"<p>« Se trata de un libro de poesía, que habla sobre todo del amor, de los sentimientos, de la soledad, de fracasos y éxitos. Sentimientos de cosas vividas en primera y tercera persona. Nuestras vivencias y lo que nos rodea, de lo que leemos o vemos en la televisión.<br />Ambos transitamos el mismo espacio hacia el refugio errático donde habita nuestro yo más íntimo. Cada uno a su paso.<br />Ana hace una poesía muy fresca, tiene prisa para que lo que siente no se pierda. En su fragilidad aparente oculta mucha fuerza: versos recién hechos que huelen a ella. Ángel anda despacio entre la incertidumbre, fiel a sí mismo en cada letra, como la sangre que lo llena. A pesar de su diferencia de edad, quedaron cruzados en este bonito camino de las letras, tienen las mismas raíces y eso se nota. Pasa, esta es tu casa, saboréalo»</p>","« Se trata de un libro de poesía, que habla sobre todo del amor, de los sentimientos, de la soledad, de fracasos y éxitos. Sentimientos de cosas vividas en primera y tercera persona. Nuestras vivencias y lo que nos rodea, de lo que leemos…",,621,https://editoriallarueca.com/wp-content/uploads/FotoAngel.jpg,,,publish,legacy_author_book_combined,tf_libro poblado,,book_synopsis,medium,,,
author:623,623,Norberto Domínguez Jurado,norberto dominguez jurado,norberto-dominguez-jurado,norberto-dominguez-jurado,https://editoriallarueca.com/autor/norberto-dominguez-jurado/,"<p>Parafrasear a <em>John Muir </em>quizás sea la mejor opción para describir el valor de nuestra <em>educación</em>, de los cimientos de la <em>sociedad</em>. En una realidad que cambia constantemente, plagada de <em>emoticonos</em> de colores y <em>redes</em> que no están hechas precisamente de cabos entrelazados, la labor docente adquiere un significado diferente: <em>somos el futuro de nuestro futuro</em>.</p>
<p>Atender a estas circunstancias responde también al valor que nuestros actos, en cualquiera de sus dimensiones, pueda calar en la figura del alumnado. El conocimiento de términos relacionados con las <em>materias</em> que inundan el currículo, las <em>competencias</em> que lo complementan y las <em>anécdotas</em> como historias de vida servirán como punto de partida. El profesorado asume ahora la función de <em>guía</em> en un entramado social, cultural y familiar cada vez más contemporáneo. <strong><em>El momento es ahora</em></strong>.</p>","Parafrasear a John Muir quizás sea la mejor opción para describir el valor de nuestra educación , de los cimientos de la sociedad . En una realidad que cambia constantemente, plagada de emoticonos de colores y redes que no están hechas pre…",,625,https://editoriallarueca.com/wp-content/uploads/FotoNorberto.jpg,,,publish,legacy_author_book_combined,tf_libro poblado,possible-author:norberto dominguez jurado,book_synopsis,medium,,,
author:628,628,María Dolores Castellón Pérez,maria dolores castellon perez,maria-dolores-castellon-perez,maria-dolores-castellon-perez,https://editoriallarueca.com/autor/maria-dolores-castellon-perez/,"<p><strong><em>Julio Robles García. Compositor</em></strong>, es el resultado de siete años de investigación que dieron como fruto un trabajo de tesis doctoral que tras su defensa obtuvo la calificación de Sobresaliente Cum Laude por parte del tribunal. En este libro podemos encontrar todos los aspectos más relevantes de dicha tesis. Aunque invitamos a leer el original de 967 páginas, y todos los artículos relacionados con esta investigación en Internet<a href=""#_ftn1"" name=""_ftnref1""><sup>[1]</sup></a></p>
<p>A lo largo de este libro realizaremos un recorrido por la biografía, catalogación y el análisis de la obra del compositor español Julio Robles García. Y comprobaremos cómo sus composiciones tienen influencias de la música rusa. También veremos cómo el mecenazgo, la creación de nuevos públicos y los conciertos son una base fundamental para que la obra de un compositor dure en el tiempo. Y habrá otras sorpresas que esperan en el interior de este libro. ¡No os las podéis perder!</p>
<p>&nbsp;</p>","Julio Robles García. Compositor , es el resultado de siete años de investigación que dieron como fruto un trabajo de tesis doctoral que tras su defensa obtuvo la calificación de Sobresaliente Cum Laude por parte del tribunal. En este libro…",,630,https://editoriallarueca.com/wp-content/uploads/Loli-Castellon.jpg,,,publish,legacy_author_book_combined,tf_libro poblado,possible-author:maria dolores castellon perez,book_synopsis,medium,,,
author:633,633,Alonso Cruz León,alonso cruz leon,alonso-cruz-leon,alonso-cruz-leon,https://editoriallarueca.com/autor/alonso-cruz-leon/,"<p>La foto de la Tierra desde los confines del sistema solar, saber que la Tierra (la Earth Ship) vuela alrededor del sol a 30 kms. Por segundo, saber que los viajeros han crecido en el último siglo de 2.000 a 7.800 millones y saber que los mandos de la nave están en manos de ateos y laicistas que cabalgan al monstruo llamado demiurgo-dinero, todo ello adobado por el dicho de Plauto: homo homini lupus, auguran un nuevo orden mundial NOM, profelizado por Zamiatin (WE), Aldous Huxley (Mundo Feliz) y George Orwell (Animal Farm).</p>","La foto de la Tierra desde los confines del sistema solar, saber que la Tierra (la Earth Ship) vuela alrededor del sol a 30 kms. Por segundo, saber que los viajeros han crecido en el último siglo de 2.000 a 7.800 millones y saber que los m…",,634,https://editoriallarueca.com/wp-content/uploads/FotoAlonsoOK.jpg,,,publish,legacy_author_book_combined,tf_libro poblado,possible-author:alonso cruz leon,book_synopsis,medium,,,
author:637,637,Antonio López Hurtado,antonio lopez hurtado,antonio-lopez-hurtado,antonio-lopez-hurtado,https://editoriallarueca.com/autor/antonio-lopez-hurtado/,"<p>Antonio López Hurtado, nacido en Madrid en 1943. Hizo el bachillerato en el Colegio de la Sagrada Familia de Madrid y luego obtuvo el título de  Ingeniero Superior de Telecomunicación por la escuela Técnica Superior de Ingenieros de Telecomunicación. Trabajó en Standard Eléctrica S.A. y actualmente esta jubilado.       </p>
<p>Ha hecho investigaciones sobre muchas materias relacionadas con Moralzarzal y lo tiene plasmado en un sitio web llamado conocermoralzarzal.es, en el que se pueden ver las investigaciones y conocimientos desarrollados, sobre historia, fauna, flora, costumbres y tradiciones, el mundo del agua y senderismo.          Esta  casado y tiene tres hijos y dos nietos.    </p>
<p>Ha sido autor, en compañía de otro vecino de Moralzarzal llamado Miguel Ángel Soto Caba, del libro ""Moralzarzal, Crónicas del agua"", y ha participado en la elaboración del libro ""Recursos Patrimoniales de Moralzarzal"",  también ha hecho trabajos de investigación de recursos mineros de este pueblo publicados en la revista de la Sociedad Española para la defensa del Patrimonio geológico y minero.</p>","Antonio López Hurtado, nacido en Madrid en 1943. Hizo el bachillerato en el Colegio de la Sagrada Familia de Madrid y luego obtuvo el título de Ingeniero Superior de Telecomunicación por la escuela Técnica Superior de Ingenieros de Telecom…",,639,https://editoriallarueca.com/wp-content/uploads/Antonio-Zarate.jpg,,,publish,legacy_author_book_combined,tf_libro poblado,,book_synopsis,medium,,,
author:640,640,JChamCri,jchamcri,jchamcri,jchamcri,https://editoriallarueca.com/autor/jchamcri/,"<p>Escritora novel que se decide a publicar su primera obra a pesar de que, como ella dice, empezó a escribir historias incluso antes de saber leer y de ir al colegio.</p>
<p>Ella lo explica así: ""Con tres años inventaba historias y tenía un público de niñas de mi edad que venían a escucharme"".</p>
<p>Nos presenta un poemario de rima clásica, aunque de corte personal que recoge su niñez y el desarraigo al emigrar a Francia.</p>","Escritora novel que se decide a publicar su primera obra a pesar de que, como ella dice, empezó a escribir historias incluso antes de saber leer y de ir al colegio. Ella lo explica así: ""Con tres años inventaba historias y tenía un público…",,642,https://editoriallarueca.com/wp-content/uploads/JuanaChamorro.jpg,,,publish,legacy_author_book_combined,tf_libro poblado,,book_synopsis,medium,,,
author:646,646,Rafael Martínez,rafael martinez,rafael-martinez,rafael-martinez,https://editoriallarueca.com/autor/rafael-martinez/,"<p>Misterio, drama, romanticismo y suspense se unen en las vidas de varias personas que, sin saberlo, están destinadas a encontrase. Probablemente, eso que llamamos destino, no sea tal cual lo entendemos.</p>","Misterio, drama, romanticismo y suspense se unen en las vidas de varias personas que, sin saberlo, están destinadas a encontrase. Probablemente, eso que llamamos destino, no sea tal cual lo entendemos.",,648,https://editoriallarueca.com/wp-content/uploads/Foto-Rafa.jpg,,,publish,author_only_candidate,tf_libro vacío,,author_bio,medium,,,
author:652,652,Teodoro Rodríguez Martín,teodoro rodriguez martin,teodoro-rodriguez-martin,teodoro-rodriguez-martin,https://editoriallarueca.com/autor/teodoro-rodriguez-martin/,"<p>Son los años 50 y 60 del siglo pasado en una zona rural de la provincia de León.</p>
<p>A partir del primer relato, <em>El día de las Candelas</em>, que opera como fundacional, una nueva saga de molineros llega al Molino de la Casería.</p>
<p>A través de los siguientes 18 relatos de una prosa, a veces poética y romántica, otras, realista y cruda, el Protagonista, niño molinero en su pueblo y estudiante adolescente en la ciudad, va descubriendo el mundo que le rodea a la vez que se descubre a sí mismo.</p>","Son los años 50 y 60 del siglo pasado en una zona rural de la provincia de León. A partir del primer relato, El día de las Candelas , que opera como fundacional, una nueva saga de molineros llega al Molino de la Casería. A través de los si…",,654,https://editoriallarueca.com/wp-content/uploads/TeodoroRodriguez.jpg,,,publish,author_only_candidate,tf_libro vacío,possible-author:teodoro rodriguez martin,author_bio,medium,,,
author:657,657,Marta Susana Pecaric,marta susana pecaric,marta-susana-pecaric,marta-susana-pecaric,https://editoriallarueca.com/autor/marta-susana-pecaric/,"<p>Esplendida novela de ficción y aventuras, en el marco del mágico país: Egipto. La historia transcurre en la vida de un joven que buscando una gran aventura, al entrar en una pirámide aún desconocida, recibe los dones del dios Fénix, lo que lo llevará a vivir fantásticos momentos inimaginables, conectándose con antiguos dioses egipcios, reviviendo tiempos de la magnificencia de la era de los faraones. Surgen a partir de allí singulares hazañas y designios de los antiguos dioses que aquí se presentan. El gran reto es: ser parte de esta apasionante y mágica aventura.</p>","Esplendida novela de ficción y aventuras, en el marco del mágico país: Egipto. La historia transcurre en la vida de un joven que buscando una gran aventura, al entrar en una pirámide aún desconocida, recibe los dones del dios Fénix, lo que…",,659,https://editoriallarueca.com/wp-content/uploads/MartaSusanaPecaric.jpg,,,publish,legacy_author_book_combined,tf_libro poblado,,book_synopsis,medium,,,
author:663,663,Antonio López Hurtado Zárate,antonio lopez hurtado zarate,antonio-lopez-hurtado-zarate,antonio-lopez-hurtado-zarate,https://editoriallarueca.com/autor/antonio-lopez-hurtado-zarate/,"<p>Con este libro pretendo hacer un recorrido por la historia de los tenderos que hubo en nuestro pueblo: los vecinos o forasteros que producían la harina para hacer el pan o el pienso para alimento de los animales, los molineros; los que hacían el pan para consumo humano de venta en el pueblo y para llevar a la Corte de Madrid como tributo, los panaderos; aquellos tenderos que vendían en su tienda los pescados que se consumían entonces, los pescaderos; y aquellas personas que con sus vacas u ovejas producían leche para el consumo de los habitantes, los lecheros.</p>","Con este libro pretendo hacer un recorrido por la historia de los tenderos que hubo en nuestro pueblo: los vecinos o forasteros que producían la harina para hacer el pan o el pienso para alimento de los animales, los molineros; los que hac…",,639,https://editoriallarueca.com/wp-content/uploads/Antonio-Zarate.jpg,,,publish,legacy_author_book_combined,tf_libro poblado,possible-author:antonio lopez hurtado zarate,book_synopsis,medium,,,
author:683,683,Miguel Gómez Aránega,miguel gomez aranega,miguel-gomez-aranega,miguel-gomez-aranega,https://editoriallarueca.com/autor/miguel-gomez-aranega/,"<p>""Un lugar para encontrarte, un lugar para encontrarnos"".</p>
<p>Tú, que no sabes de donde vienes ni para donde vas.</p>
<p>Tú, que a pesar de todo, piensas en mejorar y mejorar la humanidad y el planeta.</p>
<p>Tú, que estás casi tan loco/a como yo. Podrías echar un vistazo a mi trabajo.</p>
<p>Tal vez pueda ayudarte algo en la consecución de tus sueños. </p>
<p>&nbsp;</p>
<p>Miguel nos ha escrito 5 libros sobre el YOGA. El tiempo y el espacio solo son unas coordenadas para que juguemos nuestros denarios: sin enterrarlo en un agujero, sin esconder el cuerpo físico detrás de los ropajes, ni el cuerpo mental y espiritual detrás de una sólida capa de superego.</p>
<p>Volumen I.- Introducción muy elemental para los que pretendan iniciarse en este mundo tan propicio a todos los efectos.</p>
<p>Volumen II.- Trabajo sobre la introspección y el autoconocimiento.</p>
<p>Volumen III.- Saliendo de tu ego hacia los demás, hacia lo infinito y hacia lo eterno. El yogui nunca se ensimisma en sí mismo.</p>
<p>Volumen IV.- Los diferentes caminos en la búsqueda del Ser, de la Esencia de Dios.</p>
<p>Volumen V.- La evolución integral y universal. La perfección. El Samadhi. El éxtasis. El Satori. Llegar a la iluminación de la manera más natural. Al tiempo, intentando mantener limpio el aire que respiras y nutritivos los alimentos que comes. Naturalmente, meditando.</p>
<p>&nbsp;</p>
<p>&nbsp;</p>
<p>&nbsp;</p>
<p>&nbsp;</p>","""Un lugar para encontrarte, un lugar para encontrarnos"". Tú, que no sabes de donde vienes ni para donde vas. Tú, que a pesar de todo, piensas en mejorar y mejorar la humanidad y el planeta. Tú, que estás casi tan loco/a como yo. Podrías ec…",,686,https://editoriallarueca.com/wp-content/uploads/FotoMiguelVestido.jpg,,,publish,legacy_author_book_combined,tf_libro poblado,,book_synopsis,medium,,,
author:690,690,Antonio L.  Gómez Charlín,antonio l gomez charlin,antonio-l-gomez-charlin,antonio-l-gomez-charlin,https://editoriallarueca.com/autor/antonio-l-gomez-charlin/,"<p><em>Nagasaki</em> é a obra de madurez dun escritor galego, Antonio Guzmán, residente na illa de Tenerife, tal como o retrata o literato Óscar Neuman na súa novela <em>Hiroshima</em>. Adicto aos refrescos de té con limón e ás prostitutas, Antonio non soubo deixar de manterse fiel a si mesmo. Ama, cunha intensidade fóra do normal, a vida, a literatura e mais as mulleres que o inspiraron na súa fuxida cara a ningures.</p>","Nagasaki é a obra de madurez dun escritor galego, Antonio Guzmán, residente na illa de Tenerife, tal como o retrata o literato Óscar Neuman na súa novela Hiroshima . Adicto aos refrescos de té con limón e ás prostitutas, Antonio non soubo…",,692,https://editoriallarueca.com/wp-content/uploads/FotoCharlin-1.jpg,,,publish,legacy_author_book_combined,tf_libro poblado,possible-author:antonio l gomez charlin,book_synopsis,medium,,,
author:702,702,José Balbino  León Quijada,jose balbino leon quijada,jose-balbino-leon-quijada,jose-balbino-leon-quijada,https://editoriallarueca.com/autor/jose-balbino-leon-quijada/,"<p>En medio de ciertos paisajes y personajes hemos tratado de explicar los fundamentos de la Ecología Humana para el alcance de los alumnos y neófitos, a veces negados a interesarse en tópicos muy áridos. Lo que aquí refiero son estratos de momentos verdaderos ocurridos en clases y en propios terrenos de Güiripa.</p>","En medio de ciertos paisajes y personajes hemos tratado de explicar los fundamentos de la Ecología Humana para el alcance de los alumnos y neófitos, a veces negados a interesarse en tópicos muy áridos. Lo que aquí refiero son estratos de m…",,704,https://editoriallarueca.com/wp-content/uploads/w_Foto-JBLQ.jpg,,,publish,legacy_author_book_combined,tf_libro poblado,,book_synopsis,medium,,,
author:710,710,"Antonio López Hurtado ""Zárate""",antonio lopez hurtado zarate,antonio-lopez-hurtado-zarate-2,antonio-lopez-hurtado-zarate,https://editoriallarueca.com/autor/antonio-lopez-hurtado-zarate-2/,"<p>Este libro es el resultado del trabajo que ha desarrollado el autor dentro del mundo de los oficios y que, por recomendaciones de personas con experiencia y de razonamientos lógicos, forma parte de la división que hice de una gran obra que completé en 2021, la cual ocupaba más de 850 páginas. Para hacerlo más llevadero y ágil de lectura, la troceé y una de las partes es el resultado que comprende este libro que trata del mundo relacionado con la ganadería y con capítulos dedicados a diversos temas de oficios enlazados entre ellos. Son el resultado de mi experiencia en ese mundo, por haber conocido de primera mano algunas de sus facetas, aparte de lo conseguido a través de las charlas con ganaderos, carniceros y demás gente involucrada en ese mundo del ganado.</p>
<p>Ha publicado 3 libros cuya edición ha sido a través del  Ayuntamiento de Moralzarzal ""La Cantería en Moralzarzal"", ""Tiendas y Abastos en Moralzarzal"" y ""La Ganadería en Moralzarzal"".</p>","Este libro es el resultado del trabajo que ha desarrollado el autor dentro del mundo de los oficios y que, por recomendaciones de personas con experiencia y de razonamientos lógicos, forma parte de la división que hice de una gran obra que…",,639,https://editoriallarueca.com/wp-content/uploads/Antonio-Zarate.jpg,,,publish,legacy_author_book_combined,tf_libro poblado,possible-author:antonio lopez hurtado zarate,book_synopsis,medium,,,
author:717,717,Juan Antonio Valero Casado,juan antonio valero casado,juan-antonio-valero-casado,juan-antonio-valero-casado,https://editoriallarueca.com/autor/juan-antonio-valero-casado/,"<p>Mediante la lectura de Espejos de la realidad nos hacemos contemporáneos de todos los hombres y ciudadanos del mundo.</p>
<p>&nbsp;</p>",Mediante la lectura de Espejos de la realidad nos hacemos contemporáneos de todos los hombres y ciudadanos del mundo. &nbsp;,,730,https://editoriallarueca.com/wp-content/uploads/w_JuanAntonio_EntrevistaFoto.jpg,,,publish,legacy_author_book_combined,tf_libro poblado,possible-author:juan antonio valero casado,book_synopsis,medium,,,
author:724,724,Teodoro Rodríguez Martín,teodoro rodriguez martin,teodoro-rodriguez-martin-2,teodoro-rodriguez-martin,https://editoriallarueca.com/autor/teodoro-rodriguez-martin-2/,"<p>Los quince relatos de amor y amistad que conforman <em>La pulsera de la princesa yoruba</em> son sendos paseos en el tiempo por la «educación sentimental» de su protagonista, Mateo Campillo, un conjunto de vivencias que marcaría aquella época juvenil, común a todos nosotros, en que los dados están rodando y no se sabe aún a qué jugada vamos a apostar nuestro futuro.</p>","Los quince relatos de amor y amistad que conforman La pulsera de la princesa yoruba son sendos paseos en el tiempo por la «educación sentimental» de su protagonista, Mateo Campillo, un conjunto de vivencias que marcaría aquella época juven…",,726,https://editoriallarueca.com/wp-content/uploads/w_Teodoro.jpg,,,publish,legacy_author_book_combined,tf_libro poblado,possible-author:teodoro rodriguez martin,book_synopsis,medium,,,
author:733,733,Alejandro González García,alejandro gonzalez garcia,alejandro-gonzalez-garcia,alejandro-gonzalez-garcia,https://editoriallarueca.com/autor/alejandro-gonzalez-garcia/,"<p>Embárcate en un viaje desde el pasado hasta el futuro de un autor que se ha lanzado a la publicación de sus poemarios tras más de 20 años sobre la pluma y que intenta hacerse un hueco en un mundo que se aleja de los ideales de la Poesía. ""Los Pensamientos Olvidados"" es una recopilación escrita hace varios años que narra una parte de la vida del autor y que se deleita en intentar ser un punto de partida para muchos más libros que vendrán.</p>","Embárcate en un viaje desde el pasado hasta el futuro de un autor que se ha lanzado a la publicación de sus poemarios tras más de 20 años sobre la pluma y que intenta hacerse un hueco en un mundo que se aleja de los ideales de la Poesía. ""…",,735,https://editoriallarueca.com/wp-content/uploads/FotoAlejandro.jpg,,,publish,legacy_author_book_combined,tf_libro poblado,possible-author:alejandro gonzalez garcia,book_synopsis,medium,,,
author:747,747,Alejandro González García,alejandro gonzalez garcia,alejandro-gonzalez-garcia-2,alejandro-gonzalez-garcia,https://editoriallarueca.com/autor/alejandro-gonzalez-garcia-2/,"<p>“La Vida Sin Ti” es el segundo Poemario que el autor ha intentado plasmar en base de trazos de tinta de una parte de su vida que tuvo lugar hace algo más de 15 años. Es una llamada al amor perdido, algo que rellena mientras que los traqueteos del tren le confunden y los paisajes repetitivos le distraen, a medida que la mente se sumerge más y más dentro de la terrible y melodramática realidad de los recuerdos. Es esto pues, una forma de recordar, pero también de olvidar. En “Los Pensamientos Olvidados”, expresó su forma de lidiar con la soledad, y con la forma de romper con el Pasado. Así mismo, tuvimos una rauda pero intensiva visita al Presente y al Futuro, o al menos algo así intentamos. En este segundo intento, no es una casualidad que el título sea así de triste; y como el lector podrá comprobar a lo largo del libro, tampoco es una casualidad la evolución de los hechos que se sucederán.</p>","“La Vida Sin Ti” es el segundo Poemario que el autor ha intentado plasmar en base de trazos de tinta de una parte de su vida que tuvo lugar hace algo más de 15 años. Es una llamada al amor perdido, algo que rellena mientras que los traquet…",,890,https://editoriallarueca.com/wp-content/uploads/FotoAlejandroGonzalez.jpg,,,publish,legacy_author_book_combined,tf_libro poblado,possible-author:alejandro gonzalez garcia,book_synopsis,medium,,,
author:751,751,Sara Ramiro,sara ramiro,sara-ramiro,sara-ramiro,https://editoriallarueca.com/autor/sara-ramiro/,"<p>1er Premio Cuentos Ilustrados Editorial La Rueca 2022</p>
<p><strong>El remanso es un lugar feliz y en calma dnde conviven muchas especies de animales. Pero todo cambia cuando deciden llevar a cabo un pan sin pensar en las consecuencias. Adéntrate en las aventuras de agua dulce y conoce a sus habitantes.</strong></p>
<p><strong>Para mantenerse sano y bonito el Lago Verano necesita colaboración de sus ciudadanas y ciudadanos. Pero una gran amenaza les sorprende cuando el Pez Pérez regresa de su pase. ¿Podrán unirse una vez más para volver a vivir en paz?</strong></p>",1er Premio Cuentos Ilustrados Editorial La Rueca 2022 El remanso es un lugar feliz y en calma dnde conviven muchas especies de animales. Pero todo cambia cuando deciden llevar a cabo un pan sin pensar en las consecuencias. Adéntrate en las…,,753,https://editoriallarueca.com/wp-content/uploads/w_Sara-Ramiro_El-Remanso.jpg,,,publish,legacy_author_book_combined,tf_libro poblado,,book_synopsis,medium,,,
author:756,756,Carlos Miramontes Seijas,carlos miramontes seijas,carlos-miramontes-seijas,carlos-miramontes-seijas,https://editoriallarueca.com/autor/carlos-miramontes-seijas/,"<p>La presente obra es un itinerario que ha querido ser riguroso y honesto. Comenzamos desde el campo teológico-moral para mostrar que hoy se ve con bastante nitidez cómo la moral y la espiritualidad tienen una única y la misma raíz, el qué hacer del ser humano ante el Misterio. Luego hemos querido continuar con un autor concreto, John Main OSB, soldado en la Segunda Guerra Mundial, aventurero en Malasia y profesor de universidad antes que monje, y que falleció en los años ochenta, de manera prematura. ¿Por qué este autor? Porque comprometido y honesto, gran lector y conocedor de todas las más importantes corrientes de pensamiento, John Main propone una visión yendo a las fuentes, luminosa y positiva, basada en la idea de los antiguos de que solo el Ser es realmente, lo cual nos llevará a la <em>apatheia</em> o el “dejar atrás las pasiones”, no verse perturbado por ellas, pues no serían en el fondo reales del todo; a la paz y al Ser.</p>","La presente obra es un itinerario que ha querido ser riguroso y honesto. Comenzamos desde el campo teológico-moral para mostrar que hoy se ve con bastante nitidez cómo la moral y la espiritualidad tienen una única y la misma raíz, el qué h…",,758,https://editoriallarueca.com/wp-content/uploads/Foto-Carlos.jpg,,,publish,legacy_author_book_combined,tf_libro poblado,,book_synopsis,medium,,,
author:762,762,Rosa Laguna Boza,rosa laguna boza,rosa-laguna-boza,rosa-laguna-boza,https://editoriallarueca.com/autor/rosa-laguna-boza/,"<p>Este pasaje de la historia comienza a mediados del siglo XIX, cuando la llegada de las líneas férreas se asocia al progreso, a la modernidad, y a un incipiente desarrollo industrial en España; acaba en los años 70 del pasado siglo XX.</p>","Este pasaje de la historia comienza a mediados del siglo XIX, cuando la llegada de las líneas férreas se asocia al progreso, a la modernidad, y a un incipiente desarrollo industrial en España; acaba en los años 70 del pasado siglo XX.",,764,https://editoriallarueca.com/wp-content/uploads/w_Foto-carnet-Rosi-Laguna.jpg,,,publish,legacy_author_book_combined,tf_libro poblado,,book_synopsis,medium,,,
author:765,765,Ignacio Luis de Orduña Puebla,ignacio luis de orduna puebla,ignacio-luis-de-orduna-puebla,ignacio-luis-de-orduna-puebla,https://editoriallarueca.com/autor/ignacio-luis-de-orduna-puebla/,"<p>¿Y qué necesita este libro? Un buen lector como tú, que sin ser necesariamente poeta, tenga ""alma de niño"".</p>
<p>&nbsp;</p>","¿Y qué necesita este libro? Un buen lector como tú, que sin ser necesariamente poeta, tenga ""alma de niño"". &nbsp;",,768,https://editoriallarueca.com/wp-content/uploads/FotoPadreInaki.jpg,,,publish,legacy_author_book_combined,tf_libro poblado,possible-author:ignacio luis de orduna puebla,book_synopsis,medium,,,
author:772,772,Richard Pazos,richard pazos,richard-pazos,richard-pazos,https://editoriallarueca.com/autor/richard-pazos/,"<p>Releer los silencios. Repensar cada emoción. Hallar seguro resguardo en la solidez de la incertidumbre.</p>
<p>Sentir de pensamiento. Pensar de corazón</p>",Releer los silencios. Repensar cada emoción. Hallar seguro resguardo en la solidez de la incertidumbre. Sentir de pensamiento. Pensar de corazón,,775,https://editoriallarueca.com/wp-content/uploads/RicharPazos.jpg,,,publish,legacy_author_book_combined,tf_libro poblado,,book_synopsis,medium,,,
author:778,778,Jorge González González,jorge gonzalez gonzalez,jorge-gonzalez-gonzalez,jorge-gonzalez-gonzalez,https://editoriallarueca.com/autor/jorge-gonzalez-gonzalez/,"<p style=""background: white; margin: 0cm 0cm 12.0pt 0cm;""><span style=""font-family: 'Arial',sans-serif; color: #3b3b3b;"">La lucha, el esfuerzo, no dejar de sonreír, rodearte de todo aquello que te gusta y te hace sentir bien, te ayudará a superar los obstáculos.</span></p>
<p style=""background: white; margin: 0cm 0cm 12.0pt 0cm;""><span style=""font-family: 'Arial',sans-serif; color: #3b3b3b;"">Ser valiente, fuerte y nunca dejar de sonreír, son elementos que empoderan al ser humano para alcanzar los objetivos a corto o a largo plazo.</span></p>
<p style=""background: white; margin: 0cm 0cm 12.0pt 0cm;""><span style=""font-family: 'Arial',sans-serif; color: #3b3b3b;"">Superar las limitaciones me ha ayudado a ser más auténtico, realista y sobre todo ver la vida de forma mucho más positiva.</span></p>
<p style=""background: white; margin: 0cm 0cm 12.0pt 0cm;""><span style=""font-family: 'Arial',sans-serif; color: #3b3b3b;"">He sentido siempre especial conexión e interés en poder transmitir todo aquello que a través de mi experiencia profesional y personal pueda ayudar a mejorar la calidad de vida de las personas.</span></p>","La lucha, el esfuerzo, no dejar de sonreír, rodearte de todo aquello que te gusta y te hace sentir bien, te ayudará a superar los obstáculos. Ser valiente, fuerte y nunca dejar de sonreír, son elementos que empoderan al ser humano para alc…",,780,https://editoriallarueca.com/wp-content/uploads/JorgeGonzalez.jpg,,,publish,legacy_author_book_combined,tf_libro poblado,,book_synopsis,medium,,,
author:786,786,Jessica S.L.,jessica s l,jessica-s-l,jessica-s-l,https://editoriallarueca.com/autor/jessica-s-l/,"<p>Debido a un suceso de salud se vio en la necesidad de dejar aflorar sus pensamientos y emociones. Darles voz, así fue como tras muchos años de idas y venidas con los personajes fueron tomando cada vez más relevancia hasta convertirse en ""El misterio de la Noche"". Primera obra de esta joven escritora que ve la luz, en la que te dejará deseando saber más sobre ellos y su vida.</p>","Debido a un suceso de salud se vio en la necesidad de dejar aflorar sus pensamientos y emociones. Darles voz, así fue como tras muchos años de idas y venidas con los personajes fueron tomando cada vez más relevancia hasta convertirse en ""E…",,788,https://editoriallarueca.com/wp-content/uploads/FotoJessica.jpg,,,publish,author_only_candidate,tf_libro vacío,,author_bio,medium,,,
author:793,793,Tamara Chenel,tamara chenel,tamara-chenel,tamara-chenel,https://editoriallarueca.com/autor/tamara-chenel/,<p>Esta antología recoge los momentos de la vida en los que toca el ciclo ineludible de la luna negra. Cuando las noches son más oscuras. Cuando las mareas están bajas. Cuando brillan más las estrellas.</p>,Esta antología recoge los momentos de la vida en los que toca el ciclo ineludible de la luna negra. Cuando las noches son más oscuras. Cuando las mareas están bajas. Cuando brillan más las estrellas.,,795,https://editoriallarueca.com/wp-content/uploads/Tamara.jpg,,,publish,legacy_author_book_combined,tf_libro poblado,,book_synopsis,medium,,,
author:797,797,Carlos José Olmedo Batista,carlos jose olmedo batista,carlos-jose-olmedo-batista,carlos-jose-olmedo-batista,https://editoriallarueca.com/autor/carlos-jose-olmedo-batista/,"<p>Mi nombre es Ángel, y tanto para mí, como para los demás niños, llegó el final de otro curso, y muy rápidamente, formó parte de mi pasado, pero eso sí, como si fuera consciente de ello, aún me reservaba una sorpresa, como queriéndome decir, que nunca, se deja de aprender.</p>","Mi nombre es Ángel, y tanto para mí, como para los demás niños, llegó el final de otro curso, y muy rápidamente, formó parte de mi pasado, pero eso sí, como si fuera consciente de ello, aún me reservaba una sorpresa, como queriéndome decir…",,799,https://editoriallarueca.com/wp-content/uploads/FotoCarlosJ.Olmedo.jpg,,,publish,legacy_author_book_combined,tf_libro poblado,possible-author:carlos jose olmedo batista,book_synopsis,medium,,,
author:802,802,GASPAR T. JIMENO DIESTRO,gaspar t jimeno diestro,gaspar-t-jimeno-diestro,gaspar-t-jimeno-diestro,https://editoriallarueca.com/autor/gaspar-t-jimeno-diestro/,"<p>El título más sencillo y sugerente que hemos encontrado para este libro, después de buscar otros posibles es:<strong> Biodiversidad. </strong>Pero nos gustaba que, además, en la portada aparecieran tres palabras que consideramos fundamentales, por estar asociadas a ella. Sostenibilidad, supervivencia e inmortalidad.</p>","El título más sencillo y sugerente que hemos encontrado para este libro, después de buscar otros posibles es: Biodiversidad. Pero nos gustaba que, además, en la portada aparecieran tres palabras que consideramos fundamentales, por estar as…",,804,https://editoriallarueca.com/wp-content/uploads/FotoGaspar.jpg,,,publish,legacy_author_book_combined,tf_libro poblado,possible-author:gaspar t jimeno diestro,book_synopsis,medium,,,
author:807,807,Gregorio Muñoz Gómez,gregorio munoz gomez,gregorio-munoz-gomez,gregorio-munoz-gomez,https://editoriallarueca.com/autor/gregorio-munoz-gomez/,"<p>Los valores, las creencias, la forma de vivir y el modo de afrontar los retos para poder ser felices y vivir en paz y armonía con nuestro SER.</p>
<p>Gory tiene el privilegio de poder cooperar con el desarrollo de la inteligencia emocional y de la consciencia humana no solamente en aquellos que le rodean, sino también de una forma sutil y elegante en las futuras generaciones a través de la docencia que imparte en la universidad con sus alumnos, sus videos y conferencias.   </p>
<p><span class=""S1PPyQ"">Nos hablará de cómo cambiar tu vida en este libro de ""crecimiento personal"".</span></p>","Los valores, las creencias, la forma de vivir y el modo de afrontar los retos para poder ser felices y vivir en paz y armonía con nuestro SER. Gory tiene el privilegio de poder cooperar con el desarrollo de la inteligencia emocional y de l…",,809,https://editoriallarueca.com/wp-content/uploads/w_FOTO-gregorio.jpg,,,publish,legacy_author_book_combined,tf_libro poblado,,book_synopsis,medium,,,
author:813,813,Ángel García García-Muñoz (BÜRU),angel garcia garcia munoz buru,angel-garcia-garcia-munoz-buru,angel-garcia-garcia-munoz-buru,https://editoriallarueca.com/autor/angel-garcia-garcia-munoz-buru/,"<p class=""Standard"">Cuando creía que estaba llegando al final del viaje firmé una prórroga para seguir adelante. <br />Esta historia fue una alegría que se convirtió en otra catarsis. <br />“Las heridas heredadas no se muestran con cicatrices visibles en la piel,</p>
<p class=""Standard"">pero si las descubres y no las sanas, el daño emocional te acompaña toda la vida”.</p>","Cuando creía que estaba llegando al final del viaje firmé una prórroga para seguir adelante. Esta historia fue una alegría que se convirtió en otra catarsis. “Las heridas heredadas no se muestran con cicatrices visibles en la piel, pero si…",,815,https://editoriallarueca.com/wp-content/uploads/w_Foto-Angel-Garcia.jpg,,,publish,legacy_author_book_combined,tf_libro poblado,possible-author:angel garcia garcia munoz buru,book_synopsis,medium,,,
author:819,819,Juan José Velasco Sánchez-Mayoral,juan jose velasco sanchez mayoral,juan-jose-velasco-sanchez-mayoral,juan-jose-velasco-sanchez-mayoral,https://editoriallarueca.com/autor/juan-jose-velasco-sanchez-mayoral/,"<p>La presente narración, nos sitúa en un ambiente juvenil en el que somos felices, hasta que todo cambia cuando hay que decidir cómo alcanzar una meta que creemos es buena para nuestro porvenir. Sin embargo, no sabemos qué camino nos tiene reservado el destino por el cual vamos a transitar.</p>","La presente narración, nos sitúa en un ambiente juvenil en el que somos felices, hasta que todo cambia cuando hay que decidir cómo alcanzar una meta que creemos es buena para nuestro porvenir. Sin embargo, no sabemos qué camino nos tiene r…",,821,https://editoriallarueca.com/wp-content/uploads/W_Juan-Jose-Velasco-S.jpg,,,publish,legacy_author_book_combined,tf_libro poblado,possible-author:juan jose velasco sanchez mayoral,book_synopsis,medium,,,
author:835,835,José Ignacio Miguelsanz,jose ignacio miguelsanz,jose-ignacio-miguelsanz,jose-ignacio-miguelsanz,https://editoriallarueca.com/autor/jose-ignacio-miguelsanz/,"<p>Esta es una impactante novela histórica que se inicia con el hallazgo de un manuscrito fechado en 1520-21.</p>
<p>&nbsp;</p>
<p>El relato de Diego Allas nos traslada a la vida cotidiana en una de las ciudades más prósperas del reino de Castilla en el siglo XVI. Sin embargo, estas circunstancias cambian de manera radical por las exigencias del rey Carlos I que, con el fin de ser coronado Emperador del Sacro Imperio Germánico, solicita una desmesurada subida de impuestos para llevar a cabo su objetivo. A ello se añade el descontento de los ciudadanos tras las múltiples promesas incumplidas desde su coronación, colmando la paciencia de los castellanos el soborno del monarca a los procuradores elegidos por las ciudades para asistir a las Cortes de 1520.</p>
<p>Diego Allas pasará del trabajo en la carpintería familiar a cabalgar por tierras castellanas, siendo testigo de los principales hechos que acontecen desde que en Toledo prendiera la llama revolucionaria hasta la batalla de Villalar.</p>
<p>Esta novela, respetuosa con los hechos acontecidos, nos recuerda que hubo un periodo de tiempo hace cinco siglos, en el que Castilla se autogobernó bajo la Ley Perpetua, predecesora de nuestras actuales constituciones.</p>
<p>La narración nos muestra la lucha de los ciudadanos por la justicia y la libertad, en contra de una monarquía absolutista, unidos por un grito que aún pervive en la actualidad: “Nadie es más que nadie”.</p>",Esta es una impactante novela histórica que se inicia con el hallazgo de un manuscrito fechado en 1520-21. &nbsp; El relato de Diego Allas nos traslada a la vida cotidiana en una de las ciudades más prósperas del reino de Castilla en el si…,,837,https://editoriallarueca.com/wp-content/uploads/w_Foto-Nacho-Miguelsanz.jpg,,,publish,legacy_author_book_combined,tf_libro poblado,,book_synopsis,medium,,,
author:868,868,Fernando Ruiz Grijalba,fernando ruiz grijalba,fernando-ruiz-grijalba,fernando-ruiz-grijalba,https://editoriallarueca.com/autor/fernando-ruiz-grijalba/,"<p>Amar a fondo perdido: Desde la dulzura del querer en todas sus manifestaciones a la amargura del desamor. <em>Amar a tiempo perdido</em> es lo que ha hecho el autor de este libro; su universo se llena con elogios y desengaños, afectos y ausencias, emociones y añoranzas, pero siempre en un caudal de pasiones; todo cabe en el amor.</p>
<p>La Decisión: Cuarenta y nueve historias. Relatos reales o ficticios. Unos se sumergen en aguas desconocidas, mientras otros tejen urdimbres que van conformando testimonios de verdades y situaciones que, aunque corrientes, pueden parecer insólitas. Personajes, unas veces oscuros y confusos, otras felices y divertidos, pero siempre auténticos frente al lector. En ciertos relatos, se exalta el papel de algunas de estas personas en el avance y transformación de la sociedad.</p>","Amar a fondo perdido: Desde la dulzura del querer en todas sus manifestaciones a la amargura del desamor. Amar a tiempo perdido es lo que ha hecho el autor de este libro; su universo se llena con elogios y desengaños, afectos y ausencias,…",,870,https://editoriallarueca.com/wp-content/uploads/FotoFernando.jpg,,,publish,legacy_author_book_combined,tf_libro poblado,,book_synopsis,medium,,,
author:879,879,Santiago Balmaseda Ramírez de Arellano,santiago balmaseda ramirez de arellano,santiago-balmaseda-ramirez-de-arellano,santiago-balmaseda-ramirez-de-arellano,https://editoriallarueca.com/autor/santiago-balmaseda-ramirez-de-arellano/,"<p>La obra se compone de más de cien relatos en los que narro algunas experiencias de mi vida, generalmente en tono jocoso, con la intención de provocar la sonrisa del lector.</p>","La obra se compone de más de cien relatos en los que narro algunas experiencias de mi vida, generalmente en tono jocoso, con la intención de provocar la sonrisa del lector.",,881,https://editoriallarueca.com/wp-content/uploads/FotoSantiagoBalmaseda.jpg,,,publish,legacy_author_book_combined,tf_libro poblado,,book_synopsis,medium,,,
author:882,882,Ana Córdoba del Campo,ana cordoba del campo,ana-cordoba-del-campo-2,ana-cordoba-del-campo,https://editoriallarueca.com/autor/ana-cordoba-del-campo-2/,"<p>""No te vi venir, pues jamás te hubiese dejado entrar"" es la tercera obra de poesía y prosa poética de Ana Córdoba del Campo, una autora que escribe desde lo más íntimo. En él plasma los sentimientos que la atrapan y te enamoran desde la primera palabra. Ana se desnuda con poemas cortos, abiertos, textos, desde ese lugar inocente que te habla del amor con aire fresco de la fugacidad del tiempo y de cómo vivir ese desequilibrio insoportable de la despedida que se precipita en los recuerdos, te araña y te sangra sin perder el compás. Pero también dice cómo y dónde refugiarse para esperar que pase la tormenta, el refugio lo llevamos dentro y eso Ana lo sabe. Escribe lo que vive, lo que le cuentan, lo que imagina. ""Esta es tu historia, la de tu prima, vecina, gente que ni conoces. Si estás leyendo esto es porque tú también viviste cerca de su calle y necesitas curar tu alma. Si alguna vez te has roto... pasa, esta es tu casa, siéntate"". Ana escribe para curar su alma y la tuya.</p>","""No te vi venir, pues jamás te hubiese dejado entrar"" es la tercera obra de poesía y prosa poética de Ana Córdoba del Campo, una autora que escribe desde lo más íntimo. En él plasma los sentimientos que la atrapan y te enamoran desde la pr…",,884,https://editoriallarueca.com/wp-content/uploads/w_FotoAnaCordobaparaweb.jpg,,,publish,legacy_author_book_combined,tf_libro poblado,possible-author:ana cordoba del campo,book_synopsis,medium,,,
author:885,885,Jesús Ezequiel Pérez Dorado,jesus ezequiel perez dorado,jesus-ezequiel-perez-dorado,jesus-ezequiel-perez-dorado,https://editoriallarueca.com/autor/jesus-ezequiel-perez-dorado/,"<p>Levantar el latido de una identidad histórica que, aunque viva, parece diluirse en el tráfago de la rapidez de la modernidad; dejarme llevar por el profundo amor con que nuestra tierra y nuestros hombres han dejado impregnado, como sin querer, mi torpe espíritu; mostrar, humilde y algo avergonzado, mi gratitud a cuanto la vida, un punto en su divina eternidad, con sus luces y sus sombras, me ha ofrecido, al tocarme con su doble velo de hermosura y fealdad...</p>","Levantar el latido de una identidad histórica que, aunque viva, parece diluirse en el tráfago de la rapidez de la modernidad; dejarme llevar por el profundo amor con que nuestra tierra y nuestros hombres han dejado impregnado, como sin que…",,887,https://editoriallarueca.com/wp-content/uploads/w_FotoEzequiel.jpg,,,publish,legacy_author_book_combined,tf_libro poblado,,book_synopsis,medium,,,
author:894,894,Rosa Gómez,rosa gomez,rosa-gomez,rosa-gomez,https://editoriallarueca.com/autor/rosa-gomez/,"<p>Un personaje tan inquietante y polémico me ha dado para muchas horas y muchos meses de trabajo, buscando información por distintas fuentes y que coincidieran todos los datos, aunque parece que todo se ha escrito sobre este personaje, a veces aparece algo menos conocido que suma a lo anterior ya escrito.</p>","Un personaje tan inquietante y polémico me ha dado para muchas horas y muchos meses de trabajo, buscando información por distintas fuentes y que coincidieran todos los datos, aunque parece que todo se ha escrito sobre este personaje, a vec…",,896,https://editoriallarueca.com/wp-content/uploads/w_FotoRosa.jpg,,,publish,legacy_author_book_combined,tf_libro poblado,,book_synopsis,medium,,,
author:904,904,José Antonio Galante Pérez,jose antonio galante perez,jose-antonio-galante-perez,jose-antonio-galante-perez,https://editoriallarueca.com/autor/jose-antonio-galante-perez/,"<p>El whisky sugiere mundos poéticos por el hecho de qué es un arcón lleno de sensaciones, un baúl cerrado del que desconoces que se guarda en el interior, qué secretos se esconden, qué tesoros te esperan. El whisky es un Atlas repleto de mapas que te invitan a surcar mares y cielos, viajes vitales, viajes iniciáticos que te llevan a soñar.</p>","El whisky sugiere mundos poéticos por el hecho de qué es un arcón lleno de sensaciones, un baúl cerrado del que desconoces que se guarda en el interior, qué secretos se esconden, qué tesoros te esperan. El whisky es un Atlas repleto de map…",,906,https://editoriallarueca.com/wp-content/uploads/w_FotoGalante.jpg,,,publish,legacy_author_book_combined,tf_libro poblado,possible-author:jose antonio galante perez,book_synopsis,medium,,,
author:909,909,David Supertramp,david supertramp,909,909,https://editoriallarueca.com/autor/909/,"<p>Llega el día en el que hay que tomar la decisión de realizar cambios drásticos en tu vida, alejarte de todo lo tóxico y negativo que te rodea y enfrentarte al proceso.</p>","Llega el día en el que hay que tomar la decisión de realizar cambios drásticos en tu vida, alejarte de todo lo tóxico y negativo que te rodea y enfrentarte al proceso.",,911,https://editoriallarueca.com/wp-content/uploads/w_FotoDavidNavarro1.jpg,,,publish,legacy_author_book_combined,tf_libro poblado,,book_synopsis,medium,,,
author:915,915,Juan Alberto Campoy Cervera,juan alberto campoy cervera,juan-alberto-campoy-cervera,juan-alberto-campoy-cervera,https://editoriallarueca.com/autor/juan-alberto-campoy-cervera/,,,,917,https://editoriallarueca.com/wp-content/uploads/w_juan5.jpg,,,publish,legacy_author_book_combined,tf_libro poblado,,ambiguous,low,,,
author:921,921,Diego Gómez-Costa,diego gomez costa,diego-gomez-costa,diego-gomez-costa,https://editoriallarueca.com/autor/diego-gomez-costa/,<p>El autor desea que el contenido del relato pueda crear una vinculación con las experiencias descritas en él y con el propio lector. De una forma espontánea y con un lenguaje claro y sencillo explica situaciones en las que el devenir de su vida le ha hecho ver que existe algo más allá de lo que conocemos.</p>,El autor desea que el contenido del relato pueda crear una vinculación con las experiencias descritas en él y con el propio lector. De una forma espontánea y con un lenguaje claro y sencillo explica situaciones en las que el devenir de su…,,923,https://editoriallarueca.com/wp-content/uploads/w_fotoDiegoGomez.jpg,,,publish,legacy_author_book_combined,tf_libro poblado,possible-author:diego gomez costa,book_synopsis,medium,,,
author:926,926,Eva María Riber Herráez,eva maria riber herraez,eva-maria-riber-herraez,eva-maria-riber-herraez,https://editoriallarueca.com/autor/eva-maria-riber-herraez/,"<p>Si algún día te la encuentras te dirá: “¡Nunca dejes de soñar! ¡Atrévete a imaginar! Pero, por favor, NO TE OLVIDES DE SER FELIZ”</p>","Si algún día te la encuentras te dirá: “¡Nunca dejes de soñar! ¡Atrévete a imaginar! Pero, por favor, NO TE OLVIDES DE SER FELIZ”",,928,https://editoriallarueca.com/wp-content/uploads/w_FotoEvaRiber.jpg,,,publish,legacy_author_book_combined,tf_libro poblado,,book_synopsis,medium,,,
author:932,932,"Agustín Eguíluz , Julia Carou, M.ª Goretti Ausín, Fe Pajares y Fernando López",agustin eguiluz julia carou m goretti ausin fe pajares y fernando lopez,agustin-eguiluz-julia-carou-m-a-goretti-ausin-fe-pajares-y-fernando-lopez,agustin-eguiluz-julia-carou-m-a-goretti-ausin-fe-pajares-y-fernando-lopez,https://editoriallarueca.com/autor/agustin-eguiluz-julia-carou-m-a-goretti-ausin-fe-pajares-y-fernando-lopez/,"<p>Este grupo de amantes de las letras ha querido recoger en este libro una muestra de los muchos escritos que, durante más de cinco años juntos, han realizado en común.</p>
<p>Que sean de su agrado.</p>","Este grupo de amantes de las letras ha querido recoger en este libro una muestra de los muchos escritos que, durante más de cinco años juntos, han realizado en común. Que sean de su agrado.",,935,https://editoriallarueca.com/wp-content/uploads/fotoGrupo.jpg,,,publish,legacy_author_book_combined,tf_libro poblado,,book_synopsis,medium,,,
author:938,938,Antonio Valdeavero Ponce,antonio valdeavero ponce,antonio-valdeavero-ponce,antonio-valdeavero-ponce,https://editoriallarueca.com/autor/antonio-valdeavero-ponce/,<p> “Relatos que sacan pensamientos de siglos acotados que ahora queda a su libre interpretación personal”</p>,“Relatos que sacan pensamientos de siglos acotados que ahora queda a su libre interpretación personal”,,940,https://editoriallarueca.com/wp-content/uploads/w_FotoValdeavero-1.jpg,,,publish,legacy_author_book_combined,tf_libro poblado,possible-author:antonio valdeavero ponce,book_synopsis,medium,,,
author:942,942,Manuel Gómez-Rosas,manuel gomez rosas,manuel-gomez-rosas,manuel-gomez-rosas,https://editoriallarueca.com/autor/manuel-gomez-rosas/,"<p>Tenemos ante nosotros un libro diferente. Nos encontramos con un gran descubrimiento literario que va a hacernos pensar en multitud de aspectos de la vida cotidiana, presentados desde un punto de vista amable, entretenido y directo.</p>","Tenemos ante nosotros un libro diferente. Nos encontramos con un gran descubrimiento literario que va a hacernos pensar en multitud de aspectos de la vida cotidiana, presentados desde un punto de vista amable, entretenido y directo.",,943,https://editoriallarueca.com/wp-content/uploads/w_fotoAutorPresentacion.jpg,,,publish,legacy_author_book_combined,tf_libro poblado,possible-author:manuel gomez rosas,book_synopsis,medium,,,
author:946,946,Fidel Vela,fidel vela,fidel-vela,fidel-vela,https://editoriallarueca.com/autor/fidel-vela/,"<p>La novela está acotada en el tiempo (dos años aproximadamente) y en el espacio (un pueblo ficticio castellano) y ambientada en los primeros años sesenta del pasado siglo, aunque la historia podría trasladarse a los tiempos actuales. Podríamos pensar que se trata de una novela costumbrista o realista más. Sus personajes principales, un grupo de muchachos, nos recordaría a la novela de Sánchez Ferlosio “El Jarama”. En el caso que nos ocupa son jóvenes con inquietudes literarias, ávidos lectores de Baroja, Unamuno, Machado y que anhelan salir del pueblo y marchar a la capital o al extranjero. La descripción de los mismos y de los paisajes es realmente magnífica.</p>","La novela está acotada en el tiempo (dos años aproximadamente) y en el espacio (un pueblo ficticio castellano) y ambientada en los primeros años sesenta del pasado siglo, aunque la historia podría trasladarse a los tiempos actuales. Podría…",,948,https://editoriallarueca.com/wp-content/uploads/w_FotoFidel.jpg,,,publish,legacy_author_book_combined,tf_libro poblado,,book_synopsis,medium,,,
author:954,954,María Isabel Herrero de la Torre,maria isabel herrero de la torre,maria-isabel-herrero-de-la-torre,maria-isabel-herrero-de-la-torre,https://editoriallarueca.com/autor/maria-isabel-herrero-de-la-torre/,"<p>Este trabajo de investigación trata sobre las diferencias existentes de los tres géneros predominantes en la sociedad actual (femenino, masculino y no binario) en lo que se refiere a la expresión conductual de la violencia, a través de cinco variables relacionadas con el comportamiento violento (agresividad, sexismo, culpa, impulsividad y resiliencia). También analiza si alguno de estos cinco factores se podría utilizar como predictor de la ocurrencia o inhibición de la respuesta violenta, para su posible aplicación en tratamientos psicológicos de personas condenadas judicialmente por delitos violentos.</p>","Este trabajo de investigación trata sobre las diferencias existentes de los tres géneros predominantes en la sociedad actual (femenino, masculino y no binario) en lo que se refiere a la expresión conductual de la violencia, a través de cin…",,956,https://editoriallarueca.com/wp-content/uploads/w_FotoIsabel.jpg,,,publish,legacy_author_book_combined,tf_libro poblado,,book_synopsis,medium,,,
author:957,957,José Antonio Rodrigo Alonso,jose antonio rodrigo alonso,jose-antonio-rodrigo-alonso,jose-antonio-rodrigo-alonso,https://editoriallarueca.com/autor/jose-antonio-rodrigo-alonso/,"<p>“¡Encuentros!”. Es la palabra “suficiente” que José Antonio Rodrigo Alonso emplea para resumir todo lo que destilan las 223 páginas de su última obra sobre Santa Cruz de Campezo.</p>
<p>Encuentros Campezanos está escrita como novela histótica y la ha escrito un investigador que siendo extremeño de nacimiento, siente como “suyo” Santa Cruz de Campezo.</p>",“¡Encuentros!”. Es la palabra “suficiente” que José Antonio Rodrigo Alonso emplea para resumir todo lo que destilan las 223 páginas de su última obra sobre Santa Cruz de Campezo. Encuentros Campezanos está escrita como novela histótica y l…,,959,https://editoriallarueca.com/wp-content/uploads/w_FotoJoseAntonio.jpg,,,publish,legacy_author_book_combined,tf_libro poblado,,book_synopsis,medium,,,
author:963,963,Ana Ortega Romanillos,ana ortega romanillos,ana-ortega-romanillos,ana-ortega-romanillos,https://editoriallarueca.com/autor/ana-ortega-romanillos/,"<p>Pertenece a la asociación de Escritores y Artistas Españoles, al Grupo de Escritores de Castilla la Mancha. Miembro fundador de la Academia de las Letras y las Artes Lusófanas (Portugal). Socia del Círculo de Bellas Artes de Madrid. Tiene en su haber once poemarios publicados y cuatro inéditos. Ha sido incluida en varias antologías poéticas en España y Portugal. Colaboradora en revistas literarias y boletines poéticos de España y en el periódico “Noticias Castro Daire Portugal”. Asiste y participa en seminarios de filosofía y de poesía, en encuentros poéticos, literarios, mesas redondas. Gran parte de su obra ha sido traducida al portugués. Poeta de vocación, de la memoria, de alma y camino. Su poesía es lírica llena de contrastes, social, intimista, rural y realista.</p>
<p>“Poemas Ibéricos”, “Abrazando la poesía”, “Aleteos”, “Otras corrientes”, “Tributos del tiempo”,  “Nostalgia de cipreses”, “Ambar y azúcar”, “Perfiles del agua” Ed. Sial Prima León, “Alba dormida” (poesía mística) Ed. Sial Prima León, “Tréboles refulgentes” Ed. Estudios Ediciones, “Al otro lado del Río 2º edición” con Editorial la Rueca.</p>","Pertenece a la asociación de Escritores y Artistas Españoles, al Grupo de Escritores de Castilla la Mancha. Miembro fundador de la Academia de las Letras y las Artes Lusófanas (Portugal). Socia del Círculo de Bellas Artes de Madrid. Tiene…",,965,https://editoriallarueca.com/wp-content/uploads/w_FotoAnaOrtega.jpg,,,publish,legacy_author_book_combined,tf_libro poblado,,book_synopsis,medium,,,
author:969,969,Juana Hernández Conesa,juana hernandez conesa,juana-hernandez-conesa,juana-hernandez-conesa,https://editoriallarueca.com/autor/juana-hernandez-conesa/,"<p><strong>El maestro de Salamanca. Consideración del Derecho Internacional Humanitario:</strong> Los valores que inspiran los actuales<em> Convenios de Ginebra </em>y sus <em>Protocolos</em> <em>Adicionales, </em>reguladores de este Derecho, no emergen <em>ex nihilo</em>, sino que suceden a la doctrina jurídica precedente, la del <em>maestro de Salamanca</em>, redactada unos trescientos años antes.</p>
<p><strong>Cine y Medicina. La imagen de la Medicina en la filmografía de Joseph L. Mankiewicz:</strong> En este libro de Medicina y Cine, fruto de una concienzuda investigación, Juana Hernández Conesa nos descubre con sagaz perspicacia, al “cineasta humanista, que militó en las filas del Séptimo Arte al servicio de la Medicina” y lo hace siguiendo una metodología impecable, analizando diálogos e imágenes, estableciendo categorías y otorgándoles significado.</p>
<p><strong>La casa del olvido:</strong> Esta novela nos congrega en torno al destino, a la búsqueda de la verdad, a la muerte, a la traición, a los amores imposibles, al sexo, y a todas las pasiones del alma. </p>
<p><strong>Los tres sueños de la razón: </strong>En esta novela histórico-biográfica se nos invita a agotar el destino más allá del arquetipo. Conocer por dentro a René Descartes y a los pensamientos que estaban en las espaldas de sus gestos tópicos, es descubrir y sorprendernos. </p>
<p><strong>Ajusticiados: </strong>La destreza de Juana Hernández Conesa para congregar el lirismo y la sensualidad descriptiva con el retrato psicológico de los personajes hace de esta obra “en el sentido wagneriano” un relato total. Un relato que nos aboca, a su vez, a un torbellino de sensaciones y sentimientos que procuran en el lector un deseo invencible por implicarse en los acontecimientos.</p>
<p><strong>Yo te acuso: </strong>Estamos frente a una novela valiente y lúcida, en donde el rey Fernando VII confiesa, sin ambages, haber sido el ideólogo y el responsable de una organización criminal, cuyo único fin fue el de asestar, por la espalda y a traición, un golpe mortal a España. De tal modo que con sus intrigas y hechos delictivos impidió que nuestra Nación accediera a la Modernidad. Una Modernidad que le pertenecía por derecho propio.</p>","El maestro de Salamanca. Consideración del Derecho Internacional Humanitario: Los valores que inspiran los actuales Convenios de Ginebra y sus Protocolos Adicionales, reguladores de este Derecho, no emergen ex nihilo , sino que suceden a l…",,971,https://editoriallarueca.com/wp-content/uploads/w_Juana-Hdez-Conesa.jpg,,,publish,legacy_author_book_combined,tf_libro poblado,,book_synopsis,medium,,,
author:978,978,Rafael López Ruz,rafael lopez ruz,rafael-lopez-ruz,rafael-lopez-ruz,https://editoriallarueca.com/autor/rafael-lopez-ruz/,"<p><strong>""En 'Santa Cruz de Posguerra: Conversaciones en Blanco y Negro', las voces de seis valientes protagonistas se unen para compartir sus experiencias desde la guerra civil hasta hoy. Una obra que honra la memoria y la resiliencia de nuestros mayores, preservando sus relatos para que nunca caigan en el olvido. Es momento de recordar, de escuchar y de aprender de su historia.</strong></p>","""En 'Santa Cruz de Posguerra: Conversaciones en Blanco y Negro', las voces de seis valientes protagonistas se unen para compartir sus experiencias desde la guerra civil hasta hoy. Una obra que honra la memoria y la resiliencia de nuestros…",,982,https://editoriallarueca.com/wp-content/uploads/w_FotoRafael-2.jpg,,,publish,legacy_author_book_combined,tf_libro poblado,,book_synopsis,medium,,,
author:990,990,Jerónimo Campoy Muñoz,jeronimo campoy munoz,jeronimo-campoy-munoz,jeronimo-campoy-munoz,https://editoriallarueca.com/autor/jeronimo-campoy-munoz/,"<p>Libro de historias diversas, muy originales y actuales, que son contadas por uno de sus árboles: un gran acebuche que habla con otros bonsáis y que a su vez le cuentan sus historias y las de sus cuidadores.</p>","Libro de historias diversas, muy originales y actuales, que son contadas por uno de sus árboles: un gran acebuche que habla con otros bonsáis y que a su vez le cuentan sus historias y las de sus cuidadores.",,992,https://editoriallarueca.com/wp-content/uploads/w_FotoJeronimo.jpg,,,publish,legacy_author_book_combined,tf_libro poblado,,book_synopsis,medium,,,
author:1002,1002,Patricia Domínguez Martínez,patricia dominguez martinez,patricia-dominguez-martinez,patricia-dominguez-martinez,https://editoriallarueca.com/autor/patricia-dominguez-martinez/,"<p class=""p1"" style=""margin: 0cm;""><span class=""s1""><span style=""color: black;"">Nelly es una ovejita muy especial que no termina de encajar con el resto de las ovejas del rebaño. Sin embargo, un día conoce a un pájaro muy especial y juntos vivirán aventuras que les harán forjar una bonita y peculiar amistad.</span></span></p>","Nelly es una ovejita muy especial que no termina de encajar con el resto de las ovejas del rebaño. Sin embargo, un día conoce a un pájaro muy especial y juntos vivirán aventuras que les harán forjar una bonita y peculiar amistad.",,1004,https://editoriallarueca.com/wp-content/uploads/w_FotoPatricia1.jpg,,,publish,legacy_author_book_combined,tf_libro poblado,,book_synopsis,medium,,,
author:1007,1007,Benedicto Cuervo Álvarez,benedicto cuervo alvarez,benedicto-cuervo-alvarez,benedicto-cuervo-alvarez,https://editoriallarueca.com/autor/benedicto-cuervo-alvarez/,"<p>""Es un poemario de realismo social en el que compagino mis más profundos sentimientos de juventud con los problemas cotidianos que afectan a millones de seres humanos en España y en todo el mundo teniendo presentes la búsqueda de la paz, la solidaridad y la justicia social tan necesarias para el desarrollo y felicidad de todos los pueblos del mundo, objetivos muy difíciles de alcanzar pero, al menos, se han de plantear para que se conozcan y así poder intentar conseguirlos"".</p>","""Es un poemario de realismo social en el que compagino mis más profundos sentimientos de juventud con los problemas cotidianos que afectan a millones de seres humanos en España y en todo el mundo teniendo presentes la búsqueda de la paz, l…",,1009,https://editoriallarueca.com/wp-content/uploads/w_FOTO-DEL-AUTOR-BENEDICTO-CUERVO.jpg,,,publish,legacy_author_book_combined,tf_libro poblado,,book_synopsis,medium,,,
author:1012,1012,Miguel Ángel Güemes Pérez,miguel angel guemes perez,miguel-angel-guemes-perez,miguel-angel-guemes-perez,https://editoriallarueca.com/autor/miguel-angel-guemes-perez/,"<p><strong>imposible</strong> Puedo cruzar la mar sin tocar el agua, puedo abrir mi herida y no sufrirla, soportar rojura al tocar la llama, perder la sangre y seguir con vida, puedo, estar cerca de ella y no sentirla.</p>","imposible Puedo cruzar la mar sin tocar el agua, puedo abrir mi herida y no sufrirla, soportar rojura al tocar la llama, perder la sangre y seguir con vida, puedo, estar cerca de ella y no sentirla.",,1014,https://editoriallarueca.com/wp-content/uploads/w_FotoMiguelAngelGuemes.jpg,,,publish,legacy_author_book_combined,tf_libro poblado,,book_synopsis,medium,,,
author:1017,1017,José Vte. Carmona Simarro,jose vte carmona simarro,jose-vte-carmona-simarro,jose-vte-carmona-simarro,https://editoriallarueca.com/autor/jose-vte-carmona-simarro/,"<p><em>“Si no amas, no estás vivo, ni muerto, simplemente no estás”</em></p>
<p>Ha publicado los libros de poesía, ensayo y relatos:<br />Al abrigo de mi memoria (2008) de Redactors y Editors SL.<br />Mil veces te quiero y más (2009) de Ediciones la Sirena.<br />Relatos de amor, desamor y nada (2011) de la Editorial Cultiva libros.<br />En otoño volverás (2012) de la Editorial Cultiva Libros.<br />My Fanny A (2012) de la Editorial Psylicom.<br />Poemas de la bailarina (2013) de la Editorial Cultiva Libros.<br />No hay tiempo para no amar (2014) de la Editorial Letras de Autor.<br />Azul: La mar en la noche (2014) de la Editorial Psylicom.<br />Como un cuchillo que te atraviesa el alma (2015) de la editorial Letras de Autor.<br />Valentina la chica de los ojos de lluvia (2016) de la Editorial Psylicom.<br />Locamente enamorado de él (2017)  de la Editorial Letras de Autor.<br />Lento proceso de derrumbe (2018) de la editorial Psylicom.<br />Cuando las  estrellas brillaban el doble (2019) de la Editorial Psylicom.</p>","“Si no amas, no estás vivo, ni muerto, simplemente no estás” Ha publicado los libros de poesía, ensayo y relatos: Al abrigo de mi memoria (2008) de Redactors y Editors SL. Mil veces te quiero y más (2009) de Ediciones la Sirena. Relatos de…",,1019,https://editoriallarueca.com/wp-content/uploads/w_Foto-autor.jpg,,,publish,legacy_author_book_combined,tf_libro poblado,possible-author:jose vte carmona simarro,book_synopsis,medium,,,
author:1024,1024,Anta Pemyné,anta pemyne,anta-pemyne,anta-pemyne,https://editoriallarueca.com/autor/anta-pemyne/,<p>“El pañuelo de Marino” es la historia de una niña nacida en Cuba de padres gallegos y que por una serie de vicisitudes se ve obligada a una emigración a la inversa junto a sus tres hermanos. La adaptación a su nueva tierra y otra buena dosis de vivencias increíbles componen la narración de un relato entrañable.</p>,“El pañuelo de Marino” es la historia de una niña nacida en Cuba de padres gallegos y que por una serie de vicisitudes se ve obligada a una emigración a la inversa junto a sus tres hermanos. La adaptación a su nueva tierra y otra buena dos…,,1026,https://editoriallarueca.com/wp-content/uploads/w_FotoIsabel-1.jpg,,,publish,legacy_author_book_combined,tf_libro poblado,,book_synopsis,medium,,,
author:1029,1029,Guillermo M. Schrem,guillermo m schrem,guillermo-m-schrem-2,guillermo-m-schrem,https://editoriallarueca.com/autor/guillermo-m-schrem-2/,"<p>Un puñado de huesos y los pétalos de una flor son suficientes para que los intrépidos exploradores de una población marinera se embarquen en una singular aventura para encontrar una isla que no consta en los mapas, pero que parece albergar animales y plantas desconocidos.</p>","Un puñado de huesos y los pétalos de una flor son suficientes para que los intrépidos exploradores de una población marinera se embarquen en una singular aventura para encontrar una isla que no consta en los mapas, pero que parece albergar…",,1031,https://editoriallarueca.com/wp-content/uploads/w_FotoGuillermo.jpg,,,publish,legacy_author_book_combined,tf_libro poblado,possible-author:guillermo m schrem,book_synopsis,medium,,,
author:1034,1034,Niklas Höfinger,niklas hofinger,niklas-hofinger,niklas-hofinger,https://editoriallarueca.com/autor/niklas-hofinger/,"<p>Nico tiene que mudarse de nuevo y dejar su querido hogar, Austria. No le gusta nada. El nuevo destino de sus padres es Pamplona, España.</p>
<p>¿Qué le espera allí? Comienza una aventura extraordinaria.</p>","Nico tiene que mudarse de nuevo y dejar su querido hogar, Austria. No le gusta nada. El nuevo destino de sus padres es Pamplona, España. ¿Qué le espera allí? Comienza una aventura extraordinaria.",,1036,https://editoriallarueca.com/wp-content/uploads/W_FOTO-AUTOR-NIKLAS.jpg,,,publish,legacy_author_book_combined,tf_libro poblado,,book_synopsis,medium,,,
author:1040,1040,Julio Sánchez Alonso,julio sanchez alonso,julio-sanchez-alonso,julio-sanchez-alonso,https://editoriallarueca.com/autor/julio-sanchez-alonso/,"<p>Julio Sánchez nació en  Pollos en 1951. Marchó a estudiar a Valladolid con 11 años y a los 20 se trasladó a Madrid donde se graduó en la Escuela de Radio y Televisión y se licenció en Periodismo. Trabajó en TVE, en el área de Informativos, y posteriormente fue director de Antena de Telemadrid y Director de Programas de Antena 3 TV.</p>","Julio Sánchez nació en Pollos en 1951. Marchó a estudiar a Valladolid con 11 años y a los 20 se trasladó a Madrid donde se graduó en la Escuela de Radio y Televisión y se licenció en Periodismo. Trabajó en TVE, en el área de Informativos,…",,1042,https://editoriallarueca.com/wp-content/uploads/W_Julio.jpg,,,publish,legacy_author_book_combined,tf_libro poblado,possible-author:julio sanchez alonso,book_synopsis,medium,,,
author:1046,1046,Claudio Vilches Maturana y Felipe Olivares León,claudio vilches maturana y felipe olivares leon,claudio-vilches-maturana-y-felipe-olivares-leon,claudio-vilches-maturana-y-felipe-olivares-leon,https://editoriallarueca.com/autor/claudio-vilches-maturana-y-felipe-olivares-leon/,"<p>El golpe militar ocurrido el 11 de septiembre de 1973 sigue siendo un capítulo abierto de la historia de Chile. En la actualidad se estima que aún hay 1.248 personas en calidad de <em>detenidos desaparecidos</em>, cuyos restos aún no han sido localizados, no se sabe cómo murieron, lo que sufrieron.... Investigar sobre los terribles hechos ocurridos durante la Dictadura Militar es un deber ético que ha de contribuir a que muchas personas obtengan consuelo y, también, para que la sociedad chilena tome conciencia de que hechos como los que desvela esta investigación nunca deberían repetirse.</p>
<p><strong><em>Mátame de frente</em></strong> es el resultado de una rigurosa investigación que se centra en los dramáticos hechos ocurridos en la comuna de Quinta Normal de Santiago, cuando el Regimiento Yungay de San Felipe se acuartela en esta comuna durante las semanas que siguen al golpe de Estado. Se relata la tortura y muerte del sacerdote español Joan Alsina -<em>cura obrero</em> llegado a Chile en el año 1967-, y la de otros trabajadores del Hospital San Juan de Dios, personas que jamás empuñaron un arma, así como los abusos y asesinato de un niño de 13 años.</p>
<p>En el <strong>Internado Nacional Barros Arana (INBA)</strong>, uno de los establecimientos tomados por el Regimiento Yungay de San Felipe, nunca se asumió formalmente lo ocurrido allí durante los meses de septiembre y octubre de 1973. Hasta ahora era una verdad de la cual no se hablaba. Parte de esta investigación explica en detalle lo ocurrido en aquel centro durante su ocupación por el Regimiento Yungay de San Felipe. No se sabía nada sobre lo que pasó dentro del INBA. Esta investigación ha podido recabar antecedentes que no se conocían y publicarlos en este libro.</p>
<p>Un testimonio recogido en esta obra, ocurre cuando el conscripto Nelson Bañados se dispone a cumplir la orden de fusilar al cura Joan Alsina y éste le dice: “Mátame de frente, para poder darte el perdón”. Parte de esta frase da título a este libro.</p>","El golpe militar ocurrido el 11 de septiembre de 1973 sigue siendo un capítulo abierto de la historia de Chile. En la actualidad se estima que aún hay 1.248 personas en calidad de detenidos desaparecidos , cuyos restos aún no han sido loca…",,1048,https://editoriallarueca.com/wp-content/uploads/w_FotoAutores.jpg,,,publish,legacy_author_book_combined,tf_libro poblado,,book_synopsis,medium,,,
author:1052,1052,Ricardo Rodríguez López,ricardo rodriguez lopez,ricardo-rodriguez-lopez,ricardo-rodriguez-lopez,https://editoriallarueca.com/autor/ricardo-rodriguez-lopez/,"<p>Esta no es una publicación normal. No es una obra normal. Es lo que es y no es lo que no es. Pero ser, lo que se dice ser, no sé muy bien lo que es. Ciertamente es una publicación realizada a partir de la obra musical original “DE JUAN A JUAN”, consistente en una narración con canciones e imágenes sobre la vida de Juan Ciudad y Duarte, San Juan de Dios.</p>","Esta no es una publicación normal. No es una obra normal. Es lo que es y no es lo que no es. Pero ser, lo que se dice ser, no sé muy bien lo que es. Ciertamente es una publicación realizada a partir de la obra musical original “DE JUAN A J…",,1054,https://editoriallarueca.com/wp-content/uploads/w_RicardoRodriguez.jpg,,,publish,legacy_author_book_combined,tf_libro poblado,,book_synopsis,medium,,,
author:1057,1057,Manuel Fernández Miranda,manuel fernandez miranda,manuel-fernandez-miranda,manuel-fernandez-miranda,https://editoriallarueca.com/autor/manuel-fernandez-miranda/,"<p>"" El futuro de la humanidad una vez más está en serio peligro pero, una pareja de mercenarios, Seth y Vera perseguirán a Lilith una impía diablesa a la que denominan, ( La Reina de los Malditos ) les enviará a cientos de Vampiros y Súcubos a modo de avanzadilla para despejarle el camino de su ansia por conquistar el mundo y así sumirlo en la oscuridad y las Tinieblas ""</p>",""" El futuro de la humanidad una vez más está en serio peligro pero, una pareja de mercenarios, Seth y Vera perseguirán a Lilith una impía diablesa a la que denominan, ( La Reina de los Malditos ) les enviará a cientos de Vampiros y Súcubos…",,1059,https://editoriallarueca.com/wp-content/uploads/w_FotoManue.jpg,,,publish,legacy_author_book_combined,tf_libro poblado,,book_synopsis,medium,,,
author:1062,1062,Santiago J. Miranda Jovellar,santiago j miranda jovellar,santiago-j-miranda-jovellar,santiago-j-miranda-jovellar,https://editoriallarueca.com/autor/santiago-j-miranda-jovellar/,"<p>Santiago J. Miranda Jovellar, en sus escritos, se recrea en hacer perder el juicio a sus lectores, con la sinrazón del raciocinio formulado tanto en prosa como en verso.</p>","Santiago J. Miranda Jovellar, en sus escritos, se recrea en hacer perder el juicio a sus lectores, con la sinrazón del raciocinio formulado tanto en prosa como en verso.",,1064,https://editoriallarueca.com/wp-content/uploads/w_fotoSantiago.jpg,,,publish,legacy_author_book_combined,tf_libro poblado,,book_synopsis,medium,,,
author:1069,1069,José Luis Mozo Gayo,jose luis mozo gayo,jose-luis-mozo-gayo,jose-luis-mozo-gayo,https://editoriallarueca.com/autor/jose-luis-mozo-gayo/,"<p>“La barca del portugués” es el audaz fruto de esa decisión, una novela que nos asoma a un futuro sorprendente que muchos calificarán de improbable, pero que nadie se atreverá a calificar de imposible.</p>","“La barca del portugués” es el audaz fruto de esa decisión, una novela que nos asoma a un futuro sorprendente que muchos calificarán de improbable, pero que nadie se atreverá a calificar de imposible.",,1071,https://editoriallarueca.com/wp-content/uploads/w_FotoJose-Luis.jpg,,,publish,legacy_author_book_combined,tf_libro poblado,,book_synopsis,medium,,,
author:1073,1073,Paco Daza Selma,paco daza selma,paco-daza-selma,paco-daza-selma,https://editoriallarueca.com/autor/paco-daza-selma/,"<p>En todo este tiempo no ha dejado nunca de leer, otra de sus aficiones favoritas, bien sea prosa o poesía. Este es su primer libro en el que, aparte de homenajear a varios de sus autores preferidos, al final, de un modo u otro, cuenta lo más importante que le ha pasado en la vida.</p>","En todo este tiempo no ha dejado nunca de leer, otra de sus aficiones favoritas, bien sea prosa o poesía. Este es su primer libro en el que, aparte de homenajear a varios de sus autores preferidos, al final, de un modo u otro, cuenta lo má…",,1075,https://editoriallarueca.com/wp-content/uploads/w_foto-PacoDaza.jpg,,,publish,legacy_author_book_combined,tf_libro poblado,,book_synopsis,medium,,,
author:1078,1078,Dolores Benito Arroyo,dolores benito arroyo,dolores-benito-arroyo,dolores-benito-arroyo,https://editoriallarueca.com/autor/dolores-benito-arroyo/,"<p>Este libro empezó a fraguarse poco tiempo después de fallecer mi padre.</p>
<p>Por mi cabeza pasaron infinidad de recuerdos vividos junto a mis padres y hermanos, también junto a mis abuelos (por los que sentía verdadera pasión).</p>
<p>Toda una niñez y juventud escrita para ser recordada en el tiempo.</p>","Este libro empezó a fraguarse poco tiempo después de fallecer mi padre. Por mi cabeza pasaron infinidad de recuerdos vividos junto a mis padres y hermanos, también junto a mis abuelos (por los que sentía verdadera pasión). Toda una niñez y…",,1080,https://editoriallarueca.com/wp-content/uploads/w_FotoLola.jpg,,,publish,legacy_author_book_combined,tf_libro poblado,,book_synopsis,medium,,,
author:1084,1084,Luis Marcelo Carboni,luis marcelo carboni,luis-marcelo-carboni,luis-marcelo-carboni,https://editoriallarueca.com/autor/luis-marcelo-carboni/,"<p>“En todas las tierras de espíritu o eco español aquella mañana del jueves 11 de octubre del 2001 la prensa deportiva en todas sus versiones divulgó lo sucedido en nuestra querida isla la noche del día anterior cuando el mágico poder de la pelota incrustó en el ángulo para siempre… ese hito histórico que algunos viejos residentes de Fuerteventura difícilmente puedan olvidar jamás. Los titulares decían… “El Real Madrid supera el trámite”, “Ganó el Real Madrid fácilmente”, y cosas por el estilo, pero lo que no decían aquellos informativos era lo felices que fueron los cientos y cientos de aficionados que acudieron a ver aquel duelo único e irrepetible”</p>",“En todas las tierras de espíritu o eco español aquella mañana del jueves 11 de octubre del 2001 la prensa deportiva en todas sus versiones divulgó lo sucedido en nuestra querida isla la noche del día anterior cuando el mágico poder de la…,,1086,https://editoriallarueca.com/wp-content/uploads/w_FotoMarcelo.jpg,,,publish,legacy_author_book_combined,tf_libro poblado,,book_synopsis,medium,,,
author:1088,1088,Alfredo Manrique Bravo,alfredo manrique bravo,alfredo-manrique-bravo,alfredo-manrique-bravo,https://editoriallarueca.com/autor/alfredo-manrique-bravo/,"<p>Alfredo Manrique Bravo nació en Barajas, un pueblo de Madrid un 23 de Abril de 1949, trabajo en Iberia Líneas Aéreas de España y este es el segundo libro que se atreve a escribir. El primero fue “60 años de mi vida”.</p>
<p>         El único motivo que le ha llevado a esta aventura ha sido el amor que sintió por su mujer y sus hijos, amor que se ha ido extendiendo a todos sus descendientes.</p>
<p>         Ha querido dejar este legado para que futuras generaciones puedan conocer quién era y la ilusión que le hacía que un día pudieran saber quién fue esa persona que tanto los quiso.</p>","Alfredo Manrique Bravo nació en Barajas, un pueblo de Madrid un 23 de Abril de 1949, trabajo en Iberia Líneas Aéreas de España y este es el segundo libro que se atreve a escribir. El primero fue “60 años de mi vida”. El único motivo que le…",,1090,https://editoriallarueca.com/wp-content/uploads/w_Foto-autor-1.jpg,,,publish,legacy_author_book_combined,tf_libro poblado,possible-author:alfredo manrique bravo,book_synopsis,medium,,,
author:1094,1094,Marcelino Valiño Vidal,marcelino valino vidal,marcelino-valino-vidal,marcelino-valino-vidal,https://editoriallarueca.com/autor/marcelino-valino-vidal/,"<p>Nacido en A Coruña en 1942, dedicó su vida a la docencia y educación, como maestro nacional, profesor de Universidad y, sobre todo, como catedrático de Filosofía de Bachillerato. Tiene títulos de Maestro de Primer Enseñanza, Licenciado en Psicología, Licenciado y Doctor en Ciencias de la Educación. Una vez jubilado estudió en la Universidad Pontificia Comillas, en donde obtuvo los títulos de Grado y Master en Teología, habiéndosele concedido el premio extraordinario en el Master. Tiene ya publicados: <em>Exposición del Misterio Cristológico-Trinitario </em>y<em> Exposición del Misterio Eucarístico.</em></p>","Nacido en A Coruña en 1942, dedicó su vida a la docencia y educación, como maestro nacional, profesor de Universidad y, sobre todo, como catedrático de Filosofía de Bachillerato. Tiene títulos de Maestro de Primer Enseñanza, Licenciado en…",,1096,https://editoriallarueca.com/wp-content/uploads/w_Foto-Marcelino-Valino-Vidal-Escoto-vs.-Aquino.jpg,,,publish,legacy_author_book_combined,tf_libro poblado,,book_synopsis,medium,,,
author:1099,1099,José Antonio Muñoz Fañanás,jose antonio munoz fananas,jose-antonio-munoz-fananas,jose-antonio-munoz-fananas,https://editoriallarueca.com/autor/jose-antonio-munoz-fananas/,"<p>En el texto de este libro, se cuentan brevemente y por encima, algunos casos y/o experiencias del autor.</p>","En el texto de este libro, se cuentan brevemente y por encima, algunos casos y/o experiencias del autor.",,1101,https://editoriallarueca.com/wp-content/uploads/w_FotoAutor-1.jpg,,,publish,legacy_author_book_combined,tf_libro poblado,,book_synopsis,medium,,,
author:1108,1108,MAURO,mauro,mauro,mauro,https://editoriallarueca.com/autor/mauro/,"<p class=""yiv5820021877p1"" style=""margin: 0cm; background: white;""><span class=""yiv5820021877s1""><span style=""font-size: 13.0pt; font-family: 'Helvetica',sans-serif; color: #1d2228;"">Esta novela no solo es un thriller de acción, sino también un choque de posiciones humanas existentes y contemporáneas. Una historia narrada de tal forma que puede provocar un estado de confusión sobre lo que es realidad y lo que es ficción. </span></span></p>","Esta novela no solo es un thriller de acción, sino también un choque de posiciones humanas existentes y contemporáneas. Una historia narrada de tal forma que puede provocar un estado de confusión sobre lo que es realidad y lo que es ficció…",,1110,https://editoriallarueca.com/wp-content/uploads/w_FOTO-MAURO.jpg,,,publish,legacy_author_book_combined,tf_libro poblado,,book_synopsis,medium,,"En esta trilogia, el periodista A. Zuluaga desentraña una trama llena de intriga.",
author:1113,1113,Luz Stella,luz stella,luz-stella,luz-stella,https://editoriallarueca.com/autor/luz-stella/,"<p>Luz Stella es la autora de dos libros de poesía: <em>Sueños de arco iris</em> que fue publicado en el 2008 y <em>Mariposas en noches románticas</em> <em>publicado en el año 2013</em> </p>
<p>Sus poemarios se caracterizan por una gran sensibilidad y belleza donde la autora da a conocer sus reflexiones y sentimientos más íntimos.  .</p>",Luz Stella es la autora de dos libros de poesía: Sueños de arco iris que fue publicado en el 2008 y Mariposas en noches románticas publicado en el año 2013 Sus poemarios se caracterizan por una gran sensibilidad y belleza donde la autora d…,,1115,https://editoriallarueca.com/wp-content/uploads/W_FotoLuzStella.jpg,,,publish,legacy_author_book_combined,tf_libro poblado,,book_synopsis,medium,,,
author:1121,1121,María Dolores Castellón Pérez,maria dolores castellon perez,maria-dolores-castellon-perez-2,maria-dolores-castellon-perez,https://editoriallarueca.com/autor/maria-dolores-castellon-perez-2/,<p><strong>Entrevistas</strong> es el resultado de la investigación realizada sobre el Teatro Real y sus producciones operísticas entre los años 2013 y 2016. En este trabajo se recogen siete entrevistas realizadas a varias personalidades ligadas de forma directa o indirecta con el Teatro Real de Madrid. Las transcripciones de dichas entrevistas me han llevado cerca de 130 horas. Y ahora las presentamos juntas en este libro. También queremos agradecer a todos los entrevistados su buena disponibilidad y profesionalidad durante estas entrevistas.</p>,Entrevistas es el resultado de la investigación realizada sobre el Teatro Real y sus producciones operísticas entre los años 2013 y 2016. En este trabajo se recogen siete entrevistas realizadas a varias personalidades ligadas de forma dire…,,1122,https://editoriallarueca.com/wp-content/uploads/w_Loli-Castellon.jpg,,,publish,legacy_author_book_combined,tf_libro poblado,possible-author:maria dolores castellon perez,book_synopsis,medium,,,
author:1131,1131,Manuel Gómez Rosas,manuel gomez rosas,manuel-gomez-rosas-2,manuel-gomez-rosas,https://editoriallarueca.com/autor/manuel-gomez-rosas-2/,"<p>En una sucesión de artículos muy cortos, el autor saca a la palestra cuestiones tan importantes como la eutanasia, el maltrato animal, la educación, la política, el amor, la moda, la muerte, ... En definitiva, no deja ningún asunto sin tratar, con un tono agradable, inteligente y, sobre todo, humorístico, talento que hace mucha falta en nuestra sociedad y que, sin duda, hará las delicias de los lectores de este libro.</p>","En una sucesión de artículos muy cortos, el autor saca a la palestra cuestiones tan importantes como la eutanasia, el maltrato animal, la educación, la política, el amor, la moda, la muerte, ... En definitiva, no deja ningún asunto sin tra…",,1133,https://editoriallarueca.com/wp-content/uploads/w_FotoManuel-1.jpg,,,publish,legacy_author_book_combined,tf_libro poblado,possible-author:manuel gomez rosas,book_synopsis,medium,,Nos encontramos con un gran descubrimiento literario que va a hacernos pensar en multitud de aspectos de la vida cotidiana.,
author:1136,1136,Guillermo Martínez Schrem,guillermo martinez schrem,guillermo-martinez-schrem,guillermo-martinez-schrem,https://editoriallarueca.com/autor/guillermo-martinez-schrem/,"<p>Guillermo Martínez Schrem (Barcelona, 1955) inaugura en 2017, con El hombre del año pasado, las aventuras gastronómicas y geográficas de su diletante personaje, sobre el que desde entonces ha publicado las siguientes novelas: <em>Todo el mundo sabe, Parece que hace tanto tiempo, Closing time, Tú sabes quién soy, Dance me to the end of love, Esa no es la manera de decir adiós, A mil besos de profundidad, Llega la noche, Has amado lo suficiente y, Muéstrame el lugar </em>y <em>El amor te llama por tu nombre.</em></p>
<p>También ha publicado las novelas <em>Un pez de colores, 1435 mm, El valle de cristal y El rumor de la marea,</em> además de las narraciones breves incluidas en <em>Fantasmas, Cuentos del vacío y el desasosiego, Abordaje y Geografías.</em></p>","Guillermo Martínez Schrem (Barcelona, 1955) inaugura en 2017, con El hombre del año pasado, las aventuras gastronómicas y geográficas de su diletante personaje, sobre el que desde entonces ha publicado las siguientes novelas: Todo el mundo…",,1138,https://editoriallarueca.com/wp-content/uploads/w_FotoGuillermo-1.jpg,,,publish,legacy_author_book_combined,tf_libro poblado,possible-author:guillermo martinez schrem,book_synopsis,medium,,"Nuestro protagonista deja atrás su zona de confort, para embarcarse, debido a una conspiración en un crucero por las turbulentas aguas del Mediterráneo.",
author:1161,1161,Concha Magdalena García,concha magdalena garcia,concha-magdalena-garcia,concha-magdalena-garcia,https://editoriallarueca.com/autor/concha-magdalena-garcia/,"<p>PRESTOSES XARANES ye un compendiu de fiestes y actividaes que se celebren nel Conceyu de Mieres, escritu en versu y en llingua asturiana. Amás del relatu de diverses xordes, inclúyense tamién referencies culturales ya históriques qu’aporten interés y dinamismu al poemariu.</p>
<p>Con un llixeru toque humorísticu, la so llectura resulta áxil y entretenida.</p>","PRESTOSES XARANES ye un compendiu de fiestes y actividaes que se celebren nel Conceyu de Mieres, escritu en versu y en llingua asturiana. Amás del relatu de diverses xordes, inclúyense tamién referencies culturales ya históriques qu’aporte…",,1162,https://editoriallarueca.com/wp-content/uploads/w_Foto-Conchi.jpg,,,publish,legacy_author_book_combined,tf_libro poblado,,book_synopsis,medium,,,
author:1167,1167,Francisco Marín Vargas,francisco marin vargas,francisco-marin-vargas,francisco-marin-vargas,https://editoriallarueca.com/autor/francisco-marin-vargas/,"<p>Adentrarse en esta obra poética es revivir nuestro nacimiento, el primer barro,<br />ese amanecer que condicionaría la existencia hasta convertirnos en ser.<br />Tomaremos conciencia para ir creciendo abiertamente en la nada,<br />a pesar del dolor, que gratamente nos hará transcender.<br />En este ejercicio de soltar, en el silencio, en la ausencia de palabras; <br />vida y muerte encuentran su liberación.</p>","Adentrarse en esta obra poética es revivir nuestro nacimiento, el primer barro, ese amanecer que condicionaría la existencia hasta convertirnos en ser. Tomaremos conciencia para ir creciendo abiertamente en la nada, a pesar del dolor, que…",,1169,https://editoriallarueca.com/wp-content/uploads/w_Foto_FcoMarin.jpg,,,publish,legacy_author_book_combined,tf_libro poblado,possible-author:francisco marin vargas,book_synopsis,medium,,"Adentrarse en esta obra poética es revivir nuestro nacimiento, el primer barro. En este ejercicio de soltar, en el silencio.",
author:1172,1172,Iñaki Azkona,inaki azkona,inaki-azkona,inaki-azkona,https://editoriallarueca.com/autor/inaki-azkona/,"<p>Apuesta personal es un tránsito en contra de las rutinas a las que nos hemos condenado. <br />Es una ruptura con la soledad cuando es penosa y larga. <br />Es un cambio de cama cuando ya no nos sirve porque se nos queda pequeña. <br />Es una apuesta por un nuevo paradigma de vida cuando ya no ocurre lo que tiene que ocurrir. <br />Apuesta personal es la búsqueda deseada cuando el cuerpo con su lenguaje hace un ruido extraño. <br />Apuesta personal es el cambio de dirección con los recuerdos que, todavía, tienen mala digestión.<br />En definitiva, apuesta personal es un viaje a una deseada mañana que proponga un apetitoso contrapunto positivo/militante hacía el regalo del cambio que sepa a miel. </p>",Apuesta personal es un tránsito en contra de las rutinas a las que nos hemos condenado. Es una ruptura con la soledad cuando es penosa y larga. Es un cambio de cama cuando ya no nos sirve porque se nos queda pequeña. Es una apuesta por un…,,1174,https://editoriallarueca.com/wp-content/uploads/W_FOTO-INAKI-AZONA.jpg,,,publish,legacy_author_book_combined,tf_libro poblado,,book_synopsis,medium,,Es un cambio de cama cuando ya no nos sirve porque se nos queda pequeña.,
author:1177,1177,Mauro Escobar Parada,mauro escobar parada,mauro-escobar-parada,mauro-escobar-parada,https://editoriallarueca.com/autor/mauro-escobar-parada/,"<p>&nbsp;</p>
<p>""¡Prepárate para una aventura vibrante que te dejará sin aliento! En esta trilogía, el periodista Aitor Zuluaga desentraña una trama inteligente llena de intriga, relaciones humanas y parejas tan naturales que resultan extraordinarias. Descubre cómo los servicios secretos chilenos e ingleses se entrelazan en un crimen con características de ajusticiamiento en Madrid. ¿Estás listo para sumergirte en esta emocionante historia? No te pierdas ni un detalle.""</p>","&nbsp; ""¡Prepárate para una aventura vibrante que te dejará sin aliento! En esta trilogía, el periodista Aitor Zuluaga desentraña una trama inteligente llena de intriga, relaciones humanas y parejas tan naturales que resultan extraordinari…",,1179,https://editoriallarueca.com/wp-content/uploads/foto-Mauro-OK.jpeg,,,publish,legacy_author_book_combined,tf_libro poblado,,book_synopsis,medium,,,
author:1182,1182,Iñaki Domínguez Ledo,inaki dominguez ledo,inaki-dominguez-ledo,inaki-dominguez-ledo,https://editoriallarueca.com/autor/inaki-dominguez-ledo/,"<p>""La comunicación es clave en ventas y, como Asesor Comercial, he aprendido que va más allá de las palabras. Con mi experiencia y formación, he creado una guía que muestra cómo las habilidades de escucha, empatía y adaptabilidad pueden transformar las interacciones con los clientes. Descubre cómo aprovechar todas las herramientas en este libro, que revela que la comunicación en la fuerza de ventas es solo la punta del iceberg. ¡No te lo pierdas!""</p>","""La comunicación es clave en ventas y, como Asesor Comercial, he aprendido que va más allá de las palabras. Con mi experiencia y formación, he creado una guía que muestra cómo las habilidades de escucha, empatía y adaptabilidad pueden tran…",,1183,https://editoriallarueca.com/wp-content/uploads/w_foto-inaki.jpg,,,publish,legacy_author_book_combined,tf_libro poblado,,book_synopsis,medium,,"La comunicación es una herramienta esencial para cualquier persona que quiera llegar a un objetivo, especialmente en el área de las ventas.",
author:1187,1187,Norberto Domínguez Jurado,norberto dominguez jurado,norberto-dominguez-jurado-y-maria-isabel-martin-aranda,norberto-dominguez-jurado-y-maria-isabel-martin-aranda,https://editoriallarueca.com/autor/norberto-dominguez-jurado-y-maria-isabel-martin-aranda/,"<p>""Nuestro nuevo libro explora la convergencia de la inteligencia artificial y la educación física, ofreciendo una visión integral de las innovaciones que están dando forma al futuro de la enseñanza y el bienestar personal. Desde la personalización de entrenamientos hasta la creación de entornos virtuales de aprendizaje, descubre cómo la IA está transformando la forma en que enseñamos y practicamos actividades físicas. Este libro es una lectura obligada para profesores, opositores y especialistas en el ámbito de la actividad física y la educación física. ¡Obtén tu copia hoy!""</p>","""Nuestro nuevo libro explora la convergencia de la inteligencia artificial y la educación física, ofreciendo una visión integral de las innovaciones que están dando forma al futuro de la enseñanza y el bienestar personal. Desde la personal…",,1193,https://editoriallarueca.com/wp-content/uploads/W_FotoNorberto.jpg,,,publish,legacy_author_book_combined,tf_libro poblado,possible-author:norberto dominguez jurado,book_synopsis,medium,,La IA ofrece herramientas de gran potencial para optimizar la experiencia de enseñanza y promover un estilo de vida saludable.,
author:1194,1194,María Isabel Martín Aranda,maria isabel martin aranda,maria-isabel-martin-aranda,maria-isabel-martin-aranda,https://editoriallarueca.com/autor/maria-isabel-martin-aranda/,"<p>""Nuestro nuevo libro explora la convergencia de la inteligencia artificial y la educación física, ofreciendo una visión integral de las innovaciones que están dando forma al futuro de la enseñanza y el bienestar personal. Desde la personalización de entrenamientos hasta la creación de entornos virtuales de aprendizaje, descubre cómo la IA está transformando la forma en que enseñamos y practicamos actividades físicas. Este libro es una lectura obligada para profesores, opositores y especialistas en el ámbito de la actividad física y la educación física. ¡Obtén tu copia hoy!""</p>","""Nuestro nuevo libro explora la convergencia de la inteligencia artificial y la educación física, ofreciendo una visión integral de las innovaciones que están dando forma al futuro de la enseñanza y el bienestar personal. Desde la personal…",,1195,https://editoriallarueca.com/wp-content/uploads/W_Foto-Maria-Isabel-Martin.jpg,,,publish,legacy_author_book_combined,tf_libro poblado,,book_synopsis,medium,,,
author:1198,1198,Rosario Real Calama,rosario real calama,rosario-real-calama,rosario-real-calama,https://editoriallarueca.com/autor/rosario-real-calama/,"<p>""Explorando la esencia del Tiempo y la dualidad de Luz y Sombra, este texto te sumerge en un mundo de interrogantes sobre la vida y la muerte. Descubre sutiles percepciones de una realidad más allá de lo convencional en esta obra que aborda también el poder y la justicia.""</p>","""Explorando la esencia del Tiempo y la dualidad de Luz y Sombra, este texto te sumerge en un mundo de interrogantes sobre la vida y la muerte. Descubre sutiles percepciones de una realidad más allá de lo convencional en esta obra que abord…",,1200,https://editoriallarueca.com/wp-content/uploads/w_fOTO_RosarioReal.jpg,,,publish,legacy_author_book_combined,tf_libro poblado,,book_synopsis,medium,,Son texto compuesto por distintos relatos que recogen sucesos y experiencias.,
author:1204,1204,Andrés Pinar Godoy,andres pinar godoy,andres-pinar-godoy,andres-pinar-godoy,https://editoriallarueca.com/autor/andres-pinar-godoy/,"<p>En los años 60, jóvenes de Ávila luchan por libertades democráticas en la Universidad Complutense de Madrid. Un relato sobre amor, cambio social y la evolución del movimiento estudiantil, que culmina en la Transición española hacia una monarquía parlamentaria. ¿Qué nos lleva a abandonar nuestros ideales? </p>","En los años 60, jóvenes de Ávila luchan por libertades democráticas en la Universidad Complutense de Madrid. Un relato sobre amor, cambio social y la evolución del movimiento estudiantil, que culmina en la Transición española hacia una mon…",,1206,https://editoriallarueca.com/wp-content/uploads/w_fotoAndres.jpg,,,publish,legacy_author_book_combined,tf_libro poblado,,book_synopsis,medium,,"Concibe la literatura como un instrumento de conocimiento, de indagación en el ser humano en su interrelación con los demás.",
author:1209,1209,Francisco Marín Vargas,francisco marin vargas,francisco-marin-vargas-2,francisco-marin-vargas,https://editoriallarueca.com/autor/francisco-marin-vargas-2/,"<p>Esferas temporales es un recorrido en el tiempo que nos condiciona a replantearnos la naturaleza y evolución del propio ser.</p>
<p>Una imagen interior como ayuda para entender y dar equilibrio a nuestro estar.</p>",Esferas temporales es un recorrido en el tiempo que nos condiciona a replantearnos la naturaleza y evolución del propio ser. Una imagen interior como ayuda para entender y dar equilibrio a nuestro estar.,,1211,https://editoriallarueca.com/wp-content/uploads/w_Foto_FcoMarin-1.jpg,,,publish,legacy_author_book_combined,tf_libro poblado,possible-author:francisco marin vargas,book_synopsis,medium,,Esferas temporales es un recorrido en el tiempo que nos condiciona a replantearnos la naturaleza y evolución del propio ser.,
author:1214,1214,Patxi Oyaga,patxi oyaga,patxi-oyaga,patxi-oyaga,https://editoriallarueca.com/autor/patxi-oyaga/,"<p>""Una historia sobre el destino, la soledad y la búsqueda de uno mismo. ¿Estás listo para sumergirte en los suburbios de la gran ciudad y descubrir lo que el ciberespacio tiene reservado para ti?""</p>","""Una historia sobre el destino, la soledad y la búsqueda de uno mismo. ¿Estás listo para sumergirte en los suburbios de la gran ciudad y descubrir lo que el ciberespacio tiene reservado para ti?""",,1216,https://editoriallarueca.com/wp-content/uploads/W_FOTOpatxi.jpg,,,publish,legacy_author_book_combined,tf_libro poblado,possible-author:patxi oyaga,book_synopsis,medium,,"Una historia sobre el destino, la soledad y la búsqueda de uno mismo. ¿Estás listo para sumergirte en los suburbios de la gran ciudad?",
author:1219,1219,Julio Sánchez Alonso,julio sanchez alonso,julio-sanchez-alonso-2,julio-sanchez-alonso,https://editoriallarueca.com/autor/julio-sanchez-alonso-2/,"<p>""El recuerdo que guardo de muchas cosas es el de la primera vez. Es como si el tiempo no hubiera pasado ni para mí ni para los que me rodean cuando de sobra sé que el tiempo vuela, que la vida se va consumiendo esclava de los hábitos y de las rutinas y de que, cuando te quiere dar cuenta, ya ha pasado todo. 'La vida dura poquísimo, apenas un minuto que pasa enseguida...'  reconocería el arquitecto Niemeyer cuando ya había cumplido los cien años"".</p>
<p>Se dice que tenemos dos vidas, una propia y la que los demás nos inventan. Puede que haya una tercera: la que nos inventamos nosotros mismos. En cualquier caso, todas son esclavas de la memoria y ya sabemos que esta suele fallar.</p>","""El recuerdo que guardo de muchas cosas es el de la primera vez. Es como si el tiempo no hubiera pasado ni para mí ni para los que me rodean cuando de sobra sé que el tiempo vuela, que la vida se va consumiendo esclava de los hábitos y de…",,1220,https://editoriallarueca.com/wp-content/uploads/w_FotoJulio_solapa.jpg,,,publish,legacy_author_book_combined,tf_libro poblado,possible-author:julio sanchez alonso,book_synopsis,medium,,,
author:1230,1230,Guillermo M. Schrem,guillermo m schrem,guillermo-m-schrem-3,guillermo-m-schrem,https://editoriallarueca.com/autor/guillermo-m-schrem-3/,"<p>""Descubre el oscuro secreto oculto tras la fachada de respetabilidad en nuestra nueva novela policíaca.</p>
<p>¿Estás listo para adentrarte en una trama llena de misterio y giros inesperados?""</p>","""Descubre el oscuro secreto oculto tras la fachada de respetabilidad en nuestra nueva novela policíaca. ¿Estás listo para adentrarte en una trama llena de misterio y giros inesperados?""",,1232,https://editoriallarueca.com/wp-content/uploads/w_FotoGuillermo-2.jpg,,,publish,legacy_author_book_combined,tf_libro poblado,possible-author:guillermo m schrem,book_synopsis,medium,,Descubre el oscuro secreto oculto tras la fachada de respetabilidad en nuestra nueva novela policíaca. ¿Estás listo para adentrarte en ella?,
author:1235,1235,Jose Antonio Galante Pérez,jose antonio galante perez,jose-antonio-galante-perez-2,jose-antonio-galante-perez,https://editoriallarueca.com/autor/jose-antonio-galante-perez-2/,"<p>¡Descubre la belleza de la simplicidad con ""Haikus en el camino""! Sumérgete en la poesía japonesa tradicional y deja que sus 17 sílabas te transporten a un mundo de luz y desnudez. ¡Acompaña al viejo poeta en su viaje por la vida a través de los cafés, garitos y calles de la ciudad! </p>","¡Descubre la belleza de la simplicidad con ""Haikus en el camino""! Sumérgete en la poesía japonesa tradicional y deja que sus 17 sílabas te transporten a un mundo de luz y desnudez. ¡Acompaña al viejo poeta en su viaje por la vida a través…",,906,https://editoriallarueca.com/wp-content/uploads/w_FotoGalante.jpg,,,publish,legacy_author_book_combined,tf_libro poblado,possible-author:jose antonio galante perez,book_synopsis,medium,,"La brevedad y la concisión obligan a condensar, sin un gran ropaje de palabras, un mensaje que no deje indiferente.",
author:1246,1246,ELGA REÁTEGUI,elga reategui,elga-reategui,elga-reategui,https://editoriallarueca.com/autor/elga-reategui/,"<p>Descubre un viaje íntimo y emocional a través de los poemas de Elga Reátegui, donde el duelo, la búsqueda espiritual y la reconciliación se entrelazan en una travesía hacia el ser. Una obra que celebra la diversidad cultural y espiritual, invitándote a encontrar tu hogar espiritual en cada verso. </p>","Descubre un viaje íntimo y emocional a través de los poemas de Elga Reátegui, donde el duelo, la búsqueda espiritual y la reconciliación se entrelazan en una travesía hacia el ser. Una obra que celebra la diversidad cultural y espiritual,…",,1248,https://editoriallarueca.com/wp-content/uploads/w_Foto-Elga.jpg,,,publish,legacy_author_book_combined,tf_libro poblado,possible-author:elga reategui,book_synopsis,medium,,"El libro de poemas de Elga Reátegui introduce al lector a un universo íntimo y emocional, destacando la singularidad de la autora.",
author:1256,1256,Ángel García  García-Muñoz  (Büru),angel garcia garcia munoz buru,angel-garcia-garcia-munoz-buru-2,angel-garcia-garcia-munoz-buru,https://editoriallarueca.com/autor/angel-garcia-garcia-munoz-buru-2/,"<p>""Que de mí no quede más que lo que escribo: mi vida, mis decisiones, mi responsabilidad. Cada año es un recordatorio de que el tiempo es breve, pero mi compromiso es hacerlo significativo, sin fraudes ni culpas.</p>","""Que de mí no quede más que lo que escribo: mi vida, mis decisiones, mi responsabilidad. Cada año es un recordatorio de que el tiempo es breve, pero mi compromiso es hacerlo significativo, sin fraudes ni culpas.",,1258,https://editoriallarueca.com/wp-content/uploads/foto-autor-1.jpg,,,publish,legacy_author_book_combined,tf_libro poblado,possible-author:angel garcia garcia munoz buru,book_synopsis,medium,,Un viseño errante nacido el siglo pasado que está deseando volver a la tierra de sus padres.Escribo para que el tiempo no pase en balde.,
author:1302,1302,Francisco Marín Vargas,francisco marin vargas,francisco-marin-vargas-3,francisco-marin-vargas,https://editoriallarueca.com/autor/francisco-marin-vargas-3/,"<p>CUENTOS PARA AMARA<br />Es una colección de breves cuentos infantiles, a los que fui dando vida a la vez que mi nieta iba creciendo.<br />En estos, nos encontramos con distintos personajes, los cuales hicieron disfrutar a mi pequeña Amara cuando le hablé de ellos.</p>","CUENTOS PARA AMARA Es una colección de breves cuentos infantiles, a los que fui dando vida a la vez que mi nieta iba creciendo. En estos, nos encontramos con distintos personajes, los cuales hicieron disfrutar a mi pequeña Amara cuando le…",,1312,https://editoriallarueca.com/wp-content/uploads/w_Foto_FcoMarin-2.jpg,,,publish,legacy_author_book_combined,tf_libro poblado,possible-author:francisco marin vargas,book_synopsis,medium,,"CUENTOS PARA AMARA es una colección de breves cuentos infantiles, a los que fui dando vida a la vez que mi nieta iba creciendo.",
author:1313,1313,Melchor Albrig,melchor albrig,melchor-albrig,melchor-albrig,https://editoriallarueca.com/autor/melchor-albrig/,"<p>La novela narra las dificultades y eventos curiosos que ocurrieron durante su creación. El autor enfrentó la pérdida del texto en dos ocasiones debido a fallos informáticos, lo que llevó a que la historia se desarrollara de manera fragmentada y caótica, con notas dispersas acumuladas a lo largo del tiempo. A pesar de la confusión inicial, estas notas terminaron encajando perfectamente, formando una narración coherente centrada en la ""Isla de Grottsmann"".</p>","La novela narra las dificultades y eventos curiosos que ocurrieron durante su creación. El autor enfrentó la pérdida del texto en dos ocasiones debido a fallos informáticos, lo que llevó a que la historia se desarrollara de manera fragment…",,1315,https://editoriallarueca.com/wp-content/uploads/w_FotoJoaquin.jpg,,,publish,legacy_author_book_combined,tf_libro poblado,,book_synopsis,medium,,"En su novela, el autor narra las dificultades y eventos curiosos de su creación, como la pérdida del texto dos veces y un desarrollo difícil.",
author:1325,1325,José Antonio Galante Pérez,jose antonio galante perez,jose-antonio-galante-perez-3,jose-antonio-galante-perez,https://editoriallarueca.com/autor/jose-antonio-galante-perez-3/,"<p>""Este poemario de caminante recorre los paisajes del tiempo y la memoria, donde Zaragoza se erige protagonista, siempre arropada por el Ebro y el cierzo. Poemas que dejan marca profunda en la piel del alma, alojados en los rincones del tiempo y la nostalgia. Versos que pintan paisajes históricos, urbanos, naturales y humanos. En definitiva, todo lo que no se puede dejar atrás, porque no se puede olvidar lo inolvidable.""</p>","""Este poemario de caminante recorre los paisajes del tiempo y la memoria, donde Zaragoza se erige protagonista, siempre arropada por el Ebro y el cierzo. Poemas que dejan marca profunda en la piel del alma, alojados en los rincones del tie…",,1327,https://editoriallarueca.com/wp-content/uploads/w_Foto-JoseAntonioGalante.jpg,,,publish,legacy_author_book_combined,tf_libro poblado,possible-author:jose antonio galante perez,book_synopsis,medium,,"""Este poemario de caminante recorre los paisajes del tiempo y la memoria, donde Zaragoza se erige protagonista, siempre arropada por el Ebro y el cierzo"".",
author:1341,1341,José Vte. Carmona Simarro,jose vte carmona simarro,jose-vte-carmona-simarro-editorial_la_rueca,jose-vte-carmona-simarro-editorial-la-rueca,https://editoriallarueca.com/autor/jose-vte-carmona-simarro-editorial_la_rueca/,"<p>""La amistad, idealmente eterna, varía en duración e intensidad. Valoro cada momento vivido y pensado, honrando a quienes nos precedieron. Pese al dolor de perder seres queridos, deseo vivir plenamente, aunque sea por segundos. Una máxima de Hemingway sobre la resistencia humana me hace reflexionar. Conocer a Matie al final de un curso universitario sugiere un impacto significativo en mi vida.""<br /><br /><br /></p>","""La amistad, idealmente eterna, varía en duración e intensidad. Valoro cada momento vivido y pensado, honrando a quienes nos precedieron. Pese al dolor de perder seres queridos, deseo vivir plenamente, aunque sea por segundos. Una máxima d…",,1344,https://editoriallarueca.com/wp-content/uploads/w_FotoJoseVicente2.jpg,,,publish,legacy_author_book_combined,tf_libro poblado,possible-author:jose vte carmona simarro,book_synopsis,medium,,"En Editorial La Rueca, nuevo libro sobre la amistad y los momentos vividos que debemos valorar en su justa medida.",
author:1348,1348,Francisco Marín Vargas,francisco marin vargas,francisco-marin-vargas-4,francisco-marin-vargas,https://editoriallarueca.com/autor/francisco-marin-vargas-4/,"<p>CUENTOS PARA AMARA es una colección de breves cuentos infantiles, a los que fui dando vida a la vez que mi nieta iba creciendo.</p>
<p>En estos, nos encontramos con distintos personajes, los cuales hicieron disfrutar a mi pequeña Amara cuando le hablé de ellos.</p>","CUENTOS PARA AMARA es una colección de breves cuentos infantiles, a los que fui dando vida a la vez que mi nieta iba creciendo. En estos, nos encontramos con distintos personajes, los cuales hicieron disfrutar a mi pequeña Amara cuando le…",,1312,https://editoriallarueca.com/wp-content/uploads/w_Foto_FcoMarin-2.jpg,,,publish,legacy_author_book_combined,tf_libro poblado,possible-author:francisco marin vargas,book_synopsis,medium,,"CUENTOS PARA AMARA es una colección de breves cuentos infantiles, a los que fui dando vida a la vez que mi nieta iba creciendo.",
author:1358,1358,Minerva Buiza,minerva buiza,minerva-buiza,minerva-buiza,https://editoriallarueca.com/autor/minerva-buiza/,"<p>Siempre trabajo para descubrir la belleza del alma y buscar la luz de cada ser, guiado por la verdad y la información que recibo de mis guías espirituales, santos y ángeles. En la vida enfrentamos pruebas, ya sean buenas o malas, que forman parte de nuestro destino. Por ello, he creado este libro guía adivinatorio de los santos, como un apoyo diario en vuestras vidas, impregnado de fe y crecimiento espiritual.</p>","Siempre trabajo para descubrir la belleza del alma y buscar la luz de cada ser, guiado por la verdad y la información que recibo de mis guías espirituales, santos y ángeles. En la vida enfrentamos pruebas, ya sean buenas o malas, que forma…",,1364,https://editoriallarueca.com/wp-content/uploads/Foto3Minerva.jpeg,,,publish,legacy_author_book_combined,tf_libro poblado,possible-author:minerva buiza,book_synopsis,medium,,"Cada carta en este libro trae un mensaje que os ayudará a desvelar vuestros problemas y futuros, proporcionando respuestas.",
author:1361,1361,Minerva Buiza,minerva buiza,minerva-buiza-2,minerva-buiza,https://editoriallarueca.com/autor/minerva-buiza-2/,"<p>*Voces del Alma* es la conexión que marcará tu destino a través del tarot. Este libro te guiará en la búsqueda de una visión espiritual del tarot. Desde siempre, la humanidad ha querido conectar con el otro lado, con seres de luz y con seres fallecidos. Es cierto que, desde la antigüedad, siempre ha habido canalizadores, médiums y personas que han sentido o percibido conexiones con el otro lado.</p>","*Voces del Alma* es la conexión que marcará tu destino a través del tarot. Este libro te guiará en la búsqueda de una visión espiritual del tarot. Desde siempre, la humanidad ha querido conectar con el otro lado, con seres de luz y con ser…",,1363,https://editoriallarueca.com/wp-content/uploads/Foto5Minerva.jpeg,,,publish,legacy_author_book_combined,tf_libro poblado,possible-author:minerva buiza,book_synopsis,medium,,Este libro te guiará en la búsqueda espiritual del tarot,
author:1365,1365,Francisco Marín Vargas,francisco marin vargas,francisco-marin-vargas-5,francisco-marin-vargas,https://editoriallarueca.com/autor/francisco-marin-vargas-5/,"<p>Adentrarse en la maravillosa escritura poética del HAIKU, no solo es un acontecimiento que nos hace descubrir la grandeza de las pequeñas cosas, sino también el enorme placer de vivirlas.</p>
<p>Aquí en este libro comparto algunas de esas vivencias.</p>","Adentrarse en la maravillosa escritura poética del HAIKU, no solo es un acontecimiento que nos hace descubrir la grandeza de las pequeñas cosas, sino también el enorme placer de vivirlas. Aquí en este libro comparto algunas de esas vivenci…",,1312,https://editoriallarueca.com/wp-content/uploads/w_Foto_FcoMarin-2.jpg,,,publish,legacy_author_book_combined,tf_libro poblado,possible-author:francisco marin vargas,book_synopsis,medium,,En este libro comparto algunas de esas vivencias.,
author:1367,1367,Andrés Morales y Ana Córdoba del Campo,andres morales y ana cordoba del campo,andres-morales-y-ana-cordoba-del-campo,andres-morales-y-ana-cordoba-del-campo,https://editoriallarueca.com/autor/andres-morales-y-ana-cordoba-del-campo/,"<p>Relatos de este pueblo, mitad vividos, mitad soñados; mitad para reír, mitad para llorar. Relatos que con un poco de fantasía quieren imitar la realidad, donde nada es verdad ni es mentira; nada es pura vida ni puro sueño. Relatos pensados para emocionar tranquilamente y, sobre todo, para ayudar a conciliar el sueño en alguna tarde de la canícula del verano.</p>","Relatos de este pueblo, mitad vividos, mitad soñados; mitad para reír, mitad para llorar. Relatos que con un poco de fantasía quieren imitar la realidad, donde nada es verdad ni es mentira; nada es pura vida ni puro sueño. Relatos pensados…",,1373,https://editoriallarueca.com/wp-content/uploads/w_AndresYAnaCon_su_permiso_don_alvaro.jpg,,,publish,legacy_author_book_combined,tf_libro poblado,,book_synopsis,medium,,"Relatos del pueblo, mitad vividos, mitad soñados.",
author:1376,1376,María Isabel Martínez Gilaranz,maria isabel martinez gilaranz,maria-isabel-martinez-gilaranz,maria-isabel-martinez-gilaranz,https://editoriallarueca.com/autor/maria-isabel-martinez-gilaranz/,"<p>Qué ocurre cuando una mujer que cree que no es capaz de hacer algo, de la noche a la mañana de la forma más inesperada, lo logra? </p>
<p>R entra a trabajar como camarero, en una empresa y conoce a una alta ejecutiva, que le revela su gran secreto... </p>
<p>Poco a poco entablar a una amistad que acabará siendo una relación. </p>","Qué ocurre cuando una mujer que cree que no es capaz de hacer algo, de la noche a la mañana de la forma más inesperada, lo logra? R entra a trabajar como camarero, en una empresa y conoce a una alta ejecutiva, que le revela su gran secreto…",,1379,https://editoriallarueca.com/wp-content/uploads/w_FotoMariaIsabel.jpg,,,publish,legacy_author_book_combined,tf_libro poblado,,book_synopsis,medium,,"Qué ocurre cuando una mujer que cree que no es capaz de hacer algo, de la noche a la mañana de la forma más inesperada, lo logra?",
author:1382,1382,Carmen Piguillem,carmen piguillem,carmen-piguillem,carmen-piguillem,https://editoriallarueca.com/autor/carmen-piguillem/,"<p>Ella misma nos regala su infancia y juventud, podemos adentrarnos en su experiencia familiar y conocer a sus padres Don Andrés Piguillem,, Doña Carmen y a sus hermanas, de las cuales dos han sido religiosas de nuestra Congregación. Lolita y Montserrat.</p>
<p>Carmen ha desempeñado diferentes misiones y cargos en nuestra Familia Congregacional, entre ellas Superiora General durante los años de 1970 a 1982.</p>
<p>Algunas de las hermanas agradecen y nos dan testimonio de lo que han vivido con Carmen.</p>
<p>Este sea un homenaje de agradecimiento por el don de su entrega en la vida religiosa y el gran amor a la Congregación y a la Iglesia.</p>","Ella misma nos regala su infancia y juventud, podemos adentrarnos en su experiencia familiar y conocer a sus padres Don Andrés Piguillem,, Doña Carmen y a sus hermanas, de las cuales dos han sido religiosas de nuestra Congregación. Lolita…",,1384,https://editoriallarueca.com/wp-content/uploads/w_CarmenPinguillen-1.jpg,,,publish,author_only_candidate,tf_libro vacío,,author_bio,medium,,"Carmen ha desempeñado diferentes misiones y cargos en nuestra Familia Congregacional, entre ellas Superiora General durante años.",
author:1392,1392,Inés Cañal,ines canal,ines-canal,ines-canal,https://editoriallarueca.com/autor/ines-canal/,"<p>Decía la poeta Rosa Aulländer que una llave había perdido su casa. Tras probar y probar, encontró al cerrajero: la llave cabía en su tumba. La poesía de Inés Cañal es una llave maestra: abre puertas, ojos, entrañas, tiempos, infancias… e incluso abre aquello que no es, o lo que solo existe en su reverso: la maternidad, la aldea que humea en la memoria, las palabras no dichas.<br />Natalia Fernández Díaz-Cabal</p>","Decía la poeta Rosa Aulländer que una llave había perdido su casa. Tras probar y probar, encontró al cerrajero: la llave cabía en su tumba. La poesía de Inés Cañal es una llave maestra: abre puertas, ojos, entrañas, tiempos, infancias… e i…",,1394,https://editoriallarueca.com/wp-content/uploads/w_Foto-Ines.jpg,,,publish,legacy_author_book_combined,tf_libro poblado,,book_synopsis,medium,,La poesia de Ines Cañal es una llave maestra.,
author:1422,1422,Guillermo M. Schrem,guillermo m schrem,guillermo-m-schrem-4,guillermo-m-schrem,https://editoriallarueca.com/autor/guillermo-m-schrem-4/,"<p>Descubre encantadoras historias sobre la adopción de animalitos en ""Ponga un animalito en su vida"". Este libro te invita a considerar la compañía de un nuevo amigo peludo, ya sea por cariño, protección, conservación o simple sueño. Con personajes de todas las formas y colores, estos cuentos te inspirarán a dar el paso. Adopta con precaución y disfruta de la alegría de tener un animalito en casa. ¡No te arrepentirás!</p>","Descubre encantadoras historias sobre la adopción de animalitos en ""Ponga un animalito en su vida"". Este libro te invita a considerar la compañía de un nuevo amigo peludo, ya sea por cariño, protección, conservación o simple sueño. Con per…",,1424,https://editoriallarueca.com/wp-content/uploads/w_FotoGuillermo-3.jpg,,,publish,legacy_author_book_combined,tf_libro poblado,possible-author:guillermo m schrem,book_synopsis,medium,,"Este libro te invita a considerar la compañía de un nuevo amigo peludo, ya sea por cariño, protección, conservación o simple sueño.",
author:1431,1431,Francisco Marín Vargas,francisco marin vargas,francisco-marin-vargas-6,francisco-marin-vargas,https://editoriallarueca.com/autor/francisco-marin-vargas-6/,"<p>""Descubre en 'Cartas a Diego' cómo Francisco Marín nos guía a través de las pequeñas cosas y las profundidades de la naturaleza, revelando los enigmas ocultos de la vida. Un viaje de observación, reflexión y conexión con lo esencial.</p>","""Descubre en 'Cartas a Diego' cómo Francisco Marín nos guía a través de las pequeñas cosas y las profundidades de la naturaleza, revelando los enigmas ocultos de la vida. Un viaje de observación, reflexión y conexión con lo esencial.",,1312,https://editoriallarueca.com/wp-content/uploads/w_Foto_FcoMarin-2.jpg,,,publish,legacy_author_book_combined,tf_libro poblado,possible-author:francisco marin vargas,book_synopsis,medium,,"Ese lugar que siempre me abrazaba desde la necesidad de estar en él, y en el que descubrí al llegar que todo es tan poco necesario...",
author:1435,1435,Eduardo Arigüel Boluda,eduardo ariguel boluda,eduardo-ariguel-boluda,eduardo-ariguel-boluda,https://editoriallarueca.com/autor/eduardo-ariguel-boluda/,"<p>Una pareja de 17 años profundamente enamorados malogra el dulce hechizo que le envolvía en incierto futuro en manos del destino.</p>
<p>Podrás disfrutar de una pareja de enamorados, su trato tremendamente indulgente y cariñoso.</p>
<p>Dentro de estas páginas lo descubrirás.</p>","Una pareja de 17 años profundamente enamorados malogra el dulce hechizo que le envolvía en incierto futuro en manos del destino. Podrás disfrutar de una pareja de enamorados, su trato tremendamente indulgente y cariñoso. Dentro de estas pá…",,1437,https://editoriallarueca.com/wp-content/uploads/w_fotoEduardo.jpg,,,publish,legacy_author_book_combined,tf_libro poblado,,book_synopsis,medium,,Una pareja de 17 años profundamente enamorados malogra el dulce hechizo que le envolvía en incierto futuro en manos del destino.,
author:1454,1454,Daniela Corao y Bárbara Mila,daniela corao y barbara mila,daniela-corao-y-barbara-mila,daniela-corao-y-barbara-mila,https://editoriallarueca.com/autor/daniela-corao-y-barbara-mila/,"<p><strong>Rodrigo debe irse a otro país.</strong></p>
<p><strong>A pesar de la distancia aprenderá a mantener viva la conexión con sus seres queridos.</strong></p>
<p><strong>Sumérgente en este viaje con él y acompáñalo a transitar sus emociones.</strong></p>
<p>@maternarlejosdecasa</p>",Rodrigo debe irse a otro país. A pesar de la distancia aprenderá a mantener viva la conexión con sus seres queridos. Sumérgente en este viaje con él y acompáñalo a transitar sus emociones. @maternarlejosdecasa,,1456,https://editoriallarueca.com/wp-content/uploads/Daniela-Corao.jpg,,,publish,legacy_author_book_combined,tf_libro poblado,,book_synopsis,medium,,Sumérgente en este viaje con él y acompáñalo a transitar sus emociones.,
author:1457,1457,Juan José Velasco Sánchez-Mayoral,juan jose velasco sanchez mayoral,juan-jose-velasco-sanchez-mayoral-2,juan-jose-velasco-sanchez-mayoral,https://editoriallarueca.com/autor/juan-jose-velasco-sanchez-mayoral-2/,,,,1459,https://editoriallarueca.com/wp-content/uploads/W_Juan-Jose-Velasco-S-1.jpg,,,publish,legacy_author_book_combined,tf_libro poblado,possible-author:juan jose velasco sanchez mayoral,ambiguous,low,,No siempre que se lee el título de una novela se intuye cuál es su argumento.,
author:1473,1473,Alonso Cruz León,alonso cruz leon,alonso-cruz-leon-2,alonso-cruz-leon,https://editoriallarueca.com/autor/alonso-cruz-leon-2/,"<p>Este libro se titula “La última carta"" precisamente porque el autor  no va poder escribir más libros, dado el error de diseño de la especie humana. Le están llamando de Aldebarán a donde viajará dentro de poco. En este libro están recogidos los pensamientos más importantes con los que se ha alimentado   en su viaje por este valle de lágrimas. Tomando prestadas palabras de Unamuno, este libro es ""alma-libro"" que, cuando se haya ido a Aldebarán, temblará en las manos de los lectores.</p>
<p><strong> </strong></p>","Este libro se titula “La última carta"" precisamente porque el autor no va poder escribir más libros, dado el error de diseño de la especie humana. Le están llamando de Aldebarán a donde viajará dentro de poco. En este libro están recogidos…",,1475,https://editoriallarueca.com/wp-content/uploads/w_FotoAutor_Alonso.jpg,,,publish,legacy_author_book_combined,tf_libro poblado,possible-author:alonso cruz leon,book_synopsis,medium,,"Trata de una crónica sobre problemas filosóficos sobre Dios, los griegos, sobre el alma, sobre la verdad y la duda y algunos temas fundamentales en mi vida",
author:1483,1483,Minerva Buiza,minerva buiza,minerva-buiza-3,minerva-buiza,https://editoriallarueca.com/autor/minerva-buiza-3/,"<p>""Sumérgete en el misterioso mundo del tarot con Arcanum y descubre el significado oculto de cada carta a través de mi sabiduría adquirida a lo largo de mi vida. Este libro te revelará los símbolos ancestrales que han cautivado a la humanidad por siglos, ofreciéndote las claves para lecturas precisas y profundas. Desarrolla tu intuición, conecta con la sabiduría ancestral y utiliza el tarot como una guía espiritual en tu vida diaria. La Torá de Minerva, uno de mis secretos más valiosos, ahora está a tu alcance.""</p>","""Sumérgete en el misterioso mundo del tarot con Arcanum y descubre el significado oculto de cada carta a través de mi sabiduría adquirida a lo largo de mi vida. Este libro te revelará los símbolos ancestrales que han cautivado a la humanid…",,1485,https://editoriallarueca.com/wp-content/uploads/w_Foto-Minerva1.jpg,,,publish,legacy_author_book_combined,tf_libro poblado,possible-author:minerva buiza,book_synopsis,medium,,Este libro te revelará los símbolos ancestrales que han cautivado a la humanidad por siglos.,
author:1518,1518,Raimundo del Valle,raimundo del valle,raimundo-del-valle,raimundo-del-valle,https://editoriallarueca.com/autor/raimundo-del-valle/,"<p>Este libro explora la resiliencia humana, la espiritualidad y nuestro lugar en el cosmos, invitando a una profunda reflexión sobre la vida, el universo y la interacción entre generaciones.</p>","Este libro explora la resiliencia humana, la espiritualidad y nuestro lugar en el cosmos, invitando a una profunda reflexión sobre la vida, el universo y la interacción entre generaciones.",,1520,https://editoriallarueca.com/wp-content/uploads/IMG_20230912_Cazorla.jpg,,,publish,legacy_author_book_combined,tf_libro poblado,,book_synopsis,medium,,"Un libro que invita a reflexionar sobre nuestra existencia, nuestras fortalezas y fragilidades, y nuestra relación con el cosmos",
author:1526,1526,Sara Sánchez Prieto,sara sanchez prieto,sara-sanchez-prieto,sara-sanchez-prieto,https://editoriallarueca.com/autor/sara-sanchez-prieto/,"<p>Esta reflexión sobre el teatro musical explora la profunda conexión entre el arte escénico y la educación. A partir de la cita de Fields, que destaca la capacidad del teatro musical para abarcar una forma de aprendizaje integral, el autor comparte una experiencia personal que se origina en su infancia, influenciada por los clásicos de Disney como ""El Rey León"" o ""La Bella y la Bestia"". Estas películas no solo marcaron su vida, sino que despertaron su amor por el teatro y la enseñanza, dos áreas que ahora busca unir.</p>
<p>A lo largo del texto, el autor nos lleva a comprender cómo los musicales pueden convertirse en un medio para que los estudiantes desarrollen tanto habilidades artísticas como personales. Al contar historias a través de personajes, los alumnos pueden soñar, explorar su creatividad y crecer como individuos. Este enfoque educativo, basado en el teatro musical, no solo busca fomentar el aprendizaje técnico, sino también generar espacios de colaboración, confianza y autoexpresión.</p>
<p>El autor concluye destacando el reto y la responsabilidad de su proyecto, que combina su pasión por la enseñanza con el poder transformador del teatro musical. Esta propuesta metodológica busca que los estudiantes no solo adquieran destrezas, sino que disfruten del proceso de narrar y dar vida a las historias, conectando lo artístico con el desarrollo integral del ser humano</p>","Esta reflexión sobre el teatro musical explora la profunda conexión entre el arte escénico y la educación. A partir de la cita de Fields, que destaca la capacidad del teatro musical para abarcar una forma de aprendizaje integral, el autor…",,1527,https://editoriallarueca.com/wp-content/uploads/w_fotoSara.jpg,,,publish,legacy_author_book_combined,tf_libro poblado,possible-author:sara sanchez prieto,book_synopsis,medium,,"Un musical no es solo un espectáculo, es una puerta hacia la creatividad y el crecimiento personal.",
author:1539,1539,Rodrigo Vázquez,rodrigo vazquez,rodrigo-vazquez,rodrigo-vazquez,https://editoriallarueca.com/autor/rodrigo-vazquez/,"<p>""Descubre <em>DÍAS DE GALERNA</em>, un cuaderno de viaje que narra una aventura invernal por España en una furgoneta camperizada. Con paisajes únicos y momentos inolvidables, acompáñame en esta travesía llena de humor, naturaleza y el espíritu libre de la carretera.""</p>","""Descubre DÍAS DE GALERNA , un cuaderno de viaje que narra una aventura invernal por España en una furgoneta camperizada. Con paisajes únicos y momentos inolvidables, acompáñame en esta travesía llena de humor, naturaleza y el espíritu lib…",,1543,https://editoriallarueca.com/wp-content/uploads/w2_fotoAutor.jpg,,,publish,legacy_author_book_combined,tf_libro poblado,,book_synopsis,medium,,Un cuaderno de viaje que narra una aventura invernal por España en una furgoneta camperizada,
author:1548,1548,Jesús Adame Ardila,jesus adame ardila,jesus-adame-ardila,jesus-adame-ardila,https://editoriallarueca.com/autor/jesus-adame-ardila/,"<p>En el esplendor del siglo XVII en España, el mundo de la numismática no solo es un pasatiempo para nobles y comerciantes, sino también un campo de batalla donde el amor, la ambición y la traición se entrelazan. Don Fernando de Mendoza, un apasionado coleccionista, se encuentra en el centro de una red de intrigas, rivalidades y amistades que cambiarán su vida para siempre.</p>","En el esplendor del siglo XVII en España, el mundo de la numismática no solo es un pasatiempo para nobles y comerciantes, sino también un campo de batalla donde el amor, la ambición y la traición se entrelazan. Don Fernando de Mendoza, un…",,1551,https://editoriallarueca.com/wp-content/uploads/w_fotoJesus.jpg,,,publish,legacy_author_book_combined,tf_libro poblado,,book_synopsis,medium,,"Intrigas y pasión en el siglo XVII: Don Fernando de Mendoza, coleccionista de monedas, enfrenta rivalidades y traiciones que cambiarán su vida para siempre.",
author:1552,1552,Gabriela Yordanova y Rafael Martínez Serrano,gabriela yordanova y rafael martinez serrano,gabriela-yordanova-y-rafael-martinez-serrano,gabriela-yordanova-y-rafael-martinez-serrano,https://editoriallarueca.com/autor/gabriela-yordanova-y-rafael-martinez-serrano/,"<p>""Morir todos los días"" es la historia real de Gabriela, una joven búlgara que, a los 22 años, enfrenta una devastadora lucha contra el alcoholismo. En un relato crudo y conmovedor, Gabriela expone los momentos más oscuros de su vida, mientras busca redención y esperanza. Un libro que refleja el dolor de la adicción, pero también la fuerza para no rendirse.</p>","""Morir todos los días"" es la historia real de Gabriela, una joven búlgara que, a los 22 años, enfrenta una devastadora lucha contra el alcoholismo. En un relato crudo y conmovedor, Gabriela expone los momentos más oscuros de su vida, mient…",,1554,https://editoriallarueca.com/wp-content/uploads/fotoRAFA.jpeg,,,publish,author_only_candidate,tf_libro vacío,,author_bio,medium,,"Narra la lucha real de Gabriela, una joven atrapada en el alcoholismo. Un relato crudo sobre el dolor de la adicción y la búsqueda de esperanza.",
author:1560,1560,Guillermo Martínez Schrem,guillermo martinez schrem,guillermo-martinez-schrem-2,guillermo-martinez-schrem,https://editoriallarueca.com/autor/guillermo-martinez-schrem-2/,"<p>""Un viaje inesperado lleva a Alex a recorrer las rutas del vino en Castilla y León, siguiendo a su amigo Fernando. Entre aldeas pintorescas, sabores tradicionales y monumentos históricos, descubrirá personajes únicos y lecciones del pasado en esta aventura gastronómica y cultural.""</p>","""Un viaje inesperado lleva a Alex a recorrer las rutas del vino en Castilla y León, siguiendo a su amigo Fernando. Entre aldeas pintorescas, sabores tradicionales y monumentos históricos, descubrirá personajes únicos y lecciones del pasado…",,1562,https://editoriallarueca.com/wp-content/uploads/w_guillermo.jpg,,,publish,legacy_author_book_combined,tf_libro poblado,possible-author:guillermo martinez schrem,book_synopsis,medium,,"Alex y Fernando recorren las rutas del vino en Castilla y León, descubriendo personajes, historia, y la mejor gastronomía local en una aventura inolvidable.",
author:1569,1569,José Carlos Ríos Camacho,jose carlos rios camacho,jose-carlos-rios-camacho,jose-carlos-rios-camacho,https://editoriallarueca.com/autor/jose-carlos-rios-camacho/,"<p>Ríos nos facilita un estudio analítico y sistemático del personaje que permite conocer la vida y andanzas previas de Tristán mucho antes de su trágica muerte, descubriéndonos con ello al caballero más allá del libreto conocido de Wagner, escudriñando sus intervenciones y aventuras con Val y sus amigos de la Tabla Redonda, de la mano del insigne Harold Foster.</p>","Ríos nos facilita un estudio analítico y sistemático del personaje que permite conocer la vida y andanzas previas de Tristán mucho antes de su trágica muerte, descubriéndonos con ello al caballero más allá del libreto conocido de Wagner, e…",,1571,https://editoriallarueca.com/wp-content/uploads/w_fotoautor-3.jpg,,,publish,legacy_author_book_combined,tf_libro poblado,,book_synopsis,medium,,Un análisis único de Tristán que explora más allá del mito wagneriano.,
author:1578,1578,Carlos José Olmedo Batista,carlos jose olmedo batista,carlos-jose-olmedo-batista-2,carlos-jose-olmedo-batista,https://editoriallarueca.com/autor/carlos-jose-olmedo-batista-2/,"<p class=""Standard"">""Ángel esperaba unas vacaciones perfectas llenas de juegos y playas, pero un simple papel transformará su verano en una aventura inesperada. Descubre cómo las pequeñas cosas pueden cambiar la vida y abrir puertas a mundos nuevos.""</p>","""Ángel esperaba unas vacaciones perfectas llenas de juegos y playas, pero un simple papel transformará su verano en una aventura inesperada. Descubre cómo las pequeñas cosas pueden cambiar la vida y abrir puertas a mundos nuevos.""",,1580,https://editoriallarueca.com/wp-content/uploads/w_FotoCarlosJ.Olmedo.jpg,,,publish,legacy_author_book_combined,tf_libro poblado,possible-author:carlos jose olmedo batista,book_synopsis,medium,,"""Ángel esperaba un verano de juegos y playas, pero un simple papel lo llevará a descubrir cómo las pequeñas cosas pueden cambiarlo todo.""",
author:1585,1585,Ignacio Luis de Orduña Puebla,ignacio luis de orduna puebla,ignacio-luis-de-orduna-puebla-2,ignacio-luis-de-orduna-puebla,https://editoriallarueca.com/autor/ignacio-luis-de-orduna-puebla-2/,"<p>Un libro que invita a reflexionar sobre el rechazo y la falta de hospitalidad hacia el Verbo, tanto en el relato bíblico como en nuestra vida. A través de un ""<em>flashback espiritual</em>"", el autor nos anima a reconocer nuestras propias negaciones y a convertirnos en <em>el buen posadero</em> que abre su corazón al amor y la reconciliación.</p>","Un libro que invita a reflexionar sobre el rechazo y la falta de hospitalidad hacia el Verbo, tanto en el relato bíblico como en nuestra vida. A través de un "" flashback espiritual "", el autor nos anima a reconocer nuestras propias negacio…",,1587,https://editoriallarueca.com/wp-content/uploads/w_fotoPadreInaki.jpg,,,publish,legacy_author_book_combined,tf_libro poblado,possible-author:ignacio luis de orduna puebla,book_synopsis,medium,,¿Y si haces un flashback espiritual?,
author:1602,1602,Mari Carmen Gordillo González,mari carmen gordillo gonzalez,mari-carmen-gordillo-gonzalez,mari-carmen-gordillo-gonzalez,https://editoriallarueca.com/autor/mari-carmen-gordillo-gonzalez/,"<p>Ude, un elfo egoísta y solitario, sueña con viajar al País de las Nubes, pero no quiere hacerlo solo. Aunque esperaba la compañía de guerreros valientes, termina acompañado por un duende, un dragón y un hada, quienes también tienen razones para embarcarse en la travesía. Juntos deberán enfrentar desafíos, aprender a trabajar en equipo y descubrir si sus diferencias pueden ser su mayor fortaleza.</p>","Ude, un elfo egoísta y solitario, sueña con viajar al País de las Nubes, pero no quiere hacerlo solo. Aunque esperaba la compañía de guerreros valientes, termina acompañado por un duende, un dragón y un hada, quienes también tienen razones…",,1604,https://editoriallarueca.com/wp-content/uploads/w_fotoCarmenGordillo.jpg,,,publish,legacy_author_book_combined,tf_libro poblado,,book_synopsis,medium,,• Los secretos y metas de cada compañero de viaje,
author:1614,1614,María Paredes,maria paredes,maria-paredes,maria-paredes,https://editoriallarueca.com/autor/maria-paredes/,"<p>""Explora los vínculos entre la vida terrenal y la espiritual en este libro que ofrece una visión reconfortante sobre la existencia más allá de la muerte. Un relato íntimo y esperanzador que, nacido del amor eterno, invita a reflexionar sobre el propósito de la vida y el significado más profundo de nuestra conexión con el universo.""</p>","""Explora los vínculos entre la vida terrenal y la espiritual en este libro que ofrece una visión reconfortante sobre la existencia más allá de la muerte. Un relato íntimo y esperanzador que, nacido del amor eterno, invita a reflexionar sob…",,1619,https://editoriallarueca.com/wp-content/uploads/w_fotoMariaParedes.jpg,,,publish,legacy_author_book_combined,tf_libro poblado,,book_synopsis,medium,,"""Una reflexión íntima y esperanzadora sobre la vida espiritual, el propósito de la existencia y el amor eterno que trasciende la muerte.""",
author:1616,1616,Sandra Sepúlveda López,sandra sepulveda lopez,sandra-sepulveda-lopez,sandra-sepulveda-lopez,https://editoriallarueca.com/autor/sandra-sepulveda-lopez/,"<p><em>Mariposas en el Jardín</em> es un compendio de relatos que invita al lector a explorar los recovecos del alma y del mundo cotidiano. Con un estilo íntimo y atrevido, la autora rinde homenaje a sus obras anteriores, a la vez que presenta textos inéditos que abordan temas como el dolor, la belleza, la muerte y el vínculo con el origen. Este libro es una sugerente invitación a un viaje introspectivo y a mirar la vida desde nuevas perspectivas.</p>","Mariposas en el Jardín es un compendio de relatos que invita al lector a explorar los recovecos del alma y del mundo cotidiano. Con un estilo íntimo y atrevido, la autora rinde homenaje a sus obras anteriores, a la vez que presenta textos…",,1618,https://editoriallarueca.com/wp-content/uploads/w_fotoSandra.jpg,,,publish,legacy_author_book_combined,tf_libro poblado,,book_synopsis,medium,,Reflexión sobre las emociones humanas,
author:1633,1633,Malva Luz,malva luz,malva-luz,malva-luz,https://editoriallarueca.com/autor/malva-luz/,"<p>""Descubre el método Sah-G-Maes y los 36 Portales de Luz: una guía transformadora para liberar bloqueos, sanar heridas y expandir tu conciencia, conectándote con tu esencia y alcanzando la paz interior.""</p>","""Descubre el método Sah-G-Maes y los 36 Portales de Luz: una guía transformadora para liberar bloqueos, sanar heridas y expandir tu conciencia, conectándote con tu esencia y alcanzando la paz interior.""",,1635,https://editoriallarueca.com/wp-content/uploads/w_Malva.jpg,,,publish,legacy_author_book_combined,tf_libro poblado,,book_synopsis,medium,,"Algo más que una meditación es el arte de liberar, sanar y fluir",
author:1644,1644,Sara Sánchez Prieto,sara sanchez prieto,sara-sanchez-prieto-2,sara-sanchez-prieto,https://editoriallarueca.com/autor/sara-sanchez-prieto-2/,"<p>El talento es ese destello único que nos hace vibrar y encontrar nuestra esencia. En este libro, comparto mis experiencias y consejos para crear un musical inspirado en <em>El Rey León</em>. 🎭✨ Una parte de mi corazón, para ti.</p>","El talento es ese destello único que nos hace vibrar y encontrar nuestra esencia. En este libro, comparto mis experiencias y consejos para crear un musical inspirado en El Rey León . 🎭✨ Una parte de mi corazón, para ti.",,1646,https://editoriallarueca.com/wp-content/uploads/w_fotoSara-1.jpg,,,publish,legacy_author_book_combined,tf_libro poblado,possible-author:sara sanchez prieto,book_synopsis,medium,,"El talento, la vocación y la creación de un musical inspirado en 'El rey león'",
author:1649,1649,Juan Antonio Valero Casado,juan antonio valero casado,juan-antonio-valero-casado-2,juan-antonio-valero-casado,https://editoriallarueca.com/autor/juan-antonio-valero-casado-2/,"<p>Reflexiona, cuestiona y descubre la realidad desde otra perspectiva con <em>Entre líneas, reflejos de un tiempo convulso</em> de Juan Antonio Valero.  Una obra que combina profundidad, sensibilidad y crítica social.</p>","Reflexiona, cuestiona y descubre la realidad desde otra perspectiva con Entre líneas, reflejos de un tiempo convulso de Juan Antonio Valero. Una obra que combina profundidad, sensibilidad y crítica social.",,1652,https://editoriallarueca.com/wp-content/uploads/w_fotoAutor-4.jpg,,,publish,legacy_author_book_combined,tf_libro poblado,possible-author:juan antonio valero casado,book_synopsis,medium,,Reflexiones críticas de Juan Antonio Valero sobre nuestra compleja realidad.,
author:1681,1681,Guillermo Martínez Schrem,guillermo martinez schrem,guillermo-martinez-schrem-3,guillermo-martinez-schrem,https://editoriallarueca.com/autor/guillermo-martinez-schrem-3/,"<p>&nbsp;</p>
<p>El aventurero decide tomarse un día libre en el antiguo Leganés, explorando sus calles, conversando con la gente y redescubriendo monumentos y rincones olvidados. Durante su recorrido, disfruta de vinos, viandas y algún whisky, mientras vive diversas peripecia ¿Te unes a la aventura?""</p>","&nbsp; El aventurero decide tomarse un día libre en el antiguo Leganés, explorando sus calles, conversando con la gente y redescubriendo monumentos y rincones olvidados. Durante su recorrido, disfruta de vinos, viandas y algún whisky, mien…",,1683,https://editoriallarueca.com/wp-content/uploads/FotoAutor.jpg,,,publish,legacy_author_book_combined,tf_libro poblado,possible-author:guillermo martinez schrem,book_synopsis,medium,,"Redescubriendo el antiguo Leganés entre calles, monumentos y buenas viandas",
author:1686,1686,Antonio Valdeavero Ponce,antonio valdeavero ponce,antonio-valdeavero-ponce-2,antonio-valdeavero-ponce,https://editoriallarueca.com/autor/antonio-valdeavero-ponce-2/,"<p>Es una obra que invita a la reflexión pausada, a la duda constructiva y a una búsqueda incansable del conocimiento, tanto personal como colectivo. Una lectura fascinante para quienes se atreven a cruzar las fronteras entre la realidad y la ficción, y para aquellos que encuentran en las preguntas una forma de trascender.</p>","Es una obra que invita a la reflexión pausada, a la duda constructiva y a una búsqueda incansable del conocimiento, tanto personal como colectivo. Una lectura fascinante para quienes se atreven a cruzar las fronteras entre la realidad y la…",,1690,https://editoriallarueca.com/wp-content/uploads/FotoAntonioValdeavero2.jpg,,,publish,legacy_author_book_combined,tf_libro poblado,possible-author:antonio valdeavero ponce,book_synopsis,medium,,"Una exploración entre la fe, la ficción y el futuro cósmico",
author:1712,1712,Antonio López Hurtado (Zárate),antonio lopez hurtado zarate,antonio-lopez-hurtado-zarate-3,antonio-lopez-hurtado-zarate,https://editoriallarueca.com/autor/antonio-lopez-hurtado-zarate-3/,"<p>Antonio López Hurtado, ingeniero de telecomunicaciones nacido en Madrid en 1943, ha dedicado su vida a la investigación sobre Moralzarzal. A través de su web, <strong data-start=""159"" data-end=""188""><a href=""http://www.conocermoralzarzal.es"" target=""_new"" rel=""noopener"" data-start=""161"" data-end=""186"" data-is-only-node="""">www.conocermoralzarzal.es</a></strong>, comparte estudios sobre la historia, fauna, flora, tradiciones y oficios del pueblo. Autor de <em data-start=""284"" data-end=""316"">Moralzarzal, Crónicas del agua</em> y colaborador en <em data-start=""334"" data-end=""373"">Recursos Patrimoniales de Moralzarzal</em>, ha publicado diversos trabajos sobre los oficios tradicionales y el patrimonio local. Actualmente jubilado, sigue divulgando el legado cultural de su comunidad.</p>
<p>&nbsp;</p>","Antonio López Hurtado, ingeniero de telecomunicaciones nacido en Madrid en 1943, ha dedicado su vida a la investigación sobre Moralzarzal. A través de su web, www.conocermoralzarzal.es , comparte estudios sobre la historia, fauna, flora, t…",,1714,https://editoriallarueca.com/wp-content/uploads/foto1.jpg,2634,https://editoriallarueca.com/wp-content/uploads/w_mockup_oficios.jpg,publish,legacy_author_book_combined,tf_libro poblado,possible-author:antonio lopez hurtado zarate,book_synopsis,medium,,Descubre los oficios que dieron vida a nuestro pueblo,
author:1722,1722,Javier Galván Macarrón,javier galvan macarron,javier-galvan-macarron,javier-galvan-macarron,https://editoriallarueca.com/autor/javier-galvan-macarron/,"<p>Sumérgete en una historia donde la escritura es la voz del propio protagonista. A través de sus palabras, sentirás su locura, miedo, ansiedad, pero también su amor, felicidad y alivio.</p>
<p>Desde la oscuridad hasta la luz, cada página es un viaje de transformación. Con la ayuda de los Ángeles y los muertos, el héroe desvela la verdad, encontrando amor, poder y protección eterna.</p>
<p>¿Estás listo para una lectura que marcará un antes y un después en tu vida?</p>","Sumérgete en una historia donde la escritura es la voz del propio protagonista. A través de sus palabras, sentirás su locura, miedo, ansiedad, pero también su amor, felicidad y alivio. Desde la oscuridad hasta la luz, cada página es un via…",,1724,https://editoriallarueca.com/wp-content/uploads/FotoAutor-1.jpg,,,publish,legacy_author_book_combined,tf_libro poblado,,book_synopsis,medium,,"novela con elementos de ficción espiritual, transformación personal y auto descubrimiento",
author:1730,1730,Santiago Javier García González,santiago javier garcia gonzalez,santiago-javier-garcia-gonzalez,santiago-javier-garcia-gonzalez,https://editoriallarueca.com/autor/santiago-javier-garcia-gonzalez/,"<p>Vista del Monasterio de San Lorenzo de El Escorial, símbolo del arte, la historia, la ciencia y la espiritualidad en España</p>
<p>Autor:</p> <p><strong>Santiago Javier García González</strong></p>
<p>Nació en Cuevas de Amaya, provincia de Burgos. Realizó todos los estudios de Humanidades y Bachillerato en la Universidad Pontificia de Comillas, donde obtuvo el título de Licenciado en Filosofía; posteriormente, alcanzó el mismo título en la Universidad Complutense de Madrid.</p>
<p>Los primeros quince años de su vida laboral los dedicó a la enseñanza en centros privados, donde impartió clases de Historia de la Filosofía, de la Literatura y del Arte al curso de orientación universitaria (C.O.U.). El trabajo en Banca ocupó el resto de su vida laboral.</p>
<p>En los últimos años ha publicado:</p>
<p>“El País de la Vida”, de contenido vivencial y de carácter filosófico-teológico.</p>
<p>“Un día (o 2) en Toledo”, como guía que facilita el recorrido por la ciudad y el entendimiento de sus excelencias.</p>
<p>“Las pinturas negras en la Quinta del Sordo” con una interpretación singular.</p>
<p>“Vocabulario gráfico de Artes Plásticas” con más de 1300 términos que facilita la identificación de los elementos utilizados en pintura, escultura y arquitectura.</p>
<p>Tiene terminado el comentario de todos los cuadros que el museo del Prado muestra en la exposición permanente, más otros de diferentes lugares, superando las 1600 pinturas. Algunos de esos análisis se encuentran en esta guía.</p>","Vista del Monasterio de San Lorenzo de El Escorial, símbolo del arte, la historia, la ciencia y la espiritualidad en España Autor: Santiago Javier García González Nació en Cuevas de Amaya, provincia de Burgos. Realizó todos los estudios de…",,1732,https://editoriallarueca.com/wp-content/uploads/FotoAutor-2.jpg,1731,https://editoriallarueca.com/wp-content/uploads/w_MockUp_Escorial.jpg,publish,legacy_author_book_combined,tf_libro poblado,,book_synopsis,medium,,"El Escorial es mucho más que un monumento. Es memoria, legado y esencia.",
author:1744,1744,Elena Miramontes Seijas,elena miramontes seijas,elena-miramontes-seijas,elena-miramontes-seijas,https://editoriallarueca.com/autor/elena-miramontes-seijas/,"<p>Autora: <strong>Elena Miramontes Seija</strong></p>

<p>Pedro Monte fue una de las figuras más relevantes en el campo militar en la Europa de entre los siglos XV-XVI. De entre las obras escritas por él que han llegado hasta nosotros, su <em>Collectanea</em> nos aporta el mayor resumen de algunas de sus principales teorías acerca del conocimiento de las complexiones humanas, además de darnos descripciones y anotaciones detalladas sobre el manejo de las diferentes armas defensivas y ofensivas empleadas en su época, instrucciones sobre diversas mañas empleadas en la lucha cuerpo a cuerpo o sobre giros acrobáticos a realizar a caballo, entre otros muchos datos.</p>
<p> Originalmente escrita en latín, aunque con una clara y directa influencia de términos españoles e italianos, por fin esta obra ve la luz en su traducción al castellano, permitiendo con ello la divulgación de la que fue el mayor manual de combate relativo a la Escuela Española en vida del propio autor y en los siglos sucesivos.</p>","Autora: Elena Miramontes Seija Pedro Monte fue una de las figuras más relevantes en el campo militar en la Europa de entre los siglos XV-XVI. De entre las obras escritas por él que han llegado hasta nosotros, su Collectanea nos aporta el m…",,1746,https://editoriallarueca.com/wp-content/uploads/FotoElenaMiramontes.jpg,2633,https://editoriallarueca.com/wp-content/uploads/w_MockUp_compendio-1.jpg,publish,legacy_author_book_combined,tf_libro poblado,,book_synopsis,medium,,El Arte del Combate en el Renacimiento,
author:1750,1750,Diego Gómez-Costa,diego gomez costa,diego-gomez-costa-2,diego-gomez-costa,https://editoriallarueca.com/autor/diego-gomez-costa-2/,"<p>Autor: <strong>Diego Gómez-Costa</strong></p>
<p>Lleva toda una vida cuestionando la existencia de algo más allá de lo evidente. A través de su trayectoria profesional se ha desarrollado en áreas relacionadas con las personas, intentando de una u otra forma mejorar su estado de salud. En los últimos años ha ido añadiendo experiencias que le han permitido ayudar a quienes lo necesiten cumpliendo así con parte de su propósito de VIDA. Con una actitud siempre positiva, nos trae esta obra disruptiva, para así poder compaginar lo científico con lo literario.</p>","Autor: Diego Gómez-Costa Lleva toda una vida cuestionando la existencia de algo más allá de lo evidente. A través de su trayectoria profesional se ha desarrollado en áreas relacionadas con las personas, intentando de una u otra forma mejor…",,2632,https://editoriallarueca.com/wp-content/uploads/w2_fotoAutor-3.jpg,1749,https://editoriallarueca.com/wp-content/uploads/w_mockup_Diego.jpg,publish,legacy_author_book_combined,tf_libro poblado,possible-author:diego gomez costa,book_synopsis,medium,,"Para ser bueno, debes ser bueno… y saber quién eres.",
author:1780,1780,Guillermo M. Schrem,guillermo m schrem,guillermo-m-schrem-5,guillermo-m-schrem,https://editoriallarueca.com/autor/guillermo-m-schrem-5/,"<p>Autor: <strong>Guillermo M. Schrem</strong></p>
<p>Nace en Barcelona en 1955 para renacer en Leganés en 1995. Después de su jubilación se aventura en el mundo del cine y del teatro, además de sumergirse en la escritura. Ha creado un personaje bebedor, gastrónomo, viajero y diletante que aparece en las novelas: <em>el hombre del año pasado, todo el mundo sabe, parece que hace tanto tiempo, closing time, tú sabes quién soy, dance me to the end of love, esa no es la manera de decir adiós, a mil besos de profundidad, llega la noche, has amado lo suficiente, muéstrame el lugar, el amor te llama por tu nombre, ligero como la brisa, famosa gabardina azul y pájaro en el alambre.</em></p>
<p>Tiene publicadas las novelas: <em>un pez de colores, 1435 mm, el valle de cristal, el rumor de la marea, estásimo y </em>los libros de narraciones breves<em>, fantasmas, abordaje, geografías, cuentos del vacío y el desasosiego y zoografías.</em></p>","Autor: Guillermo M. Schrem Nace en Barcelona en 1955 para renacer en Leganés en 1995. Después de su jubilación se aventura en el mundo del cine y del teatro, además de sumergirse en la escritura. Ha creado un personaje bebedor, gastrónomo,…",,1782,https://editoriallarueca.com/wp-content/uploads/w_FotoGuillermo-4.jpg,1781,https://editoriallarueca.com/wp-content/uploads/w_MockUp_ManoAMano.jpg,publish,legacy_author_book_combined,tf_libro poblado,possible-author:guillermo m schrem,book_synopsis,medium,,"Una novela negra con tintes rurales, personajes inolvidables y giros que no verás venir.",
author:1787,1787,Marina Alejandra Domínguez,marina alejandra dominguez,marina-alejandra-dominguez,marina-alejandra-dominguez,https://editoriallarueca.com/autor/marina-alejandra-dominguez/,"<p>Autora: <strong>Marina Alejandra Domínguez</strong></p>
<p>Nacida el 13 de noviembre de 1978 en Argentina y actualmente residente en SIllot, Mallorca, la autora encuentra en los atardeceres, el mar y la montaña una fuente constante de inspiración y paz.</p>

<p><em>Todos estamos de paso…</em><br />Este libro es un reflejo del alma: recuerdos, pérdidas, amor, sueños y mensajes que llegan desde el más allá.<br />Una historia que toca el corazón, que acompaña en los momentos de caída y que nos impulsa a volar más libres.<br />Escrito desde la experiencia, con sensibilidad y verdad.</p>","Autora: Marina Alejandra Domínguez Nacida el 13 de noviembre de 1978 en Argentina y actualmente residente en SIllot, Mallorca, la autora encuentra en los atardeceres, el mar y la montaña una fuente constante de inspiración y paz. Todos est…",,1789,https://editoriallarueca.com/wp-content/uploads/w_FotoMarina.jpg,1788,https://editoriallarueca.com/wp-content/uploads/w_MockUp_Perderse.jpg,publish,legacy_author_book_combined,tf_libro poblado,,book_synopsis,medium,,"Un libro sobre el alma, el amor y el despertar espiritual",
author:1798,1798,Manuel Gómez Rosas,manuel gomez rosas,manuel-gomez-rosas-3,manuel-gomez-rosas,https://editoriallarueca.com/autor/manuel-gomez-rosas-3/,"<p>Autor: <strong>Manuel Gómez Rosas</strong></p>
<p>Nace en Loja (Granada) un 9 de abril de 1953. Después de cursar el Bachiller, tuvo que dedicarse a la agricultura debido al fallecimiento prematuro de su padre. Gestionó una pequeña finca familiar, que no le impidió compaginar con actividades como la pintura, la poesía oral improvisada, o el ajedrez. En la lectura, siempre le apasionó la Física Cuántica, la Historia de España en la etapa del Descubrimiento y también Astronomía. Cuando estudiaba, siempre se le daba muy bien la redacción, pero fueron sus compañeros de ajedrez, los que descubrieron su habilidad para escribir.</p>","Autor: Manuel Gómez Rosas Nace en Loja (Granada) un 9 de abril de 1953. Después de cursar el Bachiller, tuvo que dedicarse a la agricultura debido al fallecimiento prematuro de su padre. Gestionó una pequeña finca familiar, que no le impid…",,1800,https://editoriallarueca.com/wp-content/uploads/w_FotoManuel-2.jpg,1799,https://editoriallarueca.com/wp-content/uploads/w_mockup_LosMejores.jpg,publish,legacy_author_book_combined,tf_libro poblado,possible-author:manuel gomez rosas,book_synopsis,medium,,Humor inteligente y lenguaje cercano.,
author:1821,1821,José Herruzo Orejuela,jose herruzo orejuela,jose-herruzo-orejuela,jose-herruzo-orejuela,https://editoriallarueca.com/autor/jose-herruzo-orejuela/,"José Herruzo Orejuela <p>Écija, 1957.                                                                                
<p>Pasó los primeros veinte años de su vida en la aldea colona de El Villar, Fuente Palmera (Córdoba). Donde trabajó como jornalero del campo andaluz. Concluido el servicio militar, emigra a Badalona, trabajando en el sector del comercio textil. Regresa a Fuente Palmera en 1995, donde finaliza su vida laboral en la misma actividad comercial. Apasionado desde siempre a la lectura, —ahora también a la escritura—, dedica su tiempo a recorrer los caminos de su memoria. Buscando historias perdidas, que, otrora, no las pudieron contar.     </p>
<p>Primeros días de la Guerra Civil.<br />En el corazón de Andalucía, entre Écija y Fuente Palmera, una pequeña aldea de 650 habitantes se convierte en el escenario de una lucha silenciosa: la de Dolores, una mujer que lo perdió casi todo… menos el coraje.</p>","José Herruzo Orejuela Écija, 1957. Pasó los primeros veinte años de su vida en la aldea colona de El Villar, Fuente Palmera (Córdoba). Donde trabajó como jornalero del campo andaluz. Concluido el servicio militar, emigra a Badalona, trabaj…",,2623,https://editoriallarueca.com/wp-content/uploads/w_JoseHerruzo.jpg,2624,https://editoriallarueca.com/wp-content/uploads/w_MockUp_Evocacion2.jpg,publish,legacy_author_book_combined,tf_libro poblado,,book_synopsis,medium,,"Una historia inspirada en hechos reales durante los primeros días de la Guerra Civil. Dolores y su hijo Pepito luchan por sobrevivir en una aldea andaluza marcada por el conflicto, el prejuicio y la injusticia.",
author:1834,1834,José Vte. Carmona Simarro,jose vte carmona simarro,jose-vte-carmona-simarro-2,jose-vte-carmona-simarro,https://editoriallarueca.com/autor/jose-vte-carmona-simarro-2/,"<p>Autor: <strong>José Vte. Carmona Simarro</strong></p>
<p>Ha publicado los libros de poesía, ensayo y relatos:</p>
<p>Al abrigo de mi memoria (2008) de Redactors y Editors SL.</p>
<p>Mil veces te quiero y más (2009) de Ediciones la Sirena.</p>
<p>Relatos de amor, desamor y nada (2011) de la editorial Cultiva libros.</p>
<p>En otoño volverás (2012) de la editorial Cultiva Libros.</p>
<p>My Fanny A (2012) de la editorial Psylicom.</p>
<p>Poemas de la bailarina (2013) de la editorial Cultiva Libros.</p>
<p>No hay tiempo para no amar (2014) de la editorial Letras de Autor.</p>
<p>Azul: La mar en la noche (2014) de la editorial Psylicom.</p>
<p>Como un cuchillo que te atraviesa el alma (2015) de la editorial Letras de Autor.</p>
<p>Valentina la chica de los ojos de lluvia (2016) de la editorial Psylicom.</p>
<p>Locamente enamorado de él (2017)  de la editorial Letras de Autor.</p>
<p>Lento proceso de derrumbe (2018) de la editorial Psylicom.</p>
<p>Cuando las  estrellas brillaban el doble (2019) de la editorial Psylicom.</p>
<p>Parece que fue todo ayer (2021) de la editorial Psylicom.</p>
<p>Perdóname por los poemas que te escribí (2023) Editorial La Rueca</p>
<p>Quedamos para despedirnos pero ella no lo sabía (2024) Editorial La Rueca</p>

<p>Una historia profunda y honesta sobre la desconexión emocional, la apatía y la necesidad de amar para sentirse vivo</p>","Autor: José Vte. Carmona Simarro Ha publicado los libros de poesía, ensayo y relatos: Al abrigo de mi memoria (2008) de Redactors y Editors SL. Mil veces te quiero y más (2009) de Ediciones la Sirena. Relatos de amor, desamor y nada (2011)…",,2622,https://editoriallarueca.com/wp-content/uploads/2w_JoseVteCarmona.jpg,2621,https://editoriallarueca.com/wp-content/uploads/w_mokUp_Azul-1.jpg,publish,legacy_author_book_combined,tf_libro poblado,possible-author:jose vte carmona simarro,book_synopsis,medium,,Relato introspectivo sobre el vacío emocional y la búsqueda del sentido,
author:1851,1851,Piero Poggialini,piero poggialini,piero-poggialini,piero-poggialini,https://editoriallarueca.com/autor/piero-poggialini/,"<p data-start=""107"" data-end=""306""><strong data-start=""107"" data-end=""127"">Piero Poggialini</strong> nació en la ciudad italiana de <strong data-start=""159"" data-end=""178"">Lugo di Romagna</strong>, en la provincia de <strong data-start=""199"" data-end=""209"">Rávena</strong>.<br data-start=""210"" data-end=""213"" />Cursó estudios secundarios de Humanidades, con especial atención al Italiano, Latín y Griego.</p>
<p data-start=""308"" data-end=""630"">Su trabajo le ha llevado a viajar con frecuencia, lo que le ha permitido conocer numerosas ciudades en <strong data-start=""411"" data-end=""472"">Italia, Francia, Suiza, Bélgica, España, Portugal, Brasil</strong> y <strong data-start=""475"" data-end=""487"">Alemania</strong>.<br data-start=""488"" data-end=""491"" />En <strong data-start=""494"" data-end=""502"">1996</strong> se casó en <strong data-start=""514"" data-end=""523"">Leyre</strong> con <strong data-start=""528"" data-end=""539"">Marisol</strong>, y posteriormente se trasladó a <strong data-start=""572"" data-end=""584"">Pamplona</strong>. Actualmente reside en <strong data-start=""608"" data-end=""629"">Tafalla (Navarra)</strong>.</p>
<p data-start=""632"" data-end=""891"">Es autor de <strong data-start=""644"" data-end=""670"">poesías, microrrelatos</strong> y <strong data-start=""673"" data-end=""733"">comentarios sobre óperas líricas, zarzuelas y conciertos</strong>, una pasión que heredó de su abuelo paterno, <strong data-start=""779"" data-end=""788"">Carlo</strong>, y de su padre, <strong data-start=""805"" data-end=""817"">Giovanni</strong>, quienes desde la infancia le transmitieron su amor por la música lírica.</p>
<p data-start=""893"" data-end=""1225"">Desde hace varios años, la revista internacional online <strong data-start=""949"" data-end=""968"">Rubato Magazine</strong> publica algunos de sus artículos.<br data-start=""1002"" data-end=""1005"" />En <strong data-start=""1008"" data-end=""1025"">abril de 2016</strong>, publicó en Italia, con la editorial <strong data-start=""1063"" data-end=""1078"">Edit Faenza</strong>, el libro <em data-start=""1089"" data-end=""1109"">Indefiniti Confini</em>, una recopilación de poesías y microrrelatos que alcanzó <strong data-start=""1167"" data-end=""1185"">tres ediciones</strong> y fue ampliamente difundido en el país.</p>
<p data-start=""1227"" data-end=""1406"">En <strong data-start=""1230"" data-end=""1247"">enero de 2021</strong>, también en Italia, publicó con la editorial <strong data-start=""1293"" data-end=""1313"">Il Ponte Vecchio</strong> el libro <em data-start=""1323"" data-end=""1346"">La valigia delle idee</em>, que recoge poesías, muchas de ellas dedicadas a la música.</p>
<p data-start=""1408"" data-end=""1581"">Ha participado en diversos <strong data-start=""1435"" data-end=""1476"">Encuentros Internacionales de Autores</strong> organizados por la <strong data-start=""1496"" data-end=""1532"">Asociación Cultural Julio Robles</strong>, de Madrid, donde ha presentado su obra poética.</p>","Piero Poggialini nació en la ciudad italiana de Lugo di Romagna , en la provincia de Rávena . Cursó estudios secundarios de Humanidades, con especial atención al Italiano, Latín y Griego. Su trabajo le ha llevado a viajar con frecuencia, l…",,2618,https://editoriallarueca.com/wp-content/uploads/w_fotoPiero-1.jpg,1852,https://editoriallarueca.com/wp-content/uploads/w_mockUP_Memorias.jpg,publish,legacy_author_book_combined,tf_libro poblado,,book_synopsis,medium,,Un homenaje sensible y vibrante a la ópera y la zarzuela a través de la mirada de un espectador apasionado.,
author:1858,1858,Alonso Cruz León,alonso cruz leon,alonso-cruz-leon-3,alonso-cruz-leon,https://editoriallarueca.com/autor/alonso-cruz-leon-3/,"<p>Con este libro su autor Alonso Cruz León, hace una  reflexión sobre el cambio filosófico de Descartes, quien transitó del mecanicismo al animismo, influenciado por el cardenal Bérulle. Un análisis profundo sobre su pensamiento bifronte, entre la máquina-hombre y el misticismo, explorando su incomprensión y transformación filosófica.</p>","Con este libro su autor Alonso Cruz León, hace una reflexión sobre el cambio filosófico de Descartes, quien transitó del mecanicismo al animismo, influenciado por el cardenal Bérulle. Un análisis profundo sobre su pensamiento bifronte, ent…",,1475,https://editoriallarueca.com/wp-content/uploads/w_FotoAutor_Alonso.jpg,1862,https://editoriallarueca.com/wp-content/uploads/ww_mockup-Descartes.jpg,publish,legacy_author_book_combined,tf_libro poblado,possible-author:alonso cruz leon,book_synopsis,medium,,"Descartes, el filósofo bifronte entre la máquina y el alma.",
author:1863,1863,Juan José Velasco Sánchez-Mayoral,juan jose velasco sanchez mayoral,juan-jose-velasco-sanchez-mayoral-3,juan-jose-velasco-sanchez-mayoral,https://editoriallarueca.com/autor/juan-jose-velasco-sanchez-mayoral-3/,"<p>   Después de leer esta novela, el lector, posiblemente, llegue a la conclusión de que la confianza en sí mismo, puede conseguir metas que, en un principio, nos parezcan insuperables.</p>","Después de leer esta novela, el lector, posiblemente, llegue a la conclusión de que la confianza en sí mismo, puede conseguir metas que, en un principio, nos parezcan insuperables.",,1865,https://editoriallarueca.com/wp-content/uploads/w_fotoAutor-5.jpg,1864,https://editoriallarueca.com/wp-content/uploads/w_mockUp_Ilusiones2.jpg,publish,legacy_author_book_combined,tf_libro poblado,possible-author:juan jose velasco sanchez mayoral,book_synopsis,medium,,Una historia que te inspira a creer en ti.,
author:1866,1866,Rosa María Escudero,rosa maria escudero,rosa-maria-escudero,rosa-maria-escudero,https://editoriallarueca.com/autor/rosa-maria-escudero/,"<p><strong>Cartas a un hombre</strong>, de Rosa María Escudero Mederos, es mucho más que un libro: es una invitación a mirar hacia dentro.<br />Desde la luz de Fuerteventura, Rosa nos entrega una compilación íntima y poderosa, escrita desde la experiencia, la humildad y la fuerza.<br />Palabras que nacen del alma, que reivindican el amor, la empatía y el respeto como brújula en tiempos inciertos.<br />Una voz femenina firme y sensible que transforma lo cotidiano en revelación.</p>","Cartas a un hombre , de Rosa María Escudero Mederos, es mucho más que un libro: es una invitación a mirar hacia dentro. Desde la luz de Fuerteventura, Rosa nos entrega una compilación íntima y poderosa, escrita desde la experiencia, la hum…",,2619,https://editoriallarueca.com/wp-content/uploads/w_fotoAutora-1.jpg,2620,https://editoriallarueca.com/wp-content/uploads/W_MOCKup_RosaMEscudero-1.jpg,publish,legacy_author_book_combined,tf_libro poblado,,book_synopsis,medium,,"Palabras que nacen del alma, que reivindican el amor, la empatía y el respeto como brújula en tiempos inciertos.",
author:1881,1881,Diego Gómez-Costa,diego gomez costa,diego-gomez-costa-3,diego-gomez-costa,https://editoriallarueca.com/autor/diego-gomez-costa-3/,"<p>Sin pretender crear polémica, este libro ofrece una mirada documentada sobre la profunda conexión entre el pueblo judío y la tierra de Judea, núcleo de su identidad durante más de tres mil años.<br />Basado en hechos históricos y alejado de discursos ideológicos, invita a reflexionar sobre la memoria, la fe y la resistencia de un pueblo que nunca ha perdido su vínculo con esta tierra.</p>","Sin pretender crear polémica, este libro ofrece una mirada documentada sobre la profunda conexión entre el pueblo judío y la tierra de Judea, núcleo de su identidad durante más de tres mil años. Basado en hechos históricos y alejado de dis…",,2617,https://editoriallarueca.com/wp-content/uploads/w2_fotoAutor-2.jpg,2616,https://editoriallarueca.com/wp-content/uploads/w_MockUp_PuebloJudio2-1.jpg,publish,legacy_author_book_combined,tf_libro poblado,possible-author:diego gomez costa,book_synopsis,medium,,"Explora la milenaria conexión del pueblo judío con la tierra de Judea a través de una mirada histórica y documentada, más allá de ideologías y debates políticos.",
author:1893,1893,Antonio Olmedo Manzanares,antonio olmedo manzanares,antonio-olmedo-manzanares,antonio-olmedo-manzanares,https://editoriallarueca.com/autor/antonio-olmedo-manzanares/,"<p><strong>Fuerteventura</strong> es historia, misterio y emoción.<br />Este libro te invita a recorrer sus paisajes, descubrir sus secretos y sentir su alma.<br />Aborígenes, conquistadores y coroneles dejaron huella en una isla tantas veces olvidada como amada.<br />Un mar la abraza: suave en sotavento, bravo en barlovento.<br /><em>Ven, vívela y ámala. Porque Fuerteventura no se visita… se habita.</em></p>","Fuerteventura es historia, misterio y emoción. Este libro te invita a recorrer sus paisajes, descubrir sus secretos y sentir su alma. Aborígenes, conquistadores y coroneles dejaron huella en una isla tantas veces olvidada como amada. Un ma…",,2614,https://editoriallarueca.com/wp-content/uploads/w2_Olmedo.jpg,2615,https://editoriallarueca.com/wp-content/uploads/w_MockuP_Ingles3.jpg,publish,legacy_author_book_combined,tf_libro poblado,,book_synopsis,medium,,"Este libro sobre Fuerteventura, es historia. Además, paisaje, misterios, vivencias... Una isla única que pronto te cautivará.",
author:1902,1902,Manuel Ondo Ndong,manuel ondo ndong,manuel-ondo-ndong,manuel-ondo-ndong,https://editoriallarueca.com/autor/manuel-ondo-ndong/,"Manuel Ondo Ndong, nacido en Ebibeyin a mediados de los años setenta, es un profesor universitario y escritor ecuatoguineano. Combina con holgura sus conocimientos acumulados en el ámbito de las letras con la historia y la civilización guineo-hispánicas. La novela Ndong, el Jubilado es, precisamente, una muestra de su dominio de la tradición de su pueblo y la cultura universal. 
El profesor Ondo Ndong es lingüista, titular de un máster universitario en lingüística aplicada a la enseñanza del español, con una tesis sobre el análisis de errores morfosintácticos defendida en la Universidad Europea del Atlántico, España (2025); tiene otro máster universitario, en filología hispánica, con especialidad en gramática normativa y crítica literaria por la AIU, Estados Unidos de América (2020). En 2010 obtuvo una licenciatura en letras hispánicas y ciencias sociales en la Universidad de Yaoundé I, Camerún. Vive en la ciudad de Djibloho y trabaja en la Universidad Afroamericana de África Central, localizada en la misma ciudad, donde enseña lengua española, y traducción científica.
","Manuel Ondo Ndong, nacido en Ebibeyin a mediados de los años setenta, es un profesor universitario y escritor ecuatoguineano. Combina con holgura sus conocimientos acumulados en el ámbito de las letras con la historia y la civilización gui…",,2613,https://editoriallarueca.com/wp-content/uploads/w2_ManuelOndo.jpg,1903,https://editoriallarueca.com/wp-content/uploads/w_MockuP_Jubidado.jpg,publish,legacy_author_book_combined,tf_libro poblado,possible-author:manuel ondo ndong,book_synopsis,medium,,"Relato sobre Ndong, sabio fang jubilado, que desde su pueblo narra historia, cultura y tradiciones de Guinea Ecuatorial con mirada crítica",
author:1917,1917,Manuel Ondo Ndong,manuel ondo ndong,manuel-ondo-ndong-2,manuel-ondo-ndong,https://editoriallarueca.com/autor/manuel-ondo-ndong-2/,"Nacido en el pequeño pueblo de Otet-Nsomo, Ebibeyin, a mediados de los años setenta, Manuel Ondo Ndong es un profesor universitario y escritor ecuatoguineano, que ya ha completado dos carreras del segundo ciclo universitario, tras obtener en 2010 una licenciatura en Letras Hispánicas y Ciencias Sociales en la Facultad de Artes, Letras y Ciencias Humanas de la Universidad de Yaoundé I, Camerún.
En 2020 obtuvo el primer Máster Universitario en Filología Hispánica, con especialidad en Gramática Normativa y Crítica Literaria, por la AIU, Estados Unidos de América, cuya tesis final se titula La indispensabilidad del dominio de la oralidad para el ejercicio de la sintaxis oracional y la sintaxis semiótica literaria. El presente libro, Análisis de errores morfosintácticos en un aula de Español/LE. El caso del grupo de estudiantes del nivel B2 de secundaria en Guinea Ecuatorial al expresarse por escrito en español, es su tesis final de Máster Universitario en Lingüística Aplicada a la Enseñanza del Español como Lengua Extranjera, que elaboró y defendió con éxito en la Facultad de Ciencias Sociales y Humanidades de la Universidad Europea del Atlántico, España, en julio de 2025.
Después de más de diez años de docencia en la Universidad Nacional de Guinea Ecuatorial en Malabo, el profesor Ondo Ndong trabaja actualmente en la segunda universidad del Estado de Guinea Ecuatorial: la Universidad Afroamericana de África Central de Djibloho, donde enseña Lengua Española, y Traducción Científica en las facultades de Educación y Humanidades, y de Ingenierías y Arquitectura.
","Nacido en el pequeño pueblo de Otet-Nsomo, Ebibeyin, a mediados de los años setenta, Manuel Ondo Ndong es un profesor universitario y escritor ecuatoguineano, que ya ha completado dos carreras del segundo ciclo universitario, tras obtener…",,1919,https://editoriallarueca.com/wp-content/uploads/FOTO-BIOGRAFIA-TESIS-1.jpg,1918,https://editoriallarueca.com/wp-content/uploads/w_mockUp_Tesis.jpg,publish,legacy_author_book_combined,tf_libro poblado,possible-author:manuel ondo ndong,book_synopsis,medium,,Tesis pionera sobre la enseñanza del español en Guinea Ecuatorial que analiza errores gramaticales y defiende su estatus como lengua materna.,
author:1932,1932,Francisco R. Breijo Márquez,francisco r breijo marquez,francisco-r-breijo-marquez,francisco-r-breijo-marquez,https://editoriallarueca.com/autor/francisco-r-breijo-marquez/,"El Prof. Dr. FR Breijo Márquez tiene un Doctorado en Medicina de la Universidad de Boston y Hartford (MA y CT), donde también es Catedrático titular de Cardiología Clínica y Experimental. Actualmente, es Director de Tesis Doctorales sobre Cardiología Clínica y Experimental como Director de Investigación en las Universidades de East Boston y Hartford. Es miembro del consejo asesor y miembro del consejo editorial de varias revistas científicas. Además, ha publicado innumerables artículos de cardiología y 8 libros de texto sobre cardiología.","El Prof. Dr. FR Breijo Márquez tiene un Doctorado en Medicina de la Universidad de Boston y Hartford (MA y CT), donde también es Catedrático titular de Cardiología Clínica y Experimental. Actualmente, es Director de Tesis Doctorales sobre…",,2612,https://editoriallarueca.com/wp-content/uploads/w2_Breijo.jpg,1933,https://editoriallarueca.com/wp-content/uploads/w_Mockup_cascarrabias-copia.jpg,publish,legacy_author_book_combined,tf_libro poblado,,book_synopsis,medium,,Confesiones de un Verdadero Cascarrabias | Humor ácido y sinceridad brutal,
author:1947,1947,Elga Reátegui,elga reategui,elga-reategui-2,elga-reategui,https://editoriallarueca.com/autor/elga-reategui-2/,"Es periodista y escritora. Nació en Lima (Perú). Reside en Valencia (España). Laboró en diversos medios de comunicación de la capital peruana. Produce y conduce dos espacios literarios: VíaLibros (reseñas) y Reunidos (entrevistas). También es creadora  del programa Háblame de tu libro, del autor al lector. Todos se difunden en su revista digital La ardilla literaria, en YouTube y en las redes sociales. Además tiene un blog de entrevistas que lleva su nombre y dirige el blog de La ardilla literaria que publica reseñas y entrevistas de colaboradores. Asimismo es fundadora del club de lectura de nombre homónimo en la ciudad de Valencia. En esta sede realizan talleres de escritura, presentaciones libros, entre otras actividades. 
Ha publicado nueve poemarios y cinco novelas, entre los que destacan En mi piel,  El vals de la gata, A este lado y al otro e Y te diste la media vuelta.  
En 2020 obtuvo un International Latino Book Awards (primer puesto) por su libro La fugacidad del color, en la categoría Best Collection of Short Stories (Estados Unidos).
En junio de 2022 su libro Tari, la tortuga que vino del espacio (Lastura 2021), su primer libro infantil, obtuvo una mención honorífica en los International Latino Books Awards (categoría Best Illustrated Children's Book)
Es miembro de la Directiva la Asociación Escritores y Críticos Literarios de Valencia (CLAVE) y la Comisión de Escritoras PEN Club Internacional del Perú. Está afiliada a la Unión de Periodistas Valencianos y a la Federación de Asociaciones de Periodistas de España (FAPE).
",Es periodista y escritora. Nació en Lima (Perú). Reside en Valencia (España). Laboró en diversos medios de comunicación de la capital peruana. Produce y conduce dos espacios literarios: VíaLibros (reseñas) y Reunidos (entrevistas). También…,,1949,https://editoriallarueca.com/wp-content/uploads/Foto-Elga.jpg,1948,https://editoriallarueca.com/wp-content/uploads/2w_mockup_Gris-copia.jpg,publish,legacy_author_book_combined,tf_libro poblado,possible-author:elga reategui,book_synopsis,medium,,"“Gris, más bien, plomo” de Elga Reátegui: una novela intensa sobre identidad, ego y supervivencia. Literatura contemporánea para reflexionar.",
author:1953,1953,Luis Gausachs Pont,luis gausachs pont,luis-gausachs-pont,luis-gausachs-pont,https://editoriallarueca.com/autor/luis-gausachs-pont/,"<p>La tercera entrega tras <em>Clonación criminal</em> y <em>Los Dupont viven</em>.</p>
<p>Un único joven sobrevive al ambicioso experimento de su tío Philip: la clonación de seres humanos genéticamente perfectos, inmunes a las enfermedades y con un coeficiente intelectual extraordinario.</p>
<p>Pero la perfección siempre tiene un precio… Sam y su tío se adentran en terrenos peligrosos al intentar curar con tecnología cerebral los problemas mentales de su esposa.</p>","La tercera entrega tras Clonación criminal y Los Dupont viven . Un único joven sobrevive al ambicioso experimento de su tío Philip: la clonación de seres humanos genéticamente perfectos, inmunes a las enfermedades y con un coeficiente inte…",,1956,https://editoriallarueca.com/wp-content/uploads/w_fotoAutor-7.jpg,1954,https://editoriallarueca.com/wp-content/uploads/w_mockup_clonacion-copia.jpg,publish,legacy_author_book_combined,tf_libro poblado,,book_synopsis,medium,,"Es la tercera parte de la saga iniciada con Clonación criminal y Los Dupont viven: una historia de ciencia ficción sobre clones perfectos, dilemas éticos y los riesgos de la manipulación genética.",
author:2089,2089,Guillermo M. Schrem,guillermo m schrem,guillermo-m-schrem-6,guillermo-m-schrem,https://editoriallarueca.com/autor/guillermo-m-schrem-6/,"Lo que parece un rutinario trayecto en metro se transforma en una experiencia límite cuando un accidente obliga al protagonista a buscar la salida. Lo que encuentra al otro lado no es la luz del día, sino un mundo tan delirante como fascinante, donde la lógica se retuerce y cada situación parece sacada de una pesadilla burlona. Con un tono entre lo absurdo y lo onírico, esta historia juega con la percepción del lector y con la del propio protagonista, que se siente atrapado en una obra de teatro imposible de abandonar. Una narración intensa y original que invita a cuestionar los límites entre la realidad y la ficción.","Lo que parece un rutinario trayecto en metro se transforma en una experiencia límite cuando un accidente obliga al protagonista a buscar la salida. Lo que encuentra al otro lado no es la luz del día, sino un mundo tan delirante como fascin…","Lo que parece un rutinario trayecto en metro se transforma en una experiencia límite cuando un accidente obliga al protagonista a buscar la salida. Lo que encuentra al otro lado no es la luz del día, sino un mundo tan delirante como fascinante, donde la lógica se retuerce y cada situación parece sacada de una pesadilla burlona. Con un tono entre lo absurdo y lo onírico, esta historia juega con la percepción del lector y con la del propio protagonista, que se siente atrapado en una obra de teatro imposible de abandonar. Una narración intensa y original que invita a cuestionar los límites entre la realidad y la ficción.",2611,https://editoriallarueca.com/wp-content/uploads/w_Guillermo-2.jpg,2090,https://editoriallarueca.com/wp-content/uploads/Mockup_Viajando.jpg,publish,legacy_author_book_combined,tf_libro poblado,possible-author:guillermo m schrem,book_synopsis,medium,,"Un accidente en el metro conduce al protagonista a un mundo fantástico y absurdo, donde realidad y pesadilla se confunden sin escape.",
author:2232,2232,J. Emilio Romero,j emilio romero,j-emilio-romero,j-emilio-romero,https://editoriallarueca.com/autor/j-emilio-romero/,"J. Emilio Romero Rojas, natural de Valencia, economista, miembro colegiado del Ilustre Colegio Oficial de Economistas de Valencia (COEV). 
Su carrera profesional abarcó casi cuatro décadas, desempeñando puestos directivos en Viajes El Corte Inglés S.A., la reconocida multinacional de distribución comercial y de la industria turística, perteneciente al Grupo El Corte Inglés.
Ha compartido su conocimiento como profesor externo en el Máster Universitario Internacional de Dirección de Empresas y Organizaciones Turísticas (MUIDEOT) de la Universidad Politécnica de Valencia (UPV), y en el Máster de Organización de Eventos de la Fundación Estema (actual, Uni-versidad Europea de Valencia).
Autor del libro ‘Claves Estratégicas del Sector de la Gran Distribución Comercial’, una obra que se enmarca dentro de la economía de empresa. En ella, desvela el origen y evolución de los grandes almacenes en el mundo, junto a los fundamentos del marketing de la industria.
Durante décadas fue vocal de la Comisión de Turismo de la Cámara de Comercio de Valencia y de la Confederación Empresarial Valenciana (CEV).
","J. Emilio Romero Rojas, natural de Valencia, economista, miembro colegiado del Ilustre Colegio Oficial de Economistas de Valencia (COEV). Su carrera profesional abarcó casi cuatro décadas, desempeñando puestos directivos en Viajes El Corte…","Natural de Valencia, economista, miembro colegiado del Ilustre Colegio Oficial de Economistas de Valencia (COEV).  Su carrera profesional abarcó casi cuatro décadas, desempeñando puestos directivos en Viajes El Corte Inglés S.A., la reconocida multinacional de distribución comercial y de la industria turística, perteneciente al Grupo El Corte Inglés. Ha compartido su conocimiento como profesor externo en el Máster Universitario Internacional de Dirección de Empresas y Organizaciones Turísticas (MUIDEOT) de la Universidad Politécnica de Valencia (UPV), y en el Máster de Organización de Eventos de la Fundación Estema (actual, Universidad Europea de Valencia). Autor del libro ‘Claves Estratégicas del Sector de la Gran Distribución Comercial’, una obra que se enmarca dentro de la economía de empresa. En ella, desvela el origen y evolución de los grandes almacenes en el mundo, junto a los fundamentos del marketing de la industria. Durante décadas fue vocal de la Comisión de Turismo de la Cámara de Comercio de Valencia y de la Confederación Empresarial Valenciana (CEV).",2610,https://editoriallarueca.com/wp-content/uploads/w2_fotoAutor-1.jpg,2233,https://editoriallarueca.com/wp-content/uploads/MockUp_Ecos-copia.jpg,publish,author_only_candidate,tf_libro vacío,,author_bio,medium,,Escucha. Siente. Descubre. El mundo está lleno de historias que esperan ser vividas.,
author:2303,2303,Aedos Modernos,aedos modernos,aedos-modernos,aedos-modernos,https://editoriallarueca.com/autor/aedos-modernos/,"¿Creías que la literatura clásica era cosa del pasado?
Descubre esta antología diferente: quince fragmentos de la mejor literatura griega y latina comentados con humor, pasión y una mirada actual.
Un viaje fascinante de la Grecia de Pericles a la Roma imperial... sin perder el hilo del presente.
Porque la literatura clásica, con todas sus aristas, siempre funciona.
","¿Creías que la literatura clásica era cosa del pasado? Descubre esta antología diferente: quince fragmentos de la mejor literatura griega y latina comentados con humor, pasión y una mirada actual. Un viaje fascinante de la Grecia de Pericl…",,2609,https://editoriallarueca.com/wp-content/uploads/w2_fotoAutoresAEDOS.jpg,2608,https://editoriallarueca.com/wp-content/uploads/w_Mockup_AEDOS-1.jpg,publish,author_only_candidate,tf_libro vacío,,author_bio,medium,,"Una antología diferente de literatura griega y latina: quince fragmentos clásicos comentados con humor, pasión y mirada contemporánea.",
author:2346,2346,Diego Gómez-Costa,diego gomez costa,diego-gomez-costa-4,diego-gomez-costa,https://editoriallarueca.com/autor/diego-gomez-costa-4/,"Diego Gómez-Costa
En este libro presenta un manual redactado en colaboración con otros autores.
Este escrito busca recopilar el manejo odontológico actual en pacientes con necesidades especiales y tener así un referente en diversas patologías.
Este escrito forma parte de una familia literario con fines educativos
",Diego Gómez-Costa En este libro presenta un manual redactado en colaboración con otros autores. Este escrito busca recopilar el manejo odontológico actual en pacientes con necesidades especiales y tener así un referente en diversas patolog…,En este libro presenta un manual redactado en colaboración con otros autores. Este escrito busca recopilar el manejo odontológico actual en pacientes con necesidades especiales y tener así un referente en diversas patologías. Este escrito forma parte de una familia literario con fines educativos,2606,https://editoriallarueca.com/wp-content/uploads/w2_fotoDiegoGomezCosta-copia.jpg,2605,https://editoriallarueca.com/wp-content/uploads/w_mockup_manual.jpg,publish,author_only_candidate,tf_libro vacío,possible-author:diego gomez costa,author_bio,medium,,Manual de Odontología Geriátrica: guía práctica para el cuidado integral del paciente mayor,
author:2406,2406,Gaspar T. Jimeno Diestro,gaspar t jimeno diestro,gaspar-t-jimeno-diestro-2,gaspar-t-jimeno-diestro,https://editoriallarueca.com/autor/gaspar-t-jimeno-diestro-2/,"GASPAR T. JIMENO DIESTRO, es licenciado en Ciencias Geológicas por la Universidad Complutense de Madrid en el año 1974; Licenciado en Ciencias Ambientales por la Universidad Nacional de Educación a Distancia (UNED) en el año 2015, así como estudioso de Humanidades en esta última Universidad. Catedrático Numerario de Bachillerato. 
Ha participado en proyectos de investigación educativa galardonados en certámenes a nivel nacional y autonómico. Autor de diversas publicaciones en relación a dichos temas y de textos sobre la materia de la especialidad.
","GASPAR T. JIMENO DIESTRO, es licenciado en Ciencias Geológicas por la Universidad Complutense de Madrid en el año 1974; Licenciado en Ciencias Ambientales por la Universidad Nacional de Educación a Distancia (UNED) en el año 2015, así como…",,2408,https://editoriallarueca.com/wp-content/uploads/FotoGaspar-copia.jpg,2405,https://editoriallarueca.com/wp-content/uploads/w_Disilencia.jpg,publish,author_only_candidate,tf_libro vacío,possible-author:gaspar t jimeno diestro,author_bio,medium,,"Reflexión sobre la disidencia crítica como acto de defensa ciudadana frente a los abusos del poder y la degradación política, social y educativa en España. Una mirada lúcida y ocasionalmente mordaz hacia los gobernantes y el fracaso de la Transición en materia de Educación.",
author:2625,2625,Rossy de Juan,rossy de juan,rossy-de-juan,rossy-de-juan,https://editoriallarueca.com/autor/rossy-de-juan/,"<p>Autora: <strong>Rossy de Juan</strong></p>

<p>Algunas historias nunca debieron perderse, pero el tiempo nos da la oportunidad de reescribirnos. Este libro es un viaje por los recuerdos, las emociones y los momentos que construyeron una vida. Un mosaico de luces y sombras que, al unirse, revelan el retrato más auténtico de quien fui y de quien soy.<p>

<p>Los sueños de Raquel: Los sueños de Raquel es una historia de amor, intuición y descubrimiento, donde lo cotidiano se mezcla con lo extraordinario.<p>","Autora: Rossy de Juan Algunas historias nunca debieron perderse, pero el tiempo nos da la oportunidad de reescribirnos. Este libro es un viaje por los recuerdos, las emociones y los momentos que construyeron una vida. Un mosaico de luces y…",,2627,https://editoriallarueca.com/wp-content/uploads/w_fotoRosario.jpg,2631,https://editoriallarueca.com/wp-content/uploads/w_Mockup_RossyDeJuan-copia.jpg,publish,author_only_candidate,tf_libro vacío,,author_bio,medium,,"Este libro es un viaje a través de la memoria, un mosaico de momentos vividos, entre luces y sombras,",
author:2638,2638,Teresa Sánchez Sánchez,teresa sanchez sanchez,teresa-sanchez-sanchez,teresa-sanchez-sanchez,https://editoriallarueca.com/autor/teresa-sanchez-sanchez/,"Natural de un pueblo serrano de la Comunidad de Madrid, la autora ha desarrollado una vida marcada por el compromiso, la constancia y la vocación de servicio. Su espíritu emprendedor la llevó a fundar la Fundación APASCOVI, entidad dedicada a la atención y plena integración de las personas con discapacidad, de la que actualmente es presidenta.
Compagina su labor social con una larga afición por la escritura, ámbito en el que ha publicado relatos, artículos, cuentos y poesías. Con este libro, fruto de años de experiencia y reflexión, comparte una parte esencial de su trayectoria vital y profesional, en la que la solidaridad, el esfuerzo y la cercanía humana se entrelazan con su pasión por las letras.
","Natural de un pueblo serrano de la Comunidad de Madrid, la autora ha desarrollado una vida marcada por el compromiso, la constancia y la vocación de servicio. Su espíritu emprendedor la llevó a fundar la Fundación APASCOVI, entidad dedicad…",,2640,https://editoriallarueca.com/wp-content/uploads/w_FotoAutora-2.jpg,2639,https://editoriallarueca.com/wp-content/uploads/w_MockUp_Apascovid-copia.jpg,publish,author_only_candidate,tf_libro vacío,,author_bio,medium,,"Una historia de familia, memoria y emigración entre Castilla y Buenos Aires. Un homenaje a las raíces y al poder de los recuerdos.",
author:2652,2652,Guillermo M. Schrem,guillermo m schrem,guillermo-m-schrem-7,guillermo-m-schrem,https://editoriallarueca.com/autor/guillermo-m-schrem-7/,"Guillermo Martínez Schrem nace en Barcelona en 1955 para renacer en Leganés en 1995. Después de su jubilación se aventura en el mundo del cine y del teatro, además de sumergirse en la escritura. Ha creado un personaje bebedor, gastrónomo, viajero y diletante que aparece en las novelas: el hombre del año pasado, todo el mundo sabe, parece que hace tanto tiempo, closing time, tú sabes quién soy, dance me to the end of love, esa no es la manera de decir adiós, a mil besos de profundidad, llega la noche, has amado lo suficiente, muéstrame el lugar, el amor te llama por tu nombre, ligero como la brisa, pájaro en el alambre y viajando ligero.
Tiene publicadas las novelas: un pez de colores, 1435 mm, el valle de cristal, el rumor de la marea, estásimo, mano a mano y los libros de narraciones breves, fantasmas, abordaje, geografías, cuentos del vacío y el desasosiego y zoografías.
","Guillermo Martínez Schrem nace en Barcelona en 1955 para renacer en Leganés en 1995. Después de su jubilación se aventura en el mundo del cine y del teatro, además de sumergirse en la escritura. Ha creado un personaje bebedor, gastrónomo,…",,2654,https://editoriallarueca.com/wp-content/uploads/FotoGuillermo.jpg,2653,https://editoriallarueca.com/wp-content/uploads/mockup_22dias.jpg,publish,author_only_candidate,tf_libro vacío,possible-author:guillermo m schrem,author_bio,medium,,"Una maleta con un millón de euros desata persecuciones, engaños y la intervención de un detective poco convencional en una ciudad llena de personajes pintorescos. Suspense, humor y acción en una trepidante búsqueda del tesoro.",
author:2749,2749,José Vte. Carmona Simarro,jose vte carmona simarro,jose-vte-carmona-simarro-3,jose-vte-carmona-simarro,https://editoriallarueca.com/autor/jose-vte-carmona-simarro-3/,"José Vte Carmona Simarro es Contratado Doctor en Ciencias de la Salud en la Universidad Europea de Valencia, Grado en Enfermería, y Licenciado en Antropología Social y Cultural. Máster en Urgencias, Emergencias y Catástrofes y Máster en Cuidados al Paciente Crítico. Especialista Universitario en Prevención y Rehabilitación en Conductas Adictivas, Experto en Inteligencia Emocional, Experto en Gestión de Centros Sanitarios para Directores en Enfermería y Experto en Enfermería Pericial.
Ha desarrollado su actividad asistencial, principalmente en Unidades de Críticos (UCI, Reanimación y Unidad Coronaria) y Servicios de Enfermería Prehospitalaria (SAMU) y Urgencias Hospitalaria. 
Desde hace 25 años, paralela a su actividad asistencial, desarrolla una actividad docente e investigadora Universitaria en el Grado de Enfermería de la Universidad Europea de Valencia y dirige el Máster de Urgencias, Emergencias y Críticos en Enfermería ya en su 10ª edición. Es Coordinador del módulo de Paciente Crítico y de Trabajo Fin de Máster.
Es miembro de número y fundador de la Academia de Doctores de Enfermería de Valencia, y miembro de la Junta de Gobierno (Vocal IV) del Colegio de Enfermería de Valencia. 
En su formación en materia de los Cuidados Críticos y las urgencias posee el Diploma de Transporte Sanitario Medicalizado (EVES), Monitor en Soporte Cardiovascular Avanzado (AHA), Monitor en Soporte Vital Básico (SVB) por SEMICYUC, Monitor en Soporte Vital Avanzado (SVA) por SEMICYUC, Monitor en Soporte Vital Avanzado en Trauma (SVAT) por SEMICYUC, Monitor en Reanimación Cardiopulmonar Pediátrica Básica Instrumentalizada (Sociedad Española de Pediatría), Instructor en Soporte Vital Básico y Desfibrilación, INSTRUCTOR en EMPACT Emergency Medical Patients: Assessment, Care & Transport (EMPACT) CRÍTICO 11-SFPA-F2-0004 por MEDDS Holdinsg LLC, NSTRUCTOR for the Emergency and Care and Safety Institute for: Standard level First Aid, CPR, and AED / Wilderness First Aid ECSI Emergency Care and Safety Institute, MONITOR TCCC Táctical Combat Casualty Care National Association of Emergency Medical Technicians Committee on tactical Combat Casualty Care (posee la Capacitación OTAN para asistencia sanitaria), Diploma de Reanimación Cardiopulmonar Intermedia Pediátrica (Instituto Valenciano de Pediatría), PHERT-A Emergencias, Reanimación y Trauma Prehospitalario Avanzado del Consejo Español de Emergencias, Reanimación y Trauma, Triage Manchester (Grupo Español de Triage Manchester GET), y el Módulo HEMS con vuelo de acomodación 20 horas de BABCOCK.","José Vte Carmona Simarro es Contratado Doctor en Ciencias de la Salud en la Universidad Europea de Valencia, Grado en Enfermería, y Licenciado en Antropología Social y Cultural. Máster en Urgencias, Emergencias y Catástrofes y Máster en Cu…",,2622,https://editoriallarueca.com/wp-content/uploads/2w_JoseVteCarmona.jpg,2750,https://editoriallarueca.com/wp-content/uploads/w_MockuP_kATE2-copia.jpg,publish,author_only_candidate,tf_libro vacío,possible-author:jose vte carmona simarro,author_bio,medium,,"Kate: Cuidados de Enfermería en el Paciente Crítico une ciencia, experiencia real y humanidad para descubrir el verdadero valor del cuidado enfermero en la UCI.",
author:2756,2756,Patxi Oyaga,patxi oyaga,patxi-oyaga-2,patxi-oyaga,https://editoriallarueca.com/autor/patxi-oyaga-2/,"Patxi Oyaga, Donostia 1961.
Tiene estudios inacabados de psicología. Ha publicado las novelas ""Los dragones de Ibiza"", ""Muerto como un tamarindo"", ""La sombra del azar"", y el libro de relatos ""Neptuno no hace prisioneros"". Su primera novela le ha convertido en un autor de culto en la isla de Ibiza. Tiene un poemario inédito que ha ido desperdigando con el paso del tiempo a través de las redes sociales. 

","Patxi Oyaga, Donostia 1961. Tiene estudios inacabados de psicología. Ha publicado las novelas ""Los dragones de Ibiza"", ""Muerto como un tamarindo"", ""La sombra del azar"", y el libro de relatos ""Neptuno no hace prisioneros"". Su primera novela…",,2758,https://editoriallarueca.com/wp-content/uploads/W_FOTOpatxi-1.jpg,2757,https://editoriallarueca.com/wp-content/uploads/w_MockuP_Ilusiones.jpg,publish,author_only_candidate,tf_libro vacío,possible-author:patxi oyaga,author_bio,medium,,"Relatos breves y crudos sobre la existencia, la soledad y la violencia: vidas que se disuelven, disparos que encogen el alma y verdades que no se edulcoran.",
author:2798,2798,José Manuel Velázquez,jose manuel velazquez,jose-manuel-velazquez,jose-manuel-velazquez,https://editoriallarueca.com/autor/jose-manuel-velazquez/,"
Autor: José Manuel Velázquez Guerrero nació en Sevilla en 1988. A los diecinueve años, tras una adolescencia y juventud marcadas por la desorientación, ingresó en la Escuela de Arte de Sevilla, donde entró en contacto con distintos lenguajes dibujísticos y pictóricos que le permitieron comenzar a expresarse gráficamente, así como a través de la escritura.
El dibujo y la palabra habían estado presentes desde su infancia, aunque no fue hasta entonces cuando encontró en ambos una verdadera vía de expresión.
Posteriormente obtuvo la titulación en Integración Social, etapa a partir de la cual comenzó a gestar la idea de unir el ámbito social con el artístico, un proyecto que continúa en desarrollo y con amplio recorrido por delante.
","Autor: José Manuel Velázquez Guerrero nació en Sevilla en 1988. A los diecinueve años, tras una adolescencia y juventud marcadas por la desorientación, ingresó en la Escuela de Arte de Sevilla, donde entró en contacto con distintos lenguaj…",,2797,https://editoriallarueca.com/wp-content/uploads/W_portada_andanzas-1.jpg,2799,https://editoriallarueca.com/wp-content/uploads/w_mockUP_andanzas.jpg,publish,author_only_candidate,tf_libro vacío,,author_bio,medium,,Un recorrido por el norte peninsular donde poesía y prosa se entrelazan en un aparente desorden para reflejar la mirada fascinada del autor.,
author:2806,2806,Guillermo M. Schrem,guillermo m schrem,guillermo-m-schrem-8,guillermo-m-schrem,https://editoriallarueca.com/autor/guillermo-m-schrem-8/,"Forastero es su nombre, porque se siente forastero en todas las poblaciones en las que, sin echar raíces, va deteniéndose en su viaje hacia el oeste, porque su sueño es llegar al mar. Un viaje lleno de experiencias que le harán experimentar en pocos años lo que un hombre necesita toda una larga vida hasta alcanzar la línea del horizonte.","Forastero es su nombre, porque se siente forastero en todas las poblaciones en las que, sin echar raíces, va deteniéndose en su viaje hacia el oeste, porque su sueño es llegar al mar. Un viaje lleno de experiencias que le harán experimenta…",,2808,https://editoriallarueca.com/wp-content/uploads/w_fotoAutor-copia.jpg,2807,https://editoriallarueca.com/wp-content/uploads/w_MockUp_Forastero.jpg,publish,author_only_candidate,tf_libro vacío,possible-author:guillermo m schrem,author_bio,medium,,"Forastero emprende un viaje hacia el oeste en busca del mar, recorriendo pueblos sin echar raíces y viviendo en pocos años las experiencias de toda una vida.",
author:2824,2824,Abel de Lamo Rubio,abel de lamo rubio,abel-de-lamo-rubio,abel-de-lamo-rubio,https://editoriallarueca.com/autor/abel-de-lamo-rubio/,"Versos que nacen de la tierra y miran al otoño de frente.
Poesía e imágenes sobre la infancia, el amor, los sueños y los recuerdos que nos habitan.
Un libro para quienes leen con los ojos y sienten con la memoria.
Déjate llevar por un camino sereno, con los ojos llenos de lluvia.
","Versos que nacen de la tierra y miran al otoño de frente. Poesía e imágenes sobre la infancia, el amor, los sueños y los recuerdos que nos habitan. Un libro para quienes leen con los ojos y sienten con la memoria. Déjate llevar por un cami…",,2826,https://editoriallarueca.com/wp-content/uploads/FotoAbel.jpeg,2825,https://editoriallarueca.com/wp-content/uploads/w_Mockup_TierraCampos.jpg,publish,author_only_candidate,tf_libro vacío,,author_bio,medium,,"Poesía e imágenes sobre la tierra, los amarillos, la infancia, el amor, los sueños y los recuerdos.",
author:2855,2855,Minerva Buiza,minerva buiza,minerva-buiza-4,minerva-buiza,https://editoriallarueca.com/autor/minerva-buiza-4/,"Soy Minerva Buiza, médium clarividente y tarotista. Soy una incansable estudiante de las artes mágicas. Mi misión en esta vida es ayudar a las personas a sentirse más felices, a conectar con su maestro interior y a encontrar respuestas que les permitan avanzar por su camino.

Quiero que me acompañes y te adentres en mi mundo.

Nací en Sevilla en los años 80. Soy del signo Cáncer y crecí en un entorno familiar marcado por el dolor de la pérdida. Desde pequeña me acerqué a la disciplina de la adivinación y al misterio a través de las oraciones de mi abuela. Mi despertar espiritual, a los 14 años, supuso un profundo cambio en mi vida al conectar con el otro lado.

Mi salto a la fama llegó a los 16 años, cuando comencé a aparecer en televisión. Además, cuento con 17 años de experiencia en radio. Hoy en día me seguís en redes sociales por mis predicciones.

Deseo compartir con vosotros las fórmulas más valiosas que he aprendido a lo largo de mi vida. Esta es, sin duda, la más preciada y honrada para mí.

Espero que disfrutéis de mi libro tanto como yo he disfrutado creándolo.","Soy Minerva Buiza, médium clarividente y tarotista. Soy una incansable estudiante de las artes mágicas. Mi misión en esta vida es ayudar a las personas a sentirse más felices, a conectar con su maestro interior y a encontrar respuestas que…",,2857,https://editoriallarueca.com/wp-content/uploads/FotoMinerva.jpeg,2856,https://editoriallarueca.com/wp-content/uploads/w_mockup_Arcanos-copia.jpg,publish,author_only_candidate,tf_libro vacío,possible-author:minerva buiza,author_bio,medium,,"Descubre el significado oculto del tarot en Arcanum (Secreto profundo). Aprende a interpretar cada carta, desarrollar tu intuición y aplicar su sabiduría ancestral a tu vida diaria.",
author:2860,2860,Minerva Buiza,minerva buiza,minerva-buiza-5,minerva-buiza,https://editoriallarueca.com/autor/minerva-buiza-5/,"Soy Minerva, y a lo largo de mis años he descubierto miles de “mundos” que ahora quiero compartir contigo. En este libro aprenderás los secretos del Tarot y sus orígenes más antiguos, los inicios del péndulo, la kinesiología aplicada y la radiestesia para encontrar objetos, agua o desbloquear energías con el reiki.
Además, descubrirás la rueda de Pitágoras, mis recetas de magia blanca acumuladas con experiencia y mis oraciones para encontrar paz y respuestas. Pero recuerda: la verdadera magia empieza dentro de ti. Cree en ti, ámate, perdónate y despierta tu poder interior.
","Soy Minerva, y a lo largo de mis años he descubierto miles de “mundos” que ahora quiero compartir contigo. En este libro aprenderás los secretos del Tarot y sus orígenes más antiguos, los inicios del péndulo, la kinesiología aplicada y la…",,2863,https://editoriallarueca.com/wp-content/uploads/Foto4Minerva.jpg,2861,https://editoriallarueca.com/wp-content/uploads/w_mockUp_CursoTarot.jpg,publish,author_only_candidate,tf_libro vacío,possible-author:minerva buiza,author_bio,medium,,"Aprende los secretos del Tarot, la magia blanca y la radiestesia con Minerva. Despierta tu poder interior y encuentra paz y equilibrio.",
author:2933,2933,Guillermo Mayayo García,guillermo mayayo garcia,guillermo-mayayo-garcia,guillermo-mayayo-garcia,https://editoriallarueca.com/autor/guillermo-mayayo-garcia/,"Guillermo Mayayo es economista y especialista en management y gestión comercial. Durante más de una década ha desarrollado su trayectoria profesional entre multinacionales y pymes, combinando responsabilidades directivas, participación en comités de dirección y consejos de administración, y el trabajo cercano a la realidad operativa de las empresas.
Ha vivido y trabajado en Londres, París y Barcelona, contextos que han marcado su forma de entender la empresa, el esfuerzo y la rentabilidad. En estos entornos ha acompañado procesos de crecimiento y profesionalización desde distintas posiciones, tanto ejecutivas como como socio en proyectos de consultoría, siempre desde una visión práctica y orientada a resultados.
En paralelo, ha mantenido una estrecha vinculación con la docencia en universidades y escuelas de negocio, entendida no como una actividad académica, sino como una forma de ordenar y transmitir la experiencia adquirida en la práctica profesional.
Este libro nace precisamente de ese recorrido: de lo vivido en la empresa y de la necesidad de convertir la experiencia en criterio útil para quienes dirigen un negocio. Porque una empresa bien gestionada no se improvisa; se construye con criterio.
","Guillermo Mayayo es economista y especialista en management y gestión comercial. Durante más de una década ha desarrollado su trayectoria profesional entre multinacionales y pymes, combinando responsabilidades directivas, participación en…",,2935,https://editoriallarueca.com/wp-content/uploads/Autor_Guillermo-Mayayo-Garcia_Libro_-Trabajas-demasiado-para-ganar-tan-poco_Genero-BusinessManagement.jpg,2934,https://editoriallarueca.com/wp-content/uploads/Libro_Trabajas-demasiado-para-ganar-tan-poco_-Manual-de-gestion-para-duenos-de-pymes-atrapados-en-su-negocio_Autor-Guillermo-Mayayo_Genero-KJ.jpg,publish,author_only_candidate,tf_libro vacío,,author_bio,medium,,"Descubre cómo ordenar tu pyme, mejorar la rentabilidad y dejar de improvisar. Una guía práctica para dueños que quieren recuperar control y margen.",
author:2962,2962,Antonio L. Gómez Charlín,antonio l gomez charlin,antonio-l-gomez-charlin-2,antonio-l-gomez-charlin,https://editoriallarueca.com/autor/antonio-l-gomez-charlin-2/,"Antonio Lorenzo Gómez Charlín nació en Cambados (Pontevedra).
Es autor de doce libros: 
""El sueño de la noche azul"", ""El camarero está triste"", ""Hay putas que tienen algo de santas"", ""Las bellezas de Kyoto"", ""La vida soñada de las sirenas"", ""La leyenda de Fukaeri"", ""El hombre que se enamoró de Sasha Grey"", ""Nagasaki"", ""Kalifornia"", ""Volverás a Pasadena"", ""Réquiem por un escritor desconocido"" y ""El lenguaje perdido de las nubes"".","Antonio Lorenzo Gómez Charlín nació en Cambados (Pontevedra). Es autor de doce libros: ""El sueño de la noche azul"", ""El camarero está triste"", ""Hay putas que tienen algo de santas"", ""Las bellezas de Kyoto"", ""La vida soñada de las sirenas"",…",,2964,https://editoriallarueca.com/wp-content/uploads/Libro_El-lenguaje-perdido-de-las-nubes_Autor_AntonioLCharlin_Genero-FA_Editorial-La-Rueca.jpg,2963,https://editoriallarueca.com/wp-content/uploads/MochUP_Libro_El-lenguaje-perdido-de-las-nubesAutor_AntonioL.jpg,publish,author_only_candidate,tf_libro vacío,possible-author:antonio l gomez charlin,author_bio,medium,,"Una periodista viaja a Cambados para editar los diarios de un novelista maldito. Literatura, memoria y autodestrucción en la costa gallega.",
author:3026,3026,Jesús Bocho Gascón,jesus bocho gascon,jesus-bocho-gascon,jesus-bocho-gascon,https://editoriallarueca.com/autor/jesus-bocho-gascon/,"JESÚS BOCHO GASCÓN (Madrid, 1963)
Licenciado en Informática y Psicología. Ha sabido compaginar su trabajo profesional con la formación de niños y jóvenes en el ámbito del tiempo libre. Como psicólogo ha tenido la oportunidad de sumergirse en la complejidad de la mente humana. 
Siempre le ha gustado contar historias y así nació su vocación de escritor. Sus primeras publicaciones fueron dos fascículos (Basic y Basic Avanzado) de la Enciclopedia Práctica de la Informática Aplicada (Ediciones Siglo Cultural,1986).  Después publicó “Bases y técnicas para educar en el tiempo libre” (Ediciones San Pío X, 1996).
Su consagración como escritor fue con la novela Dimensión Zero (Editorial Onuba, 2020), con la que ganó el Premio de Narrativa Camilo José Cela 2019. Novela del género negro / policiaco ambientada en Galicia, Vigo y la comarca del Val Miñor, una tierra a la que se siente muy unido.
También tiene diversos poemas y relatos cortos publicados en varias antologías.
Amigo de sus amigos, viajero incansable, sensible, optimista, con una gran faceta creativa y lector de primera.","JESÚS BOCHO GASCÓN (Madrid, 1963) Licenciado en Informática y Psicología. Ha sabido compaginar su trabajo profesional con la formación de niños y jóvenes en el ámbito del tiempo libre. Como psicólogo ha tenido la oportunidad de sumergirse…",,3027,https://editoriallarueca.com/wp-content/uploads/Autor_Jesus-M.-Bocho_Libro_Terrores-propios-y-ajenos-Galeria-de-relatos_genero-Narrativa_Editorial-la-Rueca.jpg,,,publish,author_only_candidate,tf_libro vacío,,author_bio,medium,,"Diecinueve relatos de ciencia ficción y surrealistas con diferentes grados de terror, inquietud psicológica y surrealismo. Autor Jesús Bocho",
author:3046,3046,José Antonio Galante Pérez,jose antonio galante perez,jose-antonio-galante-perez-4,jose-antonio-galante-perez,https://editoriallarueca.com/autor/jose-antonio-galante-perez-4/,"José Antonio Galante es un poeta ecléctico y heterodoxo, de voz lírica y sensibilidad marcada, cuyos versos destacan por su potencia visual. Arqueólogo de formación y complutense con alma a medio camino entre lo portugués y lo español, combina su pasión por la poesía con otra de sus grandes devociones: el whisky, el “agua de vida”.
Esa dualidad se refleja en sus poemarios ""Poesía y Whisky"", ""Lágrimas de Whisky"" y ""El cierzo tatuado"", donde lo sensorial y lo poético se entrelazan. Además, comparte su mirada personal sobre este destilado en su canal de YouTube Whisky Bubu, un espacio de cata, reflexión y divulgación.
También es autor del libro de haikus ""Haikus en el Camino"". Toda su obra ha sido publicada por la Editorial La Rueca.
","José Antonio Galante es un poeta ecléctico y heterodoxo, de voz lírica y sensibilidad marcada, cuyos versos destacan por su potencia visual. Arqueólogo de formación y complutense con alma a medio camino entre lo portugués y lo español, com…",,3048,https://editoriallarueca.com/wp-content/uploads/Autor_JoseAntonioGalante_Libro-Adagio-para-whisky_Genero-Poesia-1.jpg,3049,https://editoriallarueca.com/wp-content/uploads/w_adagioParaWhisky-copia.jpg,publish,author_only_candidate,tf_libro vacío,possible-author:jose antonio galante perez,author_bio,medium,,Con este libro se cierra la trilogía en la que el universo del whisky se funde con la poesía para explorar las profundidades de los sentidos.,
author:3099,3099,Antonio López Hurtado (Zárate),antonio lopez hurtado zarate,antonio-lopez-hurtado-zarate-4,antonio-lopez-hurtado-zarate,https://editoriallarueca.com/autor/antonio-lopez-hurtado-zarate-4/,"Antonio López Hurtado (Madrid, 1943) es Ingeniero de Telecomunicación y trabajó en Standard Eléctrica S.A. hasta su jubilación. Apasionado investigador de la historia y la vida de Moralzarzal, ha dedicado décadas a recopilar y difundir conocimientos sobre sus oficios, costumbres, patrimonio, fauna, flora y tradiciones, plasmados en su web www.conocermoralzarzal.es.
Es autor y coautor de diversas publicaciones, entre ellas Moralzarzal, Crónicas del agua, Recursos Patrimoniales de Moralzarzal y varias obras dedicadas a los oficios tradicionales del pueblo. Casado, padre de tres hijos y abuelo de dos nietos, continúa su labor de investigación y escritura con el objetivo de preservar la memoria colectiva y rendir homenaje a su querido Moralzarzal.
","Antonio López Hurtado (Madrid, 1943) es Ingeniero de Telecomunicación y trabajó en Standard Eléctrica S.A. hasta su jubilación. Apasionado investigador de la historia y la vida de Moralzarzal, ha dedicado décadas a recopilar y difundir con…",,3101,https://editoriallarueca.com/wp-content/uploads/Antonio-Zarate_libroLaEnsenanza-en-Moralzarzal_libro-La-Ensenanza-en-Moralzarzal.jpg,3144,https://editoriallarueca.com/wp-content/uploads/w_mockup_Ensenanza.jpg,publish,author_only_candidate,tf_libro vacío,possible-author:antonio lopez hurtado zarate,author_bio,medium,,"Descubre la historia de la enseñanza en Moralzarzal: maestros, escuelas, posguerra y evolución educativa en un recorrido por la memoria local del municipio.",
author:3135,3135,Victoria Huelin Izquierdo,victoria huelin izquierdo,victoria-huelin-izquierdo,victoria-huelin-izquierdo,https://editoriallarueca.com/autor/victoria-huelin-izquierdo/,"Victoria Huelin nació en 1985, es fotógrafa, escritora y diseñadora gráfica.

Su trabajo nace de la observación, la auto exploración y una atención sostenida a lo cotidiano. No busca tanto explicar, como acompañar. Escribe y fotografía
desde lo íntimo, atendiendo al cuerpo, a la emoción y a lo que se mueve en los márgenes de lo visible.

Sus proyectos surgen de la necesidad de entender lo que ocurre por dentro y por fuera y buscan generar vínculos reales y dar forma a lo ordinario a través de la crudeza y la belleza de lo real.

Concibe la escritura como una forma de ordenarse y la imagen como una manera de habitar el mundo con más presencia.
""Por lo pindio"" es su primer libro.
","Victoria Huelin nació en 1985, es fotógrafa, escritora y diseñadora gráfica. Su trabajo nace de la observación, la auto exploración y una atención sostenida a lo cotidiano. No busca tanto explicar, como acompañar. Escribe y fotografía desd…",,3137,https://editoriallarueca.com/wp-content/uploads/Autora-Victoria-Huelin-_Titulo-Por-lo-Pindio_Genero-DNF-ensayo-literario_Editorial-la-Rueca.jpg,3136,https://editoriallarueca.com/wp-content/uploads/w_mockUp_Pindio-copia.jpg,publish,author_only_candidate,tf_libro vacío,,author_bio,medium,,"Un libro escrito desde el corazón, que despierta ternura, melancolía y esperanza, dejando tras su lectura una serena sensación de paz y verdad. Autora Victoria Huelin",
author:3141,3141,Alfredo Manrique Bravo,alfredo manrique bravo,alfredo-manrique-bravo-2,alfredo-manrique-bravo,https://editoriallarueca.com/autor/alfredo-manrique-bravo-2/,"Alfredo Manrique Bravo nació en Barajas (Madrid) el 23 de abril de 1949. Trabajó durante años en Iberia Líneas Aéreas de España y, movido por el deseo de compartir su historia y sus sentimientos, decidió iniciarse en la escritura.

""Cuando te vuelva a encontrar"" es su segundo libro, después de publicar 60 años de mi vida. Su obra nace del amor hacia su familia y de la ilusión de dejar un legado para que las futuras generaciones puedan conocer su historia, sus valores y el cariño que siempre sintió por los suyos.
","Alfredo Manrique Bravo nació en Barajas (Madrid) el 23 de abril de 1949. Trabajó durante años en Iberia Líneas Aéreas de España y, movido por el deseo de compartir su historia y sus sentimientos, decidió iniciarse en la escritura. ""Cuando…",,3143,https://editoriallarueca.com/wp-content/uploads/Autor-Alfredo-Manrique-Bravo_Libro-Cuando-te-vuelva-a-encontrar_Genero-Biografia-BT_Editorial-la-Rueca.jpg,3142,https://editoriallarueca.com/wp-content/uploads/w_MockUp_CuandoTeVuelvaAEncontrar.jpg,publish,author_only_candidate,tf_libro vacío,possible-author:alfredo manrique bravo,author_bio,medium,,"Un libro cargado de memoria, ternura y humanidad, donde el amor permanece incluso cuando el tiempo pasa. Autor Alfredo Manrique",
author:3153,3153,Guillermo M. Schrem,guillermo m schrem,guillermo-m-schrem-9,guillermo-m-schrem,https://editoriallarueca.com/autor/guillermo-m-schrem-9/," ¿Te imaginas un pueblo donde los perales dan naranjas, los vientos traen noticias de lugares remotos y un bardo perdido entre las nubes recita poemas sin parar?
Bienvenido a Nuevecincos del Río, un lugar donde la imaginación no tiene límites y donde cualquier cosa puede suceder. Un relato lleno de humor, fantasía y personajes tan peculiares como entrañables que hará volar tu imaginación.
","¿Te imaginas un pueblo donde los perales dan naranjas, los vientos traen noticias de lugares remotos y un bardo perdido entre las nubes recita poemas sin parar? Bienvenido a Nuevecincos del Río, un lugar donde la imaginación no tiene límit…",,3155,https://editoriallarueca.com/wp-content/uploads/FotoAutor.jpeg,3154,https://editoriallarueca.com/wp-content/uploads/w_mockUp_Rio-copia.jpg,publish,author_only_candidate,tf_libro vacío,possible-author:guillermo m schrem,author_bio,medium,,"¿Un pueblo sin río, sin cura y con un bardo entre las nubes? En Nuevecincos del Río cualquier cosa puede suceder. Descúbrelo.",
author:3159,3159,Osian R. Vaquero,osian r vaquero,osian-r-vaquero,osian-r-vaquero,https://editoriallarueca.com/autor/osian-r-vaquero/,"El cosplay es mucho más que un disfraz: es interpretación, pasión y homenaje a personajes que han marcado generaciones. En El Arte del Cosplay, Osian R. Vaquero captura esa esencia a través de una impactante colección fotográfica donde cada imagen refleja la identidad, la emoción y la dedicación de quienes dan vida a héroes y protagonistas del cómic, el anime, las series y los videojuegos.
Fotógrafo, diseñador, artista 3D y especialista en VFX, Osian R. Vaquero vuelca en esta obra toda su experiencia visual y artística para convertir cada sesión en una auténtica pieza narrativa. El resultado es un recorrido fascinante por el universo cosplay, donde creatividad y fotografía se unen para mostrar el talento y la pasión de toda una comunidad.
Un libro imprescindible para amantes de la fotografía, la cultura pop y el arte de transformar la ficción en realidad.
","El cosplay es mucho más que un disfraz: es interpretación, pasión y homenaje a personajes que han marcado generaciones. En El Arte del Cosplay, Osian R. Vaquero captura esa esencia a través de una impactante colección fotográfica donde cad…",,3161,https://editoriallarueca.com/wp-content/uploads/autor-OsianRodriguez_Libro-El-arte-de-Cosplay_Genero-AKLC-–-Comic-y-caricatura_Editorial-la-Rueca-copia.jpg,3160,https://editoriallarueca.com/wp-content/uploads/w_MockUp_Cosplay.jpg,publish,author_only_candidate,tf_libro vacío,,author_bio,medium,,"El Arte del Cosplay reúne impactantes fotografías inspiradas en personajes de anime, cómic, series y videojuegos. Autor Osian R. Vaquero",
author:3166,3166,José Vte. Carmona Simarro,jose vte carmona simarro,jose-vte-carmona-simarro-4,jose-vte-carmona-simarro,https://editoriallarueca.com/autor/jose-vte-carmona-simarro-4/,"Hay quienes luchan por ser vistos. Otros descubren que la verdadera libertad comienza cuando dejan de necesitar la mirada de los demás.
De regreso a la invisibilidad es un viaje íntimo por los silencios, las ausencias y las huellas que deja el paso del tiempo. Una reflexión sobre la identidad, la memoria y el precio de la exposición en un mundo donde todos parecen querer destacar.
Con una prosa serena y profundamente humana, José Vte. Carmona Simarro invita al lector a detenerse, mirar hacia dentro y descubrir que, a veces, desaparecer es la única forma de volver a encontrarse.
¿Y si la invisibilidad no fuera una derrota, sino un refugio?
","Hay quienes luchan por ser vistos. Otros descubren que la verdadera libertad comienza cuando dejan de necesitar la mirada de los demás. De regreso a la invisibilidad es un viaje íntimo por los silencios, las ausencias y las huellas que dej…",,3168,https://editoriallarueca.com/wp-content/uploads/Autor-Jose-Vte-Carmona_Libro-Regreso-a-la-invisibilidad_Genero-Relatos_Editorial-la-Rueca.jpg,3167,https://editoriallarueca.com/wp-content/uploads/w_MockUp_Invisibilidad.png,publish,author_only_candidate,tf_libro vacío,possible-author:jose vte carmona simarro,author_bio,medium,,"Descubre De regreso a la invisibilidad, de José Vte. Carmona Simarro, una novela introspectiva sobre la identidad, la memoria y la búsqueda de uno mismo en un mundo obsesionado con la visibilidad.",
