bookCandidateKey,bookTitle,sourceWpPostId,authorNames,attachmentId,attachmentUrl,filename,attachmentTitle,width,height,aspectRatio,score,confidence,reasons
book:el valle de cristal,El Valle de Cristal,556,Guillermo M. Schrem,1039,https://editoriallarueca.com/wp-content/uploads/w_POLLOS_maq2_portada_OK2_sinmarcas.jpg,w_POLLOS_maq2_portada_OK2_sinmarcas.jpg,w_POLLOS_maq2_portada_OK2_sinmarcas,500,731,0.684,38,low,filename/title contiene señal de portada: portada | proporcion vertical compatible con portada | dimensiones razonables para cover
book:el valle de cristal,El Valle de Cristal,556,Guillermo M. Schrem,1045,https://editoriallarueca.com/wp-content/uploads/W_portada-3.jpg,W_portada-3.jpg,MatamedeFrenteAmazon004,500,738,0.678,38,low,filename/title contiene señal de portada: portada | proporcion vertical compatible con portada | dimensiones razonables para cover
book:el valle de cristal,El Valle de Cristal,556,Guillermo M. Schrem,1176,https://editoriallarueca.com/wp-content/uploads/w_portada_lamuerte.jpg,w_portada_lamuerte.jpg,978-84-19865-47-2_cvs,500,744,0.672,38,low,filename/title contiene señal de portada: portada | proporcion vertical compatible con portada | dimensiones razonables para cover
book:el valle de cristal,El Valle de Cristal,556,Guillermo M. Schrem,1201,https://editoriallarueca.com/wp-content/uploads/w_978-84-19865-40-3_CUBIERTA.jpg,w_978-84-19865-40-3_CUBIERTA.jpg,w_978-84-19865-40-3_CUBIERTA,500,738,0.678,38,low,filename/title contiene señal de portada: cubierta | proporcion vertical compatible con portada | dimensiones razonables para cover
book:el valle de cristal,El Valle de Cristal,556,Guillermo M. Schrem,1229,https://editoriallarueca.com/wp-content/uploads/w_Estasimo-portada.jpg,w_Estasimo-portada.jpg,w_Estásimo - portada,500,700,0.714,38,low,filename/title contiene señal de portada: portada | proporcion vertical compatible con portada | dimensiones razonables para cover
book:la salvaje,La Salvaje,559,Luis Gausach,3021,https://editoriallarueca.com/wp-content/uploads/Libro-La-salvaje_Autor-Luis-Gausachs_Genero-Novela_Editorial-la-Rueca.jpg,Libro-La-salvaje_Autor-Luis-Gausachs_Genero-Novela_Editorial-la-Rueca.jpg,Libro La salvaje_Autor Luis Gausachs_Género Novela_Editorial la Rueca,500,699,0.715,110,high,filename contiene el titulo del libro | attachment title contiene el titulo del libro | slug contiene el titulo del libro | filename/title contiene señal de portada: libro | proporcion vertical compatible con portada | contiene señal de foto de autor: autor
book:la salvaje,La Salvaje,559,Luis Gausach,1039,https://editoriallarueca.com/wp-content/uploads/w_POLLOS_maq2_portada_OK2_sinmarcas.jpg,w_POLLOS_maq2_portada_OK2_sinmarcas.jpg,w_POLLOS_maq2_portada_OK2_sinmarcas,500,731,0.684,38,low,filename/title contiene señal de portada: portada | proporcion vertical compatible con portada | dimensiones razonables para cover
book:la salvaje,La Salvaje,559,Luis Gausach,1045,https://editoriallarueca.com/wp-content/uploads/W_portada-3.jpg,W_portada-3.jpg,MatamedeFrenteAmazon004,500,738,0.678,38,low,filename/title contiene señal de portada: portada | proporcion vertical compatible con portada | dimensiones razonables para cover
book:la salvaje,La Salvaje,559,Luis Gausach,1176,https://editoriallarueca.com/wp-content/uploads/w_portada_lamuerte.jpg,w_portada_lamuerte.jpg,978-84-19865-47-2_cvs,500,744,0.672,38,low,filename/title contiene señal de portada: portada | proporcion vertical compatible con portada | dimensiones razonables para cover
book:la salvaje,La Salvaje,559,Luis Gausach,1201,https://editoriallarueca.com/wp-content/uploads/w_978-84-19865-40-3_CUBIERTA.jpg,w_978-84-19865-40-3_CUBIERTA.jpg,w_978-84-19865-40-3_CUBIERTA,500,738,0.678,38,low,filename/title contiene señal de portada: cubierta | proporcion vertical compatible con portada | dimensiones razonables para cover
book:cruce de pasos,Cruce de Pasos,563,Ana Córdoba del Campo | Ángel García Muñoz,469,https://editoriallarueca.com/wp-content/uploads/w_CRUCE-DE-PASOS-3a-edicion-CMYK.jpg,w_CRUCE-DE-PASOS-3a-edicion-CMYK.jpg,AF_CubOK_CRUCE DE PASOS 3ª edición (CMYK),1772,2272,0.78,130,high,filename contiene el titulo del libro | attachment title contiene el titulo del libro | slug contiene el titulo del libro | proporcion vertical compatible con portada | dimensiones razonables para cover
book:cruce de pasos,Cruce de Pasos,563,Ana Córdoba del Campo | Ángel García Muñoz,1039,https://editoriallarueca.com/wp-content/uploads/w_POLLOS_maq2_portada_OK2_sinmarcas.jpg,w_POLLOS_maq2_portada_OK2_sinmarcas.jpg,w_POLLOS_maq2_portada_OK2_sinmarcas,500,731,0.684,38,low,filename/title contiene señal de portada: portada | proporcion vertical compatible con portada | dimensiones razonables para cover
book:cruce de pasos,Cruce de Pasos,563,Ana Córdoba del Campo | Ángel García Muñoz,1045,https://editoriallarueca.com/wp-content/uploads/W_portada-3.jpg,W_portada-3.jpg,MatamedeFrenteAmazon004,500,738,0.678,38,low,filename/title contiene señal de portada: portada | proporcion vertical compatible con portada | dimensiones razonables para cover
book:cruce de pasos,Cruce de Pasos,563,Ana Córdoba del Campo | Ángel García Muñoz,1176,https://editoriallarueca.com/wp-content/uploads/w_portada_lamuerte.jpg,w_portada_lamuerte.jpg,978-84-19865-47-2_cvs,500,744,0.672,38,low,filename/title contiene señal de portada: portada | proporcion vertical compatible con portada | dimensiones razonables para cover
book:cruce de pasos,Cruce de Pasos,563,Ana Córdoba del Campo | Ángel García Muñoz,1201,https://editoriallarueca.com/wp-content/uploads/w_978-84-19865-40-3_CUBIERTA.jpg,w_978-84-19865-40-3_CUBIERTA.jpg,w_978-84-19865-40-3_CUBIERTA,500,738,0.678,38,low,filename/title contiene señal de portada: cubierta | proporcion vertical compatible con portada | dimensiones razonables para cover
book:comer bien en casa,Comer bien en casa,565,Verónica Gómez-Acebo,3023,https://editoriallarueca.com/wp-content/uploads/Libro-Comer-bien-en-casa_Autora-Veronica-Gomez-Acebo_Genero-Recetas_Editorial-la-Rueca.jpg,Libro-Comer-bien-en-casa_Autora-Veronica-Gomez-Acebo_Genero-Recetas_Editorial-la-Rueca-scaled.jpg,mar_AF_cub_corre_TomatesVGA,1743,2560,0.681,80,high,filename contiene el titulo del libro | filename/title contiene señal de portada: libro | proporcion vertical compatible con portada | dimensiones razonables para cover
book:comer bien en casa,Comer bien en casa,565,Verónica Gómez-Acebo,548,https://editoriallarueca.com/wp-content/uploads/Mockup_ComerBienEnCasa.jpg,Mockup_ComerBienEnCasa-scaled.jpg,Single Hard Cover with Open Book Psd Mockup,2560,1920,1.333,44,low,"filename contiene el titulo del libro | filename/title contiene señal de portada: cover, mockup, book | imagen horizontal o panoramica"
book:comer bien en casa,Comer bien en casa,565,Verónica Gómez-Acebo,567,https://editoriallarueca.com/wp-content/uploads/Mockup_ComerBienEnCasa-1.jpg,Mockup_ComerBienEnCasa-1-scaled.jpg,Single Hard Cover with Open Book Psd Mockup,2560,1920,1.333,44,low,"filename contiene el titulo del libro | filename/title contiene señal de portada: cover, mockup, book | imagen horizontal o panoramica"
book:comer bien en casa,Comer bien en casa,565,Verónica Gómez-Acebo,584,https://editoriallarueca.com/wp-content/uploads/Mockup_ComerBienEnCasaPixeles.jpg,Mockup_ComerBienEnCasaPixeles.jpg,Single Hard Cover with Open Book Psd Mockup,900,675,1.333,44,low,"filename contiene el titulo del libro | filename/title contiene señal de portada: cover, mockup, book | imagen horizontal o panoramica"
book:comer bien en casa,Comer bien en casa,565,Verónica Gómez-Acebo,1039,https://editoriallarueca.com/wp-content/uploads/w_POLLOS_maq2_portada_OK2_sinmarcas.jpg,w_POLLOS_maq2_portada_OK2_sinmarcas.jpg,w_POLLOS_maq2_portada_OK2_sinmarcas,500,731,0.684,38,low,filename/title contiene señal de portada: portada | proporcion vertical compatible con portada | dimensiones razonables para cover
book:cuando su mirada pasaba por halley,Cuando su mirada pasaba por Halley,568,Jaime Caba,1039,https://editoriallarueca.com/wp-content/uploads/w_POLLOS_maq2_portada_OK2_sinmarcas.jpg,w_POLLOS_maq2_portada_OK2_sinmarcas.jpg,w_POLLOS_maq2_portada_OK2_sinmarcas,500,731,0.684,38,low,filename/title contiene señal de portada: portada | proporcion vertical compatible con portada | dimensiones razonables para cover
book:cuando su mirada pasaba por halley,Cuando su mirada pasaba por Halley,568,Jaime Caba,1045,https://editoriallarueca.com/wp-content/uploads/W_portada-3.jpg,W_portada-3.jpg,MatamedeFrenteAmazon004,500,738,0.678,38,low,filename/title contiene señal de portada: portada | proporcion vertical compatible con portada | dimensiones razonables para cover
book:cuando su mirada pasaba por halley,Cuando su mirada pasaba por Halley,568,Jaime Caba,1176,https://editoriallarueca.com/wp-content/uploads/w_portada_lamuerte.jpg,w_portada_lamuerte.jpg,978-84-19865-47-2_cvs,500,744,0.672,38,low,filename/title contiene señal de portada: portada | proporcion vertical compatible con portada | dimensiones razonables para cover
book:cuando su mirada pasaba por halley,Cuando su mirada pasaba por Halley,568,Jaime Caba,1201,https://editoriallarueca.com/wp-content/uploads/w_978-84-19865-40-3_CUBIERTA.jpg,w_978-84-19865-40-3_CUBIERTA.jpg,w_978-84-19865-40-3_CUBIERTA,500,738,0.678,38,low,filename/title contiene señal de portada: cubierta | proporcion vertical compatible con portada | dimensiones razonables para cover
book:cuando su mirada pasaba por halley,Cuando su mirada pasaba por Halley,568,Jaime Caba,1229,https://editoriallarueca.com/wp-content/uploads/w_Estasimo-portada.jpg,w_Estasimo-portada.jpg,w_Estásimo - portada,500,700,0.714,38,low,filename/title contiene señal de portada: portada | proporcion vertical compatible con portada | dimensiones razonables para cover
book:la trenza dorada y otros relatos para tiempos nuevos,LA TRENZA DORADA Y OTROS RELATOS PARA TIEMPOS NUEVOS,575,Carlos Ríos Camacho,1039,https://editoriallarueca.com/wp-content/uploads/w_POLLOS_maq2_portada_OK2_sinmarcas.jpg,w_POLLOS_maq2_portada_OK2_sinmarcas.jpg,w_POLLOS_maq2_portada_OK2_sinmarcas,500,731,0.684,38,low,filename/title contiene señal de portada: portada | proporcion vertical compatible con portada | dimensiones razonables para cover
book:la trenza dorada y otros relatos para tiempos nuevos,LA TRENZA DORADA Y OTROS RELATOS PARA TIEMPOS NUEVOS,575,Carlos Ríos Camacho,1045,https://editoriallarueca.com/wp-content/uploads/W_portada-3.jpg,W_portada-3.jpg,MatamedeFrenteAmazon004,500,738,0.678,38,low,filename/title contiene señal de portada: portada | proporcion vertical compatible con portada | dimensiones razonables para cover
book:la trenza dorada y otros relatos para tiempos nuevos,LA TRENZA DORADA Y OTROS RELATOS PARA TIEMPOS NUEVOS,575,Carlos Ríos Camacho,1176,https://editoriallarueca.com/wp-content/uploads/w_portada_lamuerte.jpg,w_portada_lamuerte.jpg,978-84-19865-47-2_cvs,500,744,0.672,38,low,filename/title contiene señal de portada: portada | proporcion vertical compatible con portada | dimensiones razonables para cover
book:la trenza dorada y otros relatos para tiempos nuevos,LA TRENZA DORADA Y OTROS RELATOS PARA TIEMPOS NUEVOS,575,Carlos Ríos Camacho,1201,https://editoriallarueca.com/wp-content/uploads/w_978-84-19865-40-3_CUBIERTA.jpg,w_978-84-19865-40-3_CUBIERTA.jpg,w_978-84-19865-40-3_CUBIERTA,500,738,0.678,38,low,filename/title contiene señal de portada: cubierta | proporcion vertical compatible con portada | dimensiones razonables para cover
book:la trenza dorada y otros relatos para tiempos nuevos,LA TRENZA DORADA Y OTROS RELATOS PARA TIEMPOS NUEVOS,575,Carlos Ríos Camacho,1229,https://editoriallarueca.com/wp-content/uploads/w_Estasimo-portada.jpg,w_Estasimo-portada.jpg,w_Estásimo - portada,500,700,0.714,38,low,filename/title contiene señal de portada: portada | proporcion vertical compatible con portada | dimensiones razonables para cover
book:requiem por un escritor desconocido,Réquiem por un escritor desconocido,589,Antonio Lorenzo Gómez Charlín,1039,https://editoriallarueca.com/wp-content/uploads/w_POLLOS_maq2_portada_OK2_sinmarcas.jpg,w_POLLOS_maq2_portada_OK2_sinmarcas.jpg,w_POLLOS_maq2_portada_OK2_sinmarcas,500,731,0.684,38,low,filename/title contiene señal de portada: portada | proporcion vertical compatible con portada | dimensiones razonables para cover
book:requiem por un escritor desconocido,Réquiem por un escritor desconocido,589,Antonio Lorenzo Gómez Charlín,1045,https://editoriallarueca.com/wp-content/uploads/W_portada-3.jpg,W_portada-3.jpg,MatamedeFrenteAmazon004,500,738,0.678,38,low,filename/title contiene señal de portada: portada | proporcion vertical compatible con portada | dimensiones razonables para cover
book:requiem por un escritor desconocido,Réquiem por un escritor desconocido,589,Antonio Lorenzo Gómez Charlín,1176,https://editoriallarueca.com/wp-content/uploads/w_portada_lamuerte.jpg,w_portada_lamuerte.jpg,978-84-19865-47-2_cvs,500,744,0.672,38,low,filename/title contiene señal de portada: portada | proporcion vertical compatible con portada | dimensiones razonables para cover
book:requiem por un escritor desconocido,Réquiem por un escritor desconocido,589,Antonio Lorenzo Gómez Charlín,1201,https://editoriallarueca.com/wp-content/uploads/w_978-84-19865-40-3_CUBIERTA.jpg,w_978-84-19865-40-3_CUBIERTA.jpg,w_978-84-19865-40-3_CUBIERTA,500,738,0.678,38,low,filename/title contiene señal de portada: cubierta | proporcion vertical compatible con portada | dimensiones razonables para cover
book:requiem por un escritor desconocido,Réquiem por un escritor desconocido,589,Antonio Lorenzo Gómez Charlín,1229,https://editoriallarueca.com/wp-content/uploads/w_Estasimo-portada.jpg,w_Estasimo-portada.jpg,w_Estásimo - portada,500,700,0.714,38,low,filename/title contiene señal de portada: portada | proporcion vertical compatible con portada | dimensiones razonables para cover
book:de kolpino a krasny bor,"DE KOLPINO A KRASNY BOR, ",592,José Argimiro Cordobés Pérez,1039,https://editoriallarueca.com/wp-content/uploads/w_POLLOS_maq2_portada_OK2_sinmarcas.jpg,w_POLLOS_maq2_portada_OK2_sinmarcas.jpg,w_POLLOS_maq2_portada_OK2_sinmarcas,500,731,0.684,38,low,filename/title contiene señal de portada: portada | proporcion vertical compatible con portada | dimensiones razonables para cover
book:de kolpino a krasny bor,"DE KOLPINO A KRASNY BOR, ",592,José Argimiro Cordobés Pérez,1045,https://editoriallarueca.com/wp-content/uploads/W_portada-3.jpg,W_portada-3.jpg,MatamedeFrenteAmazon004,500,738,0.678,38,low,filename/title contiene señal de portada: portada | proporcion vertical compatible con portada | dimensiones razonables para cover
book:de kolpino a krasny bor,"DE KOLPINO A KRASNY BOR, ",592,José Argimiro Cordobés Pérez,1176,https://editoriallarueca.com/wp-content/uploads/w_portada_lamuerte.jpg,w_portada_lamuerte.jpg,978-84-19865-47-2_cvs,500,744,0.672,38,low,filename/title contiene señal de portada: portada | proporcion vertical compatible con portada | dimensiones razonables para cover
book:de kolpino a krasny bor,"DE KOLPINO A KRASNY BOR, ",592,José Argimiro Cordobés Pérez,1201,https://editoriallarueca.com/wp-content/uploads/w_978-84-19865-40-3_CUBIERTA.jpg,w_978-84-19865-40-3_CUBIERTA.jpg,w_978-84-19865-40-3_CUBIERTA,500,738,0.678,38,low,filename/title contiene señal de portada: cubierta | proporcion vertical compatible con portada | dimensiones razonables para cover
book:de kolpino a krasny bor,"DE KOLPINO A KRASNY BOR, ",592,José Argimiro Cordobés Pérez,1229,https://editoriallarueca.com/wp-content/uploads/w_Estasimo-portada.jpg,w_Estasimo-portada.jpg,w_Estásimo - portada,500,700,0.714,38,low,filename/title contiene señal de portada: portada | proporcion vertical compatible con portada | dimensiones razonables para cover
book:dile a mama que nos conocimos en el cafe tres cantones,Dile a mamá que nos conocimos en el Café Tres Cantones,596,Fernando Grijalba,3019,https://editoriallarueca.com/wp-content/uploads/Libro-Dile-a-mama-que-nos-conocimos-en-el-Cafe-Tres-Cantones-Autor-Fernando-Grijalba_Genero-Novela_Editorial-la-Rueca.jpg,Libro-Dile-a-mama-que-nos-conocimos-en-el-Cafe-Tres-Cantones-Autor-Fernando-Grijalba_Genero-Novela_Editorial-la-Rueca.jpg,Libro Dile a mamá que nos conocimos en el Café Tres Cantones-Autor Fernando Grijalba_Género Novela_Editorial la Rueca,250,350,0.714,92,high,filename contiene el titulo del libro | attachment title contiene el titulo del libro | slug contiene el titulo del libro | filename/title contiene señal de portada: libro | proporcion vertical compatible con portada | dimensiones tipo avatar | contiene señal de foto de autor: autor
book:dile a mama que nos conocimos en el cafe tres cantones,Dile a mamá que nos conocimos en el Café Tres Cantones,596,Fernando Grijalba,1039,https://editoriallarueca.com/wp-content/uploads/w_POLLOS_maq2_portada_OK2_sinmarcas.jpg,w_POLLOS_maq2_portada_OK2_sinmarcas.jpg,w_POLLOS_maq2_portada_OK2_sinmarcas,500,731,0.684,38,low,filename/title contiene señal de portada: portada | proporcion vertical compatible con portada | dimensiones razonables para cover
book:dile a mama que nos conocimos en el cafe tres cantones,Dile a mamá que nos conocimos en el Café Tres Cantones,596,Fernando Grijalba,1045,https://editoriallarueca.com/wp-content/uploads/W_portada-3.jpg,W_portada-3.jpg,MatamedeFrenteAmazon004,500,738,0.678,38,low,filename/title contiene señal de portada: portada | proporcion vertical compatible con portada | dimensiones razonables para cover
book:dile a mama que nos conocimos en el cafe tres cantones,Dile a mamá que nos conocimos en el Café Tres Cantones,596,Fernando Grijalba,1176,https://editoriallarueca.com/wp-content/uploads/w_portada_lamuerte.jpg,w_portada_lamuerte.jpg,978-84-19865-47-2_cvs,500,744,0.672,38,low,filename/title contiene señal de portada: portada | proporcion vertical compatible con portada | dimensiones razonables para cover
book:dile a mama que nos conocimos en el cafe tres cantones,Dile a mamá que nos conocimos en el Café Tres Cantones,596,Fernando Grijalba,1201,https://editoriallarueca.com/wp-content/uploads/w_978-84-19865-40-3_CUBIERTA.jpg,w_978-84-19865-40-3_CUBIERTA.jpg,w_978-84-19865-40-3_CUBIERTA,500,738,0.678,38,low,filename/title contiene señal de portada: cubierta | proporcion vertical compatible con portada | dimensiones razonables para cover
book:campos de dispersion ascetica,Campos de dispersión ascética,598,Fran García Quinto,496,https://editoriallarueca.com/wp-content/uploads/W_campos_de_dispersion_asceticA.jpg,W_campos_de_dispersion_asceticA-scaled.jpg,W_campos_de_dispersión_ascéticA,1681,2560,0.657,130,high,filename contiene el titulo del libro | attachment title contiene el titulo del libro | slug contiene el titulo del libro | proporcion vertical compatible con portada | dimensiones razonables para cover
book:campos de dispersion ascetica,Campos de dispersión ascética,598,Fran García Quinto,498,https://editoriallarueca.com/wp-content/uploads/w_campos_de_dispersion_ascetica_VA.jpg,w_campos_de_dispersion_ascetica_VA-scaled.jpg,w_campos_de_dispersión_ascética_VA,1676,2560,0.655,130,high,filename contiene el titulo del libro | attachment title contiene el titulo del libro | slug contiene el titulo del libro | proporcion vertical compatible con portada | dimensiones razonables para cover
book:campos de dispersion ascetica,Campos de dispersión ascética,598,Fran García Quinto,497,https://editoriallarueca.com/wp-content/uploads/w_campos_de_dispersion_ascetica_VA.tif,w_campos_de_dispersion_ascetica_VA.tif,w_campos_de_dispersión_ascética_VA,,,,110,high,filename contiene el titulo del libro | attachment title contiene el titulo del libro | slug contiene el titulo del libro
book:campos de dispersion ascetica,Campos de dispersión ascética,598,Fran García Quinto,1039,https://editoriallarueca.com/wp-content/uploads/w_POLLOS_maq2_portada_OK2_sinmarcas.jpg,w_POLLOS_maq2_portada_OK2_sinmarcas.jpg,w_POLLOS_maq2_portada_OK2_sinmarcas,500,731,0.684,38,low,filename/title contiene señal de portada: portada | proporcion vertical compatible con portada | dimensiones razonables para cover
book:campos de dispersion ascetica,Campos de dispersión ascética,598,Fran García Quinto,1045,https://editoriallarueca.com/wp-content/uploads/W_portada-3.jpg,W_portada-3.jpg,MatamedeFrenteAmazon004,500,738,0.678,38,low,filename/title contiene señal de portada: portada | proporcion vertical compatible con portada | dimensiones razonables para cover
book:teoria metaforica del bestiaro romanico proposito revolucionario la educacion sexual,Teoría Metafórica del «Bestiaro Románico». Propósito revolucionario: la educación sexual,601,Francisca Martín-Cano Abreu,1039,https://editoriallarueca.com/wp-content/uploads/w_POLLOS_maq2_portada_OK2_sinmarcas.jpg,w_POLLOS_maq2_portada_OK2_sinmarcas.jpg,w_POLLOS_maq2_portada_OK2_sinmarcas,500,731,0.684,38,low,filename/title contiene señal de portada: portada | proporcion vertical compatible con portada | dimensiones razonables para cover
book:teoria metaforica del bestiaro romanico proposito revolucionario la educacion sexual,Teoría Metafórica del «Bestiaro Románico». Propósito revolucionario: la educación sexual,601,Francisca Martín-Cano Abreu,1045,https://editoriallarueca.com/wp-content/uploads/W_portada-3.jpg,W_portada-3.jpg,MatamedeFrenteAmazon004,500,738,0.678,38,low,filename/title contiene señal de portada: portada | proporcion vertical compatible con portada | dimensiones razonables para cover
book:teoria metaforica del bestiaro romanico proposito revolucionario la educacion sexual,Teoría Metafórica del «Bestiaro Románico». Propósito revolucionario: la educación sexual,601,Francisca Martín-Cano Abreu,1176,https://editoriallarueca.com/wp-content/uploads/w_portada_lamuerte.jpg,w_portada_lamuerte.jpg,978-84-19865-47-2_cvs,500,744,0.672,38,low,filename/title contiene señal de portada: portada | proporcion vertical compatible con portada | dimensiones razonables para cover
book:teoria metaforica del bestiaro romanico proposito revolucionario la educacion sexual,Teoría Metafórica del «Bestiaro Románico». Propósito revolucionario: la educación sexual,601,Francisca Martín-Cano Abreu,1201,https://editoriallarueca.com/wp-content/uploads/w_978-84-19865-40-3_CUBIERTA.jpg,w_978-84-19865-40-3_CUBIERTA.jpg,w_978-84-19865-40-3_CUBIERTA,500,738,0.678,38,low,filename/title contiene señal de portada: cubierta | proporcion vertical compatible con portada | dimensiones razonables para cover
book:teoria metaforica del bestiaro romanico proposito revolucionario la educacion sexual,Teoría Metafórica del «Bestiaro Románico». Propósito revolucionario: la educación sexual,601,Francisca Martín-Cano Abreu,1229,https://editoriallarueca.com/wp-content/uploads/w_Estasimo-portada.jpg,w_Estasimo-portada.jpg,w_Estásimo - portada,500,700,0.714,38,low,filename/title contiene señal de portada: portada | proporcion vertical compatible con portada | dimensiones razonables para cover
book:la vida de adonis,La Vida de Adonis,606,Mauro Escobar,130,https://editoriallarueca.com/wp-content/uploads/la-vida-de-adonis.jpg,la-vida-de-adonis.jpg,la-vida-de-adonis,500,707,0.707,130,high,filename contiene el titulo del libro | attachment title contiene el titulo del libro | slug contiene el titulo del libro | proporcion vertical compatible con portada | dimensiones razonables para cover
book:la vida de adonis,La Vida de Adonis,606,Mauro Escobar,1039,https://editoriallarueca.com/wp-content/uploads/w_POLLOS_maq2_portada_OK2_sinmarcas.jpg,w_POLLOS_maq2_portada_OK2_sinmarcas.jpg,w_POLLOS_maq2_portada_OK2_sinmarcas,500,731,0.684,38,low,filename/title contiene señal de portada: portada | proporcion vertical compatible con portada | dimensiones razonables para cover
book:la vida de adonis,La Vida de Adonis,606,Mauro Escobar,1045,https://editoriallarueca.com/wp-content/uploads/W_portada-3.jpg,W_portada-3.jpg,MatamedeFrenteAmazon004,500,738,0.678,38,low,filename/title contiene señal de portada: portada | proporcion vertical compatible con portada | dimensiones razonables para cover
book:la vida de adonis,La Vida de Adonis,606,Mauro Escobar,1176,https://editoriallarueca.com/wp-content/uploads/w_portada_lamuerte.jpg,w_portada_lamuerte.jpg,978-84-19865-47-2_cvs,500,744,0.672,38,low,filename/title contiene señal de portada: portada | proporcion vertical compatible con portada | dimensiones razonables para cover
book:la vida de adonis,La Vida de Adonis,606,Mauro Escobar,1201,https://editoriallarueca.com/wp-content/uploads/w_978-84-19865-40-3_CUBIERTA.jpg,w_978-84-19865-40-3_CUBIERTA.jpg,w_978-84-19865-40-3_CUBIERTA,500,738,0.678,38,low,filename/title contiene señal de portada: cubierta | proporcion vertical compatible con portada | dimensiones razonables para cover
book:el azul del mar en los mapas,El azul del mar en los mapas,609,Karlos de Oro,3016,https://editoriallarueca.com/wp-content/uploads/Libro-El-azul-del-mar-en-los-mapas_Autor-Karlos-de-Oro_Genero-Ficcion_.jpg,Libro-El-azul-del-mar-en-los-mapas_Autor-Karlos-de-Oro_Genero-Ficcion_.jpg,Libro El azul del mar en los mapas_Autor Karlos de Oro_Género Ficción_,1417,1984,0.714,118,high,filename contiene el titulo del libro | attachment title contiene el titulo del libro | slug contiene el titulo del libro | filename/title contiene señal de portada: libro | proporcion vertical compatible con portada | dimensiones razonables para cover | contiene señal de foto de autor: autor
book:el azul del mar en los mapas,El azul del mar en los mapas,609,Karlos de Oro,1039,https://editoriallarueca.com/wp-content/uploads/w_POLLOS_maq2_portada_OK2_sinmarcas.jpg,w_POLLOS_maq2_portada_OK2_sinmarcas.jpg,w_POLLOS_maq2_portada_OK2_sinmarcas,500,731,0.684,38,low,filename/title contiene señal de portada: portada | proporcion vertical compatible con portada | dimensiones razonables para cover
book:el azul del mar en los mapas,El azul del mar en los mapas,609,Karlos de Oro,1045,https://editoriallarueca.com/wp-content/uploads/W_portada-3.jpg,W_portada-3.jpg,MatamedeFrenteAmazon004,500,738,0.678,38,low,filename/title contiene señal de portada: portada | proporcion vertical compatible con portada | dimensiones razonables para cover
book:el azul del mar en los mapas,El azul del mar en los mapas,609,Karlos de Oro,1176,https://editoriallarueca.com/wp-content/uploads/w_portada_lamuerte.jpg,w_portada_lamuerte.jpg,978-84-19865-47-2_cvs,500,744,0.672,38,low,filename/title contiene señal de portada: portada | proporcion vertical compatible con portada | dimensiones razonables para cover
book:el azul del mar en los mapas,El azul del mar en los mapas,609,Karlos de Oro,1201,https://editoriallarueca.com/wp-content/uploads/w_978-84-19865-40-3_CUBIERTA.jpg,w_978-84-19865-40-3_CUBIERTA.jpg,w_978-84-19865-40-3_CUBIERTA,500,738,0.678,38,low,filename/title contiene señal de portada: cubierta | proporcion vertical compatible con portada | dimensiones razonables para cover
book:cruce de pasos,Cruce de Pasos,619,Ana Córdoba del Campo | Ángel García Muñoz,469,https://editoriallarueca.com/wp-content/uploads/w_CRUCE-DE-PASOS-3a-edicion-CMYK.jpg,w_CRUCE-DE-PASOS-3a-edicion-CMYK.jpg,AF_CubOK_CRUCE DE PASOS 3ª edición (CMYK),1772,2272,0.78,130,high,filename contiene el titulo del libro | attachment title contiene el titulo del libro | slug contiene el titulo del libro | proporcion vertical compatible con portada | dimensiones razonables para cover
book:cruce de pasos,Cruce de Pasos,619,Ana Córdoba del Campo | Ángel García Muñoz,1039,https://editoriallarueca.com/wp-content/uploads/w_POLLOS_maq2_portada_OK2_sinmarcas.jpg,w_POLLOS_maq2_portada_OK2_sinmarcas.jpg,w_POLLOS_maq2_portada_OK2_sinmarcas,500,731,0.684,38,low,filename/title contiene señal de portada: portada | proporcion vertical compatible con portada | dimensiones razonables para cover
book:cruce de pasos,Cruce de Pasos,619,Ana Córdoba del Campo | Ángel García Muñoz,1045,https://editoriallarueca.com/wp-content/uploads/W_portada-3.jpg,W_portada-3.jpg,MatamedeFrenteAmazon004,500,738,0.678,38,low,filename/title contiene señal de portada: portada | proporcion vertical compatible con portada | dimensiones razonables para cover
book:cruce de pasos,Cruce de Pasos,619,Ana Córdoba del Campo | Ángel García Muñoz,1176,https://editoriallarueca.com/wp-content/uploads/w_portada_lamuerte.jpg,w_portada_lamuerte.jpg,978-84-19865-47-2_cvs,500,744,0.672,38,low,filename/title contiene señal de portada: portada | proporcion vertical compatible con portada | dimensiones razonables para cover
book:cruce de pasos,Cruce de Pasos,619,Ana Córdoba del Campo | Ángel García Muñoz,1201,https://editoriallarueca.com/wp-content/uploads/w_978-84-19865-40-3_CUBIERTA.jpg,w_978-84-19865-40-3_CUBIERTA.jpg,w_978-84-19865-40-3_CUBIERTA,500,738,0.678,38,low,filename/title contiene señal de portada: cubierta | proporcion vertical compatible con portada | dimensiones razonables para cover
book:el poder de la educacion nos hace infinitos,El poder de la educación nos hace infinitos,623,Norberto Domínguez Jurado,1039,https://editoriallarueca.com/wp-content/uploads/w_POLLOS_maq2_portada_OK2_sinmarcas.jpg,w_POLLOS_maq2_portada_OK2_sinmarcas.jpg,w_POLLOS_maq2_portada_OK2_sinmarcas,500,731,0.684,38,low,filename/title contiene señal de portada: portada | proporcion vertical compatible con portada | dimensiones razonables para cover
book:el poder de la educacion nos hace infinitos,El poder de la educación nos hace infinitos,623,Norberto Domínguez Jurado,1045,https://editoriallarueca.com/wp-content/uploads/W_portada-3.jpg,W_portada-3.jpg,MatamedeFrenteAmazon004,500,738,0.678,38,low,filename/title contiene señal de portada: portada | proporcion vertical compatible con portada | dimensiones razonables para cover
book:el poder de la educacion nos hace infinitos,El poder de la educación nos hace infinitos,623,Norberto Domínguez Jurado,1176,https://editoriallarueca.com/wp-content/uploads/w_portada_lamuerte.jpg,w_portada_lamuerte.jpg,978-84-19865-47-2_cvs,500,744,0.672,38,low,filename/title contiene señal de portada: portada | proporcion vertical compatible con portada | dimensiones razonables para cover
book:el poder de la educacion nos hace infinitos,El poder de la educación nos hace infinitos,623,Norberto Domínguez Jurado,1201,https://editoriallarueca.com/wp-content/uploads/w_978-84-19865-40-3_CUBIERTA.jpg,w_978-84-19865-40-3_CUBIERTA.jpg,w_978-84-19865-40-3_CUBIERTA,500,738,0.678,38,low,filename/title contiene señal de portada: cubierta | proporcion vertical compatible con portada | dimensiones razonables para cover
book:el poder de la educacion nos hace infinitos,El poder de la educación nos hace infinitos,623,Norberto Domínguez Jurado,1229,https://editoriallarueca.com/wp-content/uploads/w_Estasimo-portada.jpg,w_Estasimo-portada.jpg,w_Estásimo - portada,500,700,0.714,38,low,filename/title contiene señal de portada: portada | proporcion vertical compatible con portada | dimensiones razonables para cover
book:julio robles garcia compositor,Julio Robles García - Compositor,628,María Dolores Castellón Pérez,3032,https://editoriallarueca.com/wp-content/uploads/libro-Julio-Robles-Garcia-–-Compositor-_Autora-Maria-Dolores-Castellon-Perez_Genero-Musica.jpg,libro-Julio-Robles-Garcia-–-Compositor-_Autora-Maria-Dolores-Castellon-Perez_Genero-Musica.jpg,W_Compositor,500,733,0.682,80,high,filename contiene el titulo del libro | filename/title contiene señal de portada: libro | proporcion vertical compatible con portada | dimensiones razonables para cover
book:julio robles garcia compositor,Julio Robles García - Compositor,628,María Dolores Castellón Pérez,1039,https://editoriallarueca.com/wp-content/uploads/w_POLLOS_maq2_portada_OK2_sinmarcas.jpg,w_POLLOS_maq2_portada_OK2_sinmarcas.jpg,w_POLLOS_maq2_portada_OK2_sinmarcas,500,731,0.684,38,low,filename/title contiene señal de portada: portada | proporcion vertical compatible con portada | dimensiones razonables para cover
book:julio robles garcia compositor,Julio Robles García - Compositor,628,María Dolores Castellón Pérez,1045,https://editoriallarueca.com/wp-content/uploads/W_portada-3.jpg,W_portada-3.jpg,MatamedeFrenteAmazon004,500,738,0.678,38,low,filename/title contiene señal de portada: portada | proporcion vertical compatible con portada | dimensiones razonables para cover
book:julio robles garcia compositor,Julio Robles García - Compositor,628,María Dolores Castellón Pérez,1176,https://editoriallarueca.com/wp-content/uploads/w_portada_lamuerte.jpg,w_portada_lamuerte.jpg,978-84-19865-47-2_cvs,500,744,0.672,38,low,filename/title contiene señal de portada: portada | proporcion vertical compatible con portada | dimensiones razonables para cover
book:julio robles garcia compositor,Julio Robles García - Compositor,628,María Dolores Castellón Pérez,1201,https://editoriallarueca.com/wp-content/uploads/w_978-84-19865-40-3_CUBIERTA.jpg,w_978-84-19865-40-3_CUBIERTA.jpg,w_978-84-19865-40-3_CUBIERTA,500,738,0.678,38,low,filename/title contiene señal de portada: cubierta | proporcion vertical compatible con portada | dimensiones razonables para cover
book:banquero de carlos v a emilio botin,banquero de Carlos V a Emilio Botín,633,Alonso Cruz León,1039,https://editoriallarueca.com/wp-content/uploads/w_POLLOS_maq2_portada_OK2_sinmarcas.jpg,w_POLLOS_maq2_portada_OK2_sinmarcas.jpg,w_POLLOS_maq2_portada_OK2_sinmarcas,500,731,0.684,38,low,filename/title contiene señal de portada: portada | proporcion vertical compatible con portada | dimensiones razonables para cover
book:banquero de carlos v a emilio botin,banquero de Carlos V a Emilio Botín,633,Alonso Cruz León,1045,https://editoriallarueca.com/wp-content/uploads/W_portada-3.jpg,W_portada-3.jpg,MatamedeFrenteAmazon004,500,738,0.678,38,low,filename/title contiene señal de portada: portada | proporcion vertical compatible con portada | dimensiones razonables para cover
book:banquero de carlos v a emilio botin,banquero de Carlos V a Emilio Botín,633,Alonso Cruz León,1176,https://editoriallarueca.com/wp-content/uploads/w_portada_lamuerte.jpg,w_portada_lamuerte.jpg,978-84-19865-47-2_cvs,500,744,0.672,38,low,filename/title contiene señal de portada: portada | proporcion vertical compatible con portada | dimensiones razonables para cover
book:banquero de carlos v a emilio botin,banquero de Carlos V a Emilio Botín,633,Alonso Cruz León,1201,https://editoriallarueca.com/wp-content/uploads/w_978-84-19865-40-3_CUBIERTA.jpg,w_978-84-19865-40-3_CUBIERTA.jpg,w_978-84-19865-40-3_CUBIERTA,500,738,0.678,38,low,filename/title contiene señal de portada: cubierta | proporcion vertical compatible con portada | dimensiones razonables para cover
book:banquero de carlos v a emilio botin,banquero de Carlos V a Emilio Botín,633,Alonso Cruz León,1229,https://editoriallarueca.com/wp-content/uploads/w_Estasimo-portada.jpg,w_Estasimo-portada.jpg,w_Estásimo - portada,500,700,0.714,38,low,filename/title contiene señal de portada: portada | proporcion vertical compatible con portada | dimensiones razonables para cover
book:la canteria en moralzarzal,La cantería en Moralzarzal,637,Antonio López Hurtado,1039,https://editoriallarueca.com/wp-content/uploads/w_POLLOS_maq2_portada_OK2_sinmarcas.jpg,w_POLLOS_maq2_portada_OK2_sinmarcas.jpg,w_POLLOS_maq2_portada_OK2_sinmarcas,500,731,0.684,38,low,filename/title contiene señal de portada: portada | proporcion vertical compatible con portada | dimensiones razonables para cover
book:la canteria en moralzarzal,La cantería en Moralzarzal,637,Antonio López Hurtado,1045,https://editoriallarueca.com/wp-content/uploads/W_portada-3.jpg,W_portada-3.jpg,MatamedeFrenteAmazon004,500,738,0.678,38,low,filename/title contiene señal de portada: portada | proporcion vertical compatible con portada | dimensiones razonables para cover
book:la canteria en moralzarzal,La cantería en Moralzarzal,637,Antonio López Hurtado,1176,https://editoriallarueca.com/wp-content/uploads/w_portada_lamuerte.jpg,w_portada_lamuerte.jpg,978-84-19865-47-2_cvs,500,744,0.672,38,low,filename/title contiene señal de portada: portada | proporcion vertical compatible con portada | dimensiones razonables para cover
book:la canteria en moralzarzal,La cantería en Moralzarzal,637,Antonio López Hurtado,1201,https://editoriallarueca.com/wp-content/uploads/w_978-84-19865-40-3_CUBIERTA.jpg,w_978-84-19865-40-3_CUBIERTA.jpg,w_978-84-19865-40-3_CUBIERTA,500,738,0.678,38,low,filename/title contiene señal de portada: cubierta | proporcion vertical compatible con portada | dimensiones razonables para cover
book:la canteria en moralzarzal,La cantería en Moralzarzal,637,Antonio López Hurtado,1229,https://editoriallarueca.com/wp-content/uploads/w_Estasimo-portada.jpg,w_Estasimo-portada.jpg,w_Estásimo - portada,500,700,0.714,38,low,filename/title contiene señal de portada: portada | proporcion vertical compatible con portada | dimensiones razonables para cover
book:el delgado hilo de la vida,El delgado hilo de la vida,640,JChamCri,1039,https://editoriallarueca.com/wp-content/uploads/w_POLLOS_maq2_portada_OK2_sinmarcas.jpg,w_POLLOS_maq2_portada_OK2_sinmarcas.jpg,w_POLLOS_maq2_portada_OK2_sinmarcas,500,731,0.684,38,low,filename/title contiene señal de portada: portada | proporcion vertical compatible con portada | dimensiones razonables para cover
book:el delgado hilo de la vida,El delgado hilo de la vida,640,JChamCri,1045,https://editoriallarueca.com/wp-content/uploads/W_portada-3.jpg,W_portada-3.jpg,MatamedeFrenteAmazon004,500,738,0.678,38,low,filename/title contiene señal de portada: portada | proporcion vertical compatible con portada | dimensiones razonables para cover
book:el delgado hilo de la vida,El delgado hilo de la vida,640,JChamCri,1176,https://editoriallarueca.com/wp-content/uploads/w_portada_lamuerte.jpg,w_portada_lamuerte.jpg,978-84-19865-47-2_cvs,500,744,0.672,38,low,filename/title contiene señal de portada: portada | proporcion vertical compatible con portada | dimensiones razonables para cover
book:el delgado hilo de la vida,El delgado hilo de la vida,640,JChamCri,1201,https://editoriallarueca.com/wp-content/uploads/w_978-84-19865-40-3_CUBIERTA.jpg,w_978-84-19865-40-3_CUBIERTA.jpg,w_978-84-19865-40-3_CUBIERTA,500,738,0.678,38,low,filename/title contiene señal de portada: cubierta | proporcion vertical compatible con portada | dimensiones razonables para cover
book:el delgado hilo de la vida,El delgado hilo de la vida,640,JChamCri,1229,https://editoriallarueca.com/wp-content/uploads/w_Estasimo-portada.jpg,w_Estasimo-portada.jpg,w_Estásimo - portada,500,700,0.714,38,low,filename/title contiene señal de portada: portada | proporcion vertical compatible con portada | dimensiones razonables para cover
book:el joven fenix el resurgir de los dioses egipcios,El Joven Fénix (El resurgir de los dioses egipcios),657,Marta Susana Pecaric,1039,https://editoriallarueca.com/wp-content/uploads/w_POLLOS_maq2_portada_OK2_sinmarcas.jpg,w_POLLOS_maq2_portada_OK2_sinmarcas.jpg,w_POLLOS_maq2_portada_OK2_sinmarcas,500,731,0.684,38,low,filename/title contiene señal de portada: portada | proporcion vertical compatible con portada | dimensiones razonables para cover
book:el joven fenix el resurgir de los dioses egipcios,El Joven Fénix (El resurgir de los dioses egipcios),657,Marta Susana Pecaric,1045,https://editoriallarueca.com/wp-content/uploads/W_portada-3.jpg,W_portada-3.jpg,MatamedeFrenteAmazon004,500,738,0.678,38,low,filename/title contiene señal de portada: portada | proporcion vertical compatible con portada | dimensiones razonables para cover
book:el joven fenix el resurgir de los dioses egipcios,El Joven Fénix (El resurgir de los dioses egipcios),657,Marta Susana Pecaric,1176,https://editoriallarueca.com/wp-content/uploads/w_portada_lamuerte.jpg,w_portada_lamuerte.jpg,978-84-19865-47-2_cvs,500,744,0.672,38,low,filename/title contiene señal de portada: portada | proporcion vertical compatible con portada | dimensiones razonables para cover
book:el joven fenix el resurgir de los dioses egipcios,El Joven Fénix (El resurgir de los dioses egipcios),657,Marta Susana Pecaric,1201,https://editoriallarueca.com/wp-content/uploads/w_978-84-19865-40-3_CUBIERTA.jpg,w_978-84-19865-40-3_CUBIERTA.jpg,w_978-84-19865-40-3_CUBIERTA,500,738,0.678,38,low,filename/title contiene señal de portada: cubierta | proporcion vertical compatible con portada | dimensiones razonables para cover
book:el joven fenix el resurgir de los dioses egipcios,El Joven Fénix (El resurgir de los dioses egipcios),657,Marta Susana Pecaric,1229,https://editoriallarueca.com/wp-content/uploads/w_Estasimo-portada.jpg,w_Estasimo-portada.jpg,w_Estásimo - portada,500,700,0.714,38,low,filename/title contiene señal de portada: portada | proporcion vertical compatible con portada | dimensiones razonables para cover
book:tiendas y abastos en moralzarzal,Tiendas y abastos en Moralzarzal,663,Antonio López Hurtado Zárate,1039,https://editoriallarueca.com/wp-content/uploads/w_POLLOS_maq2_portada_OK2_sinmarcas.jpg,w_POLLOS_maq2_portada_OK2_sinmarcas.jpg,w_POLLOS_maq2_portada_OK2_sinmarcas,500,731,0.684,38,low,filename/title contiene señal de portada: portada | proporcion vertical compatible con portada | dimensiones razonables para cover
book:tiendas y abastos en moralzarzal,Tiendas y abastos en Moralzarzal,663,Antonio López Hurtado Zárate,1045,https://editoriallarueca.com/wp-content/uploads/W_portada-3.jpg,W_portada-3.jpg,MatamedeFrenteAmazon004,500,738,0.678,38,low,filename/title contiene señal de portada: portada | proporcion vertical compatible con portada | dimensiones razonables para cover
book:tiendas y abastos en moralzarzal,Tiendas y abastos en Moralzarzal,663,Antonio López Hurtado Zárate,1176,https://editoriallarueca.com/wp-content/uploads/w_portada_lamuerte.jpg,w_portada_lamuerte.jpg,978-84-19865-47-2_cvs,500,744,0.672,38,low,filename/title contiene señal de portada: portada | proporcion vertical compatible con portada | dimensiones razonables para cover
book:tiendas y abastos en moralzarzal,Tiendas y abastos en Moralzarzal,663,Antonio López Hurtado Zárate,1201,https://editoriallarueca.com/wp-content/uploads/w_978-84-19865-40-3_CUBIERTA.jpg,w_978-84-19865-40-3_CUBIERTA.jpg,w_978-84-19865-40-3_CUBIERTA,500,738,0.678,38,low,filename/title contiene señal de portada: cubierta | proporcion vertical compatible con portada | dimensiones razonables para cover
book:tiendas y abastos en moralzarzal,Tiendas y abastos en Moralzarzal,663,Antonio López Hurtado Zárate,1229,https://editoriallarueca.com/wp-content/uploads/w_Estasimo-portada.jpg,w_Estasimo-portada.jpg,w_Estásimo - portada,500,700,0.714,38,low,filename/title contiene señal de portada: portada | proporcion vertical compatible con portada | dimensiones razonables para cover
book:yoga volumen 1 2 3 4 5 evolucion integral y evolucion universal,"Yoga Volumen 1,2,3,4,5 evolución integral y evolución universal",683,Miguel Gómez Aránega,1039,https://editoriallarueca.com/wp-content/uploads/w_POLLOS_maq2_portada_OK2_sinmarcas.jpg,w_POLLOS_maq2_portada_OK2_sinmarcas.jpg,w_POLLOS_maq2_portada_OK2_sinmarcas,500,731,0.684,38,low,filename/title contiene señal de portada: portada | proporcion vertical compatible con portada | dimensiones razonables para cover
book:yoga volumen 1 2 3 4 5 evolucion integral y evolucion universal,"Yoga Volumen 1,2,3,4,5 evolución integral y evolución universal",683,Miguel Gómez Aránega,1045,https://editoriallarueca.com/wp-content/uploads/W_portada-3.jpg,W_portada-3.jpg,MatamedeFrenteAmazon004,500,738,0.678,38,low,filename/title contiene señal de portada: portada | proporcion vertical compatible con portada | dimensiones razonables para cover
book:yoga volumen 1 2 3 4 5 evolucion integral y evolucion universal,"Yoga Volumen 1,2,3,4,5 evolución integral y evolución universal",683,Miguel Gómez Aránega,1176,https://editoriallarueca.com/wp-content/uploads/w_portada_lamuerte.jpg,w_portada_lamuerte.jpg,978-84-19865-47-2_cvs,500,744,0.672,38,low,filename/title contiene señal de portada: portada | proporcion vertical compatible con portada | dimensiones razonables para cover
book:yoga volumen 1 2 3 4 5 evolucion integral y evolucion universal,"Yoga Volumen 1,2,3,4,5 evolución integral y evolución universal",683,Miguel Gómez Aránega,1201,https://editoriallarueca.com/wp-content/uploads/w_978-84-19865-40-3_CUBIERTA.jpg,w_978-84-19865-40-3_CUBIERTA.jpg,w_978-84-19865-40-3_CUBIERTA,500,738,0.678,38,low,filename/title contiene señal de portada: cubierta | proporcion vertical compatible con portada | dimensiones razonables para cover
book:yoga volumen 1 2 3 4 5 evolucion integral y evolucion universal,"Yoga Volumen 1,2,3,4,5 evolución integral y evolución universal",683,Miguel Gómez Aránega,1229,https://editoriallarueca.com/wp-content/uploads/w_Estasimo-portada.jpg,w_Estasimo-portada.jpg,w_Estásimo - portada,500,700,0.714,38,low,filename/title contiene señal de portada: portada | proporcion vertical compatible con portada | dimensiones razonables para cover
book:nagasaki,Nagasaki,690,Antonio L.  Gómez Charlín,3039,https://editoriallarueca.com/wp-content/uploads/Libro-Nagasaki-Antonio-L.-Gomez-Charlin_Genero-Narrativa-gallego.jpg,Libro-Nagasaki-Antonio-L.-Gomez-Charlin_Genero-Narrativa-gallego.jpg,Nagasaki003,500,697,0.717,140,high,filename contiene el titulo del libro | attachment title contiene el titulo del libro | slug contiene el titulo del libro | filename/title contiene señal de portada: libro | proporcion vertical compatible con portada
book:nagasaki,Nagasaki,690,Antonio L.  Gómez Charlín,156,https://editoriallarueca.com/wp-content/uploads/w_Nagasaki.jpg,w_Nagasaki-scaled.jpg,w_Nagasaki,1811,2560,0.707,130,high,filename contiene el titulo del libro | attachment title contiene el titulo del libro | slug contiene el titulo del libro | proporcion vertical compatible con portada | dimensiones razonables para cover
book:nagasaki,Nagasaki,690,Antonio L.  Gómez Charlín,255,https://editoriallarueca.com/wp-content/uploads/w_rss_Nagasaki.jpg,w_rss_Nagasaki.jpg,w_rss_Nagasaki,1417,2035,0.696,130,high,filename contiene el titulo del libro | attachment title contiene el titulo del libro | slug contiene el titulo del libro | proporcion vertical compatible con portada | dimensiones razonables para cover
book:nagasaki,Nagasaki,690,Antonio L.  Gómez Charlín,689,https://editoriallarueca.com/wp-content/uploads/w_Nagasaki-1.jpg,w_Nagasaki-1.jpg,Nagasaki003,500,697,0.717,122,high,filename contiene el titulo del libro | attachment title contiene el titulo del libro | slug contiene el titulo del libro | proporcion vertical compatible con portada
book:nagasaki,Nagasaki,690,Antonio L.  Gómez Charlín,254,https://editoriallarueca.com/wp-content/uploads/w_rss_Nagasaki.tif,w_rss_Nagasaki.tif,w_rss_Nagasaki,,,,110,high,filename contiene el titulo del libro | attachment title contiene el titulo del libro | slug contiene el titulo del libro
book:un ameno curso introductorio a la ecologia humana,Un ameno curso introductorio a la Ecología Humana ,702,José Balbino  León Quijada,1039,https://editoriallarueca.com/wp-content/uploads/w_POLLOS_maq2_portada_OK2_sinmarcas.jpg,w_POLLOS_maq2_portada_OK2_sinmarcas.jpg,w_POLLOS_maq2_portada_OK2_sinmarcas,500,731,0.684,38,low,filename/title contiene señal de portada: portada | proporcion vertical compatible con portada | dimensiones razonables para cover
book:un ameno curso introductorio a la ecologia humana,Un ameno curso introductorio a la Ecología Humana ,702,José Balbino  León Quijada,1045,https://editoriallarueca.com/wp-content/uploads/W_portada-3.jpg,W_portada-3.jpg,MatamedeFrenteAmazon004,500,738,0.678,38,low,filename/title contiene señal de portada: portada | proporcion vertical compatible con portada | dimensiones razonables para cover
book:un ameno curso introductorio a la ecologia humana,Un ameno curso introductorio a la Ecología Humana ,702,José Balbino  León Quijada,1176,https://editoriallarueca.com/wp-content/uploads/w_portada_lamuerte.jpg,w_portada_lamuerte.jpg,978-84-19865-47-2_cvs,500,744,0.672,38,low,filename/title contiene señal de portada: portada | proporcion vertical compatible con portada | dimensiones razonables para cover
book:un ameno curso introductorio a la ecologia humana,Un ameno curso introductorio a la Ecología Humana ,702,José Balbino  León Quijada,1201,https://editoriallarueca.com/wp-content/uploads/w_978-84-19865-40-3_CUBIERTA.jpg,w_978-84-19865-40-3_CUBIERTA.jpg,w_978-84-19865-40-3_CUBIERTA,500,738,0.678,38,low,filename/title contiene señal de portada: cubierta | proporcion vertical compatible con portada | dimensiones razonables para cover
book:un ameno curso introductorio a la ecologia humana,Un ameno curso introductorio a la Ecología Humana ,702,José Balbino  León Quijada,1229,https://editoriallarueca.com/wp-content/uploads/w_Estasimo-portada.jpg,w_Estasimo-portada.jpg,w_Estásimo - portada,500,700,0.714,38,low,filename/title contiene señal de portada: portada | proporcion vertical compatible con portada | dimensiones razonables para cover
book:la ganaderia en moralzarzal,La Ganadería en Moralzarzal,710,"Antonio López Hurtado ""Zárate""",1039,https://editoriallarueca.com/wp-content/uploads/w_POLLOS_maq2_portada_OK2_sinmarcas.jpg,w_POLLOS_maq2_portada_OK2_sinmarcas.jpg,w_POLLOS_maq2_portada_OK2_sinmarcas,500,731,0.684,38,low,filename/title contiene señal de portada: portada | proporcion vertical compatible con portada | dimensiones razonables para cover
book:la ganaderia en moralzarzal,La Ganadería en Moralzarzal,710,"Antonio López Hurtado ""Zárate""",1045,https://editoriallarueca.com/wp-content/uploads/W_portada-3.jpg,W_portada-3.jpg,MatamedeFrenteAmazon004,500,738,0.678,38,low,filename/title contiene señal de portada: portada | proporcion vertical compatible con portada | dimensiones razonables para cover
book:la ganaderia en moralzarzal,La Ganadería en Moralzarzal,710,"Antonio López Hurtado ""Zárate""",1176,https://editoriallarueca.com/wp-content/uploads/w_portada_lamuerte.jpg,w_portada_lamuerte.jpg,978-84-19865-47-2_cvs,500,744,0.672,38,low,filename/title contiene señal de portada: portada | proporcion vertical compatible con portada | dimensiones razonables para cover
book:la ganaderia en moralzarzal,La Ganadería en Moralzarzal,710,"Antonio López Hurtado ""Zárate""",1201,https://editoriallarueca.com/wp-content/uploads/w_978-84-19865-40-3_CUBIERTA.jpg,w_978-84-19865-40-3_CUBIERTA.jpg,w_978-84-19865-40-3_CUBIERTA,500,738,0.678,38,low,filename/title contiene señal de portada: cubierta | proporcion vertical compatible con portada | dimensiones razonables para cover
book:la ganaderia en moralzarzal,La Ganadería en Moralzarzal,710,"Antonio López Hurtado ""Zárate""",1229,https://editoriallarueca.com/wp-content/uploads/w_Estasimo-portada.jpg,w_Estasimo-portada.jpg,w_Estásimo - portada,500,700,0.714,38,low,filename/title contiene señal de portada: portada | proporcion vertical compatible con portada | dimensiones razonables para cover
book:espejos de la realidad,ESPEJOS DE LA REALIDAD,717,Juan Antonio Valero Casado,3041,https://editoriallarueca.com/wp-content/uploads/LIbro-Espejos-de-la-realidad-Juan-Antonio-Valero_Genero-Articulos-periodisticos.jpg,LIbro-Espejos-de-la-realidad-Juan-Antonio-Valero_Genero-Articulos-periodisticos.jpg,EspejosdlRealidad,500,767,0.652,80,high,filename contiene el titulo del libro | filename/title contiene señal de portada: libro | proporcion vertical compatible con portada | dimensiones razonables para cover
book:espejos de la realidad,ESPEJOS DE LA REALIDAD,717,Juan Antonio Valero Casado,1039,https://editoriallarueca.com/wp-content/uploads/w_POLLOS_maq2_portada_OK2_sinmarcas.jpg,w_POLLOS_maq2_portada_OK2_sinmarcas.jpg,w_POLLOS_maq2_portada_OK2_sinmarcas,500,731,0.684,38,low,filename/title contiene señal de portada: portada | proporcion vertical compatible con portada | dimensiones razonables para cover
book:espejos de la realidad,ESPEJOS DE LA REALIDAD,717,Juan Antonio Valero Casado,1045,https://editoriallarueca.com/wp-content/uploads/W_portada-3.jpg,W_portada-3.jpg,MatamedeFrenteAmazon004,500,738,0.678,38,low,filename/title contiene señal de portada: portada | proporcion vertical compatible con portada | dimensiones razonables para cover
book:espejos de la realidad,ESPEJOS DE LA REALIDAD,717,Juan Antonio Valero Casado,1176,https://editoriallarueca.com/wp-content/uploads/w_portada_lamuerte.jpg,w_portada_lamuerte.jpg,978-84-19865-47-2_cvs,500,744,0.672,38,low,filename/title contiene señal de portada: portada | proporcion vertical compatible con portada | dimensiones razonables para cover
book:espejos de la realidad,ESPEJOS DE LA REALIDAD,717,Juan Antonio Valero Casado,1201,https://editoriallarueca.com/wp-content/uploads/w_978-84-19865-40-3_CUBIERTA.jpg,w_978-84-19865-40-3_CUBIERTA.jpg,w_978-84-19865-40-3_CUBIERTA,500,738,0.678,38,low,filename/title contiene señal de portada: cubierta | proporcion vertical compatible con portada | dimensiones razonables para cover
book:la pulsera de la princesa yoruba,La pulsera de la princesa yoruba,724,Teodoro Rodríguez Martín,1039,https://editoriallarueca.com/wp-content/uploads/w_POLLOS_maq2_portada_OK2_sinmarcas.jpg,w_POLLOS_maq2_portada_OK2_sinmarcas.jpg,w_POLLOS_maq2_portada_OK2_sinmarcas,500,731,0.684,38,low,filename/title contiene señal de portada: portada | proporcion vertical compatible con portada | dimensiones razonables para cover
book:la pulsera de la princesa yoruba,La pulsera de la princesa yoruba,724,Teodoro Rodríguez Martín,1045,https://editoriallarueca.com/wp-content/uploads/W_portada-3.jpg,W_portada-3.jpg,MatamedeFrenteAmazon004,500,738,0.678,38,low,filename/title contiene señal de portada: portada | proporcion vertical compatible con portada | dimensiones razonables para cover
book:la pulsera de la princesa yoruba,La pulsera de la princesa yoruba,724,Teodoro Rodríguez Martín,1176,https://editoriallarueca.com/wp-content/uploads/w_portada_lamuerte.jpg,w_portada_lamuerte.jpg,978-84-19865-47-2_cvs,500,744,0.672,38,low,filename/title contiene señal de portada: portada | proporcion vertical compatible con portada | dimensiones razonables para cover
book:la pulsera de la princesa yoruba,La pulsera de la princesa yoruba,724,Teodoro Rodríguez Martín,1201,https://editoriallarueca.com/wp-content/uploads/w_978-84-19865-40-3_CUBIERTA.jpg,w_978-84-19865-40-3_CUBIERTA.jpg,w_978-84-19865-40-3_CUBIERTA,500,738,0.678,38,low,filename/title contiene señal de portada: cubierta | proporcion vertical compatible con portada | dimensiones razonables para cover
book:la pulsera de la princesa yoruba,La pulsera de la princesa yoruba,724,Teodoro Rodríguez Martín,1229,https://editoriallarueca.com/wp-content/uploads/w_Estasimo-portada.jpg,w_Estasimo-portada.jpg,w_Estásimo - portada,500,700,0.714,38,low,filename/title contiene señal de portada: portada | proporcion vertical compatible con portada | dimensiones razonables para cover
book:los pensamientos olvidados,Los pensamientos olvidados,733,Alejandro González García,1039,https://editoriallarueca.com/wp-content/uploads/w_POLLOS_maq2_portada_OK2_sinmarcas.jpg,w_POLLOS_maq2_portada_OK2_sinmarcas.jpg,w_POLLOS_maq2_portada_OK2_sinmarcas,500,731,0.684,38,low,filename/title contiene señal de portada: portada | proporcion vertical compatible con portada | dimensiones razonables para cover
book:los pensamientos olvidados,Los pensamientos olvidados,733,Alejandro González García,1045,https://editoriallarueca.com/wp-content/uploads/W_portada-3.jpg,W_portada-3.jpg,MatamedeFrenteAmazon004,500,738,0.678,38,low,filename/title contiene señal de portada: portada | proporcion vertical compatible con portada | dimensiones razonables para cover
book:los pensamientos olvidados,Los pensamientos olvidados,733,Alejandro González García,1176,https://editoriallarueca.com/wp-content/uploads/w_portada_lamuerte.jpg,w_portada_lamuerte.jpg,978-84-19865-47-2_cvs,500,744,0.672,38,low,filename/title contiene señal de portada: portada | proporcion vertical compatible con portada | dimensiones razonables para cover
book:los pensamientos olvidados,Los pensamientos olvidados,733,Alejandro González García,1201,https://editoriallarueca.com/wp-content/uploads/w_978-84-19865-40-3_CUBIERTA.jpg,w_978-84-19865-40-3_CUBIERTA.jpg,w_978-84-19865-40-3_CUBIERTA,500,738,0.678,38,low,filename/title contiene señal de portada: cubierta | proporcion vertical compatible con portada | dimensiones razonables para cover
book:los pensamientos olvidados,Los pensamientos olvidados,733,Alejandro González García,1229,https://editoriallarueca.com/wp-content/uploads/w_Estasimo-portada.jpg,w_Estasimo-portada.jpg,w_Estásimo - portada,500,700,0.714,38,low,filename/title contiene señal de portada: portada | proporcion vertical compatible con portada | dimensiones razonables para cover
book:la vida sin ti,La vida sin tí,747,Alejandro González García,746,https://editoriallarueca.com/wp-content/uploads/w_LavidaSinTi.jpg,w_LavidaSinTi.jpg,LaVidaSinTi001,500,747,0.669,130,high,filename contiene el titulo del libro | attachment title contiene el titulo del libro | slug contiene el titulo del libro | proporcion vertical compatible con portada | dimensiones razonables para cover
book:la vida sin ti,La vida sin tí,747,Alejandro González García,1039,https://editoriallarueca.com/wp-content/uploads/w_POLLOS_maq2_portada_OK2_sinmarcas.jpg,w_POLLOS_maq2_portada_OK2_sinmarcas.jpg,w_POLLOS_maq2_portada_OK2_sinmarcas,500,731,0.684,38,low,filename/title contiene señal de portada: portada | proporcion vertical compatible con portada | dimensiones razonables para cover
book:la vida sin ti,La vida sin tí,747,Alejandro González García,1045,https://editoriallarueca.com/wp-content/uploads/W_portada-3.jpg,W_portada-3.jpg,MatamedeFrenteAmazon004,500,738,0.678,38,low,filename/title contiene señal de portada: portada | proporcion vertical compatible con portada | dimensiones razonables para cover
book:la vida sin ti,La vida sin tí,747,Alejandro González García,1176,https://editoriallarueca.com/wp-content/uploads/w_portada_lamuerte.jpg,w_portada_lamuerte.jpg,978-84-19865-47-2_cvs,500,744,0.672,38,low,filename/title contiene señal de portada: portada | proporcion vertical compatible con portada | dimensiones razonables para cover
book:la vida sin ti,La vida sin tí,747,Alejandro González García,1201,https://editoriallarueca.com/wp-content/uploads/w_978-84-19865-40-3_CUBIERTA.jpg,w_978-84-19865-40-3_CUBIERTA.jpg,w_978-84-19865-40-3_CUBIERTA,500,738,0.678,38,low,filename/title contiene señal de portada: cubierta | proporcion vertical compatible con portada | dimensiones razonables para cover
book:relatos de agua dulce,Relatos de agua dulce,751,Sara Ramiro,1039,https://editoriallarueca.com/wp-content/uploads/w_POLLOS_maq2_portada_OK2_sinmarcas.jpg,w_POLLOS_maq2_portada_OK2_sinmarcas.jpg,w_POLLOS_maq2_portada_OK2_sinmarcas,500,731,0.684,38,low,filename/title contiene señal de portada: portada | proporcion vertical compatible con portada | dimensiones razonables para cover
book:relatos de agua dulce,Relatos de agua dulce,751,Sara Ramiro,1045,https://editoriallarueca.com/wp-content/uploads/W_portada-3.jpg,W_portada-3.jpg,MatamedeFrenteAmazon004,500,738,0.678,38,low,filename/title contiene señal de portada: portada | proporcion vertical compatible con portada | dimensiones razonables para cover
book:relatos de agua dulce,Relatos de agua dulce,751,Sara Ramiro,1176,https://editoriallarueca.com/wp-content/uploads/w_portada_lamuerte.jpg,w_portada_lamuerte.jpg,978-84-19865-47-2_cvs,500,744,0.672,38,low,filename/title contiene señal de portada: portada | proporcion vertical compatible con portada | dimensiones razonables para cover
book:relatos de agua dulce,Relatos de agua dulce,751,Sara Ramiro,1201,https://editoriallarueca.com/wp-content/uploads/w_978-84-19865-40-3_CUBIERTA.jpg,w_978-84-19865-40-3_CUBIERTA.jpg,w_978-84-19865-40-3_CUBIERTA,500,738,0.678,38,low,filename/title contiene señal de portada: cubierta | proporcion vertical compatible con portada | dimensiones razonables para cover
book:relatos de agua dulce,Relatos de agua dulce,751,Sara Ramiro,1229,https://editoriallarueca.com/wp-content/uploads/w_Estasimo-portada.jpg,w_Estasimo-portada.jpg,w_Estásimo - portada,500,700,0.714,38,low,filename/title contiene señal de portada: portada | proporcion vertical compatible con portada | dimensiones razonables para cover
book:john main apatheia nirvana,John Main: Apatheia-Nirvana,756,Carlos Miramontes Seijas,1039,https://editoriallarueca.com/wp-content/uploads/w_POLLOS_maq2_portada_OK2_sinmarcas.jpg,w_POLLOS_maq2_portada_OK2_sinmarcas.jpg,w_POLLOS_maq2_portada_OK2_sinmarcas,500,731,0.684,38,low,filename/title contiene señal de portada: portada | proporcion vertical compatible con portada | dimensiones razonables para cover
book:john main apatheia nirvana,John Main: Apatheia-Nirvana,756,Carlos Miramontes Seijas,1045,https://editoriallarueca.com/wp-content/uploads/W_portada-3.jpg,W_portada-3.jpg,MatamedeFrenteAmazon004,500,738,0.678,38,low,filename/title contiene señal de portada: portada | proporcion vertical compatible con portada | dimensiones razonables para cover
book:john main apatheia nirvana,John Main: Apatheia-Nirvana,756,Carlos Miramontes Seijas,1176,https://editoriallarueca.com/wp-content/uploads/w_portada_lamuerte.jpg,w_portada_lamuerte.jpg,978-84-19865-47-2_cvs,500,744,0.672,38,low,filename/title contiene señal de portada: portada | proporcion vertical compatible con portada | dimensiones razonables para cover
book:john main apatheia nirvana,John Main: Apatheia-Nirvana,756,Carlos Miramontes Seijas,1201,https://editoriallarueca.com/wp-content/uploads/w_978-84-19865-40-3_CUBIERTA.jpg,w_978-84-19865-40-3_CUBIERTA.jpg,w_978-84-19865-40-3_CUBIERTA,500,738,0.678,38,low,filename/title contiene señal de portada: cubierta | proporcion vertical compatible con portada | dimensiones razonables para cover
book:john main apatheia nirvana,John Main: Apatheia-Nirvana,756,Carlos Miramontes Seijas,1229,https://editoriallarueca.com/wp-content/uploads/w_Estasimo-portada.jpg,w_Estasimo-portada.jpg,w_Estásimo - portada,500,700,0.714,38,low,filename/title contiene señal de portada: portada | proporcion vertical compatible con portada | dimensiones razonables para cover
book:un siglo de ferrocarril en ecija memorias del marchenilla,Un siglo de ferrocarril en Écija - Memorias del Marchenilla,762,Rosa Laguna Boza,1039,https://editoriallarueca.com/wp-content/uploads/w_POLLOS_maq2_portada_OK2_sinmarcas.jpg,w_POLLOS_maq2_portada_OK2_sinmarcas.jpg,w_POLLOS_maq2_portada_OK2_sinmarcas,500,731,0.684,38,low,filename/title contiene señal de portada: portada | proporcion vertical compatible con portada | dimensiones razonables para cover
book:un siglo de ferrocarril en ecija memorias del marchenilla,Un siglo de ferrocarril en Écija - Memorias del Marchenilla,762,Rosa Laguna Boza,1045,https://editoriallarueca.com/wp-content/uploads/W_portada-3.jpg,W_portada-3.jpg,MatamedeFrenteAmazon004,500,738,0.678,38,low,filename/title contiene señal de portada: portada | proporcion vertical compatible con portada | dimensiones razonables para cover
book:un siglo de ferrocarril en ecija memorias del marchenilla,Un siglo de ferrocarril en Écija - Memorias del Marchenilla,762,Rosa Laguna Boza,1176,https://editoriallarueca.com/wp-content/uploads/w_portada_lamuerte.jpg,w_portada_lamuerte.jpg,978-84-19865-47-2_cvs,500,744,0.672,38,low,filename/title contiene señal de portada: portada | proporcion vertical compatible con portada | dimensiones razonables para cover
book:un siglo de ferrocarril en ecija memorias del marchenilla,Un siglo de ferrocarril en Écija - Memorias del Marchenilla,762,Rosa Laguna Boza,1201,https://editoriallarueca.com/wp-content/uploads/w_978-84-19865-40-3_CUBIERTA.jpg,w_978-84-19865-40-3_CUBIERTA.jpg,w_978-84-19865-40-3_CUBIERTA,500,738,0.678,38,low,filename/title contiene señal de portada: cubierta | proporcion vertical compatible con portada | dimensiones razonables para cover
book:un siglo de ferrocarril en ecija memorias del marchenilla,Un siglo de ferrocarril en Écija - Memorias del Marchenilla,762,Rosa Laguna Boza,1229,https://editoriallarueca.com/wp-content/uploads/w_Estasimo-portada.jpg,w_Estasimo-portada.jpg,w_Estásimo - portada,500,700,0.714,38,low,filename/title contiene señal de portada: portada | proporcion vertical compatible con portada | dimensiones razonables para cover
book:going my way en 40 poemas,“Going my way” en 40 poemas ,765,Ignacio Luis de Orduña Puebla,1039,https://editoriallarueca.com/wp-content/uploads/w_POLLOS_maq2_portada_OK2_sinmarcas.jpg,w_POLLOS_maq2_portada_OK2_sinmarcas.jpg,w_POLLOS_maq2_portada_OK2_sinmarcas,500,731,0.684,38,low,filename/title contiene señal de portada: portada | proporcion vertical compatible con portada | dimensiones razonables para cover
book:going my way en 40 poemas,“Going my way” en 40 poemas ,765,Ignacio Luis de Orduña Puebla,1045,https://editoriallarueca.com/wp-content/uploads/W_portada-3.jpg,W_portada-3.jpg,MatamedeFrenteAmazon004,500,738,0.678,38,low,filename/title contiene señal de portada: portada | proporcion vertical compatible con portada | dimensiones razonables para cover
book:going my way en 40 poemas,“Going my way” en 40 poemas ,765,Ignacio Luis de Orduña Puebla,1176,https://editoriallarueca.com/wp-content/uploads/w_portada_lamuerte.jpg,w_portada_lamuerte.jpg,978-84-19865-47-2_cvs,500,744,0.672,38,low,filename/title contiene señal de portada: portada | proporcion vertical compatible con portada | dimensiones razonables para cover
book:going my way en 40 poemas,“Going my way” en 40 poemas ,765,Ignacio Luis de Orduña Puebla,1201,https://editoriallarueca.com/wp-content/uploads/w_978-84-19865-40-3_CUBIERTA.jpg,w_978-84-19865-40-3_CUBIERTA.jpg,w_978-84-19865-40-3_CUBIERTA,500,738,0.678,38,low,filename/title contiene señal de portada: cubierta | proporcion vertical compatible con portada | dimensiones razonables para cover
book:going my way en 40 poemas,“Going my way” en 40 poemas ,765,Ignacio Luis de Orduña Puebla,1229,https://editoriallarueca.com/wp-content/uploads/w_Estasimo-portada.jpg,w_Estasimo-portada.jpg,w_Estásimo - portada,500,700,0.714,38,low,filename/title contiene señal de portada: portada | proporcion vertical compatible con portada | dimensiones razonables para cover
book:ilogica proposicional aforemas y poerismos,Ilógica Proposicional – Aforemas y Poerismos,772,Richard Pazos,1039,https://editoriallarueca.com/wp-content/uploads/w_POLLOS_maq2_portada_OK2_sinmarcas.jpg,w_POLLOS_maq2_portada_OK2_sinmarcas.jpg,w_POLLOS_maq2_portada_OK2_sinmarcas,500,731,0.684,38,low,filename/title contiene señal de portada: portada | proporcion vertical compatible con portada | dimensiones razonables para cover
book:ilogica proposicional aforemas y poerismos,Ilógica Proposicional – Aforemas y Poerismos,772,Richard Pazos,1045,https://editoriallarueca.com/wp-content/uploads/W_portada-3.jpg,W_portada-3.jpg,MatamedeFrenteAmazon004,500,738,0.678,38,low,filename/title contiene señal de portada: portada | proporcion vertical compatible con portada | dimensiones razonables para cover
book:ilogica proposicional aforemas y poerismos,Ilógica Proposicional – Aforemas y Poerismos,772,Richard Pazos,1176,https://editoriallarueca.com/wp-content/uploads/w_portada_lamuerte.jpg,w_portada_lamuerte.jpg,978-84-19865-47-2_cvs,500,744,0.672,38,low,filename/title contiene señal de portada: portada | proporcion vertical compatible con portada | dimensiones razonables para cover
book:ilogica proposicional aforemas y poerismos,Ilógica Proposicional – Aforemas y Poerismos,772,Richard Pazos,1201,https://editoriallarueca.com/wp-content/uploads/w_978-84-19865-40-3_CUBIERTA.jpg,w_978-84-19865-40-3_CUBIERTA.jpg,w_978-84-19865-40-3_CUBIERTA,500,738,0.678,38,low,filename/title contiene señal de portada: cubierta | proporcion vertical compatible con portada | dimensiones razonables para cover
book:ilogica proposicional aforemas y poerismos,Ilógica Proposicional – Aforemas y Poerismos,772,Richard Pazos,1229,https://editoriallarueca.com/wp-content/uploads/w_Estasimo-portada.jpg,w_Estasimo-portada.jpg,w_Estásimo - portada,500,700,0.714,38,low,filename/title contiene señal de portada: portada | proporcion vertical compatible con portada | dimensiones razonables para cover
book:thailandia el viaje que cambio el rumbo de mi vida como inverti los obstaculos y mis limitaciones en valores gracias a mi experiencia de vida y al coaching,"Thailandia, el viaje que cambió el rumbo de mi vida - Como Invertí los Obstáculos y mis Limitaciones, en Valores: Gracias a Mi Experiencia de Vida y al Coaching",778,Jorge González González,1039,https://editoriallarueca.com/wp-content/uploads/w_POLLOS_maq2_portada_OK2_sinmarcas.jpg,w_POLLOS_maq2_portada_OK2_sinmarcas.jpg,w_POLLOS_maq2_portada_OK2_sinmarcas,500,731,0.684,38,low,filename/title contiene señal de portada: portada | proporcion vertical compatible con portada | dimensiones razonables para cover
book:thailandia el viaje que cambio el rumbo de mi vida como inverti los obstaculos y mis limitaciones en valores gracias a mi experiencia de vida y al coaching,"Thailandia, el viaje que cambió el rumbo de mi vida - Como Invertí los Obstáculos y mis Limitaciones, en Valores: Gracias a Mi Experiencia de Vida y al Coaching",778,Jorge González González,1045,https://editoriallarueca.com/wp-content/uploads/W_portada-3.jpg,W_portada-3.jpg,MatamedeFrenteAmazon004,500,738,0.678,38,low,filename/title contiene señal de portada: portada | proporcion vertical compatible con portada | dimensiones razonables para cover
book:thailandia el viaje que cambio el rumbo de mi vida como inverti los obstaculos y mis limitaciones en valores gracias a mi experiencia de vida y al coaching,"Thailandia, el viaje que cambió el rumbo de mi vida - Como Invertí los Obstáculos y mis Limitaciones, en Valores: Gracias a Mi Experiencia de Vida y al Coaching",778,Jorge González González,1176,https://editoriallarueca.com/wp-content/uploads/w_portada_lamuerte.jpg,w_portada_lamuerte.jpg,978-84-19865-47-2_cvs,500,744,0.672,38,low,filename/title contiene señal de portada: portada | proporcion vertical compatible con portada | dimensiones razonables para cover
book:thailandia el viaje que cambio el rumbo de mi vida como inverti los obstaculos y mis limitaciones en valores gracias a mi experiencia de vida y al coaching,"Thailandia, el viaje que cambió el rumbo de mi vida - Como Invertí los Obstáculos y mis Limitaciones, en Valores: Gracias a Mi Experiencia de Vida y al Coaching",778,Jorge González González,1201,https://editoriallarueca.com/wp-content/uploads/w_978-84-19865-40-3_CUBIERTA.jpg,w_978-84-19865-40-3_CUBIERTA.jpg,w_978-84-19865-40-3_CUBIERTA,500,738,0.678,38,low,filename/title contiene señal de portada: cubierta | proporcion vertical compatible con portada | dimensiones razonables para cover
book:thailandia el viaje que cambio el rumbo de mi vida como inverti los obstaculos y mis limitaciones en valores gracias a mi experiencia de vida y al coaching,"Thailandia, el viaje que cambió el rumbo de mi vida - Como Invertí los Obstáculos y mis Limitaciones, en Valores: Gracias a Mi Experiencia de Vida y al Coaching",778,Jorge González González,1229,https://editoriallarueca.com/wp-content/uploads/w_Estasimo-portada.jpg,w_Estasimo-portada.jpg,w_Estásimo - portada,500,700,0.714,38,low,filename/title contiene señal de portada: portada | proporcion vertical compatible con portada | dimensiones razonables para cover
book:luna negra,Luna Negra,793,Tamara Chenel,792,https://editoriallarueca.com/wp-content/uploads/PortadaLunaNegra.jpeg,PortadaLunaNegra.jpeg,PortadaLunaNegra,827,1241,0.666,130,high,filename contiene el titulo del libro | attachment title contiene el titulo del libro | slug contiene el titulo del libro | proporcion vertical compatible con portada | dimensiones razonables para cover
book:luna negra,Luna Negra,793,Tamara Chenel,794,https://editoriallarueca.com/wp-content/uploads/MockUP_LunaNegra.jpg,MockUP_LunaNegra.jpg,MockUP_LunaNegra,900,600,1.5,112,high,filename contiene el titulo del libro | attachment title contiene el titulo del libro | slug contiene el titulo del libro | filename/title contiene señal de portada: mockup | imagen horizontal o panoramica
book:luna negra,Luna Negra,793,Tamara Chenel,1039,https://editoriallarueca.com/wp-content/uploads/w_POLLOS_maq2_portada_OK2_sinmarcas.jpg,w_POLLOS_maq2_portada_OK2_sinmarcas.jpg,w_POLLOS_maq2_portada_OK2_sinmarcas,500,731,0.684,38,low,filename/title contiene señal de portada: portada | proporcion vertical compatible con portada | dimensiones razonables para cover
book:luna negra,Luna Negra,793,Tamara Chenel,1045,https://editoriallarueca.com/wp-content/uploads/W_portada-3.jpg,W_portada-3.jpg,MatamedeFrenteAmazon004,500,738,0.678,38,low,filename/title contiene señal de portada: portada | proporcion vertical compatible con portada | dimensiones razonables para cover
book:luna negra,Luna Negra,793,Tamara Chenel,1176,https://editoriallarueca.com/wp-content/uploads/w_portada_lamuerte.jpg,w_portada_lamuerte.jpg,978-84-19865-47-2_cvs,500,744,0.672,38,low,filename/title contiene señal de portada: portada | proporcion vertical compatible con portada | dimensiones razonables para cover
book:la lista de tareas de mi profe jose,LA LISTA DE TAREAS DE MI PROFE JOSE,797,Carlos José Olmedo Batista | Carlos José Olmedo Batista,3030,https://editoriallarueca.com/wp-content/uploads/Libro-La-lista-de-tareas-de-mi-profe-Jose_Aurtor_Carlos-Jose-Olmedo-Batista_Genero-Libro-Infantil.jpg,Libro-La-lista-de-tareas-de-mi-profe-Jose_Aurtor_Carlos-Jose-Olmedo-Batista_Genero-Libro-Infantil.jpg,CUBIERTAS LA LISTA DE TAREAS2.indd,500,735,0.68,80,high,filename contiene el titulo del libro | filename/title contiene señal de portada: libro | proporcion vertical compatible con portada | dimensiones razonables para cover
book:la lista de tareas de mi profe jose,LA LISTA DE TAREAS DE MI PROFE JOSE,797,Carlos José Olmedo Batista | Carlos José Olmedo Batista,1039,https://editoriallarueca.com/wp-content/uploads/w_POLLOS_maq2_portada_OK2_sinmarcas.jpg,w_POLLOS_maq2_portada_OK2_sinmarcas.jpg,w_POLLOS_maq2_portada_OK2_sinmarcas,500,731,0.684,38,low,filename/title contiene señal de portada: portada | proporcion vertical compatible con portada | dimensiones razonables para cover
book:la lista de tareas de mi profe jose,LA LISTA DE TAREAS DE MI PROFE JOSE,797,Carlos José Olmedo Batista | Carlos José Olmedo Batista,1045,https://editoriallarueca.com/wp-content/uploads/W_portada-3.jpg,W_portada-3.jpg,MatamedeFrenteAmazon004,500,738,0.678,38,low,filename/title contiene señal de portada: portada | proporcion vertical compatible con portada | dimensiones razonables para cover
book:la lista de tareas de mi profe jose,LA LISTA DE TAREAS DE MI PROFE JOSE,797,Carlos José Olmedo Batista | Carlos José Olmedo Batista,1176,https://editoriallarueca.com/wp-content/uploads/w_portada_lamuerte.jpg,w_portada_lamuerte.jpg,978-84-19865-47-2_cvs,500,744,0.672,38,low,filename/title contiene señal de portada: portada | proporcion vertical compatible con portada | dimensiones razonables para cover
book:la lista de tareas de mi profe jose,LA LISTA DE TAREAS DE MI PROFE JOSE,797,Carlos José Olmedo Batista | Carlos José Olmedo Batista,1201,https://editoriallarueca.com/wp-content/uploads/w_978-84-19865-40-3_CUBIERTA.jpg,w_978-84-19865-40-3_CUBIERTA.jpg,w_978-84-19865-40-3_CUBIERTA,500,738,0.678,38,low,filename/title contiene señal de portada: cubierta | proporcion vertical compatible con portada | dimensiones razonables para cover
book:biodiversidad sostenibilidad supervivencia e inmortalidad,"BIODIVERSIDAD - Sostenibilidad, Supervivencia e Inmortalidad",802,GASPAR T. JIMENO DIESTRO,1039,https://editoriallarueca.com/wp-content/uploads/w_POLLOS_maq2_portada_OK2_sinmarcas.jpg,w_POLLOS_maq2_portada_OK2_sinmarcas.jpg,w_POLLOS_maq2_portada_OK2_sinmarcas,500,731,0.684,38,low,filename/title contiene señal de portada: portada | proporcion vertical compatible con portada | dimensiones razonables para cover
book:biodiversidad sostenibilidad supervivencia e inmortalidad,"BIODIVERSIDAD - Sostenibilidad, Supervivencia e Inmortalidad",802,GASPAR T. JIMENO DIESTRO,1045,https://editoriallarueca.com/wp-content/uploads/W_portada-3.jpg,W_portada-3.jpg,MatamedeFrenteAmazon004,500,738,0.678,38,low,filename/title contiene señal de portada: portada | proporcion vertical compatible con portada | dimensiones razonables para cover
book:biodiversidad sostenibilidad supervivencia e inmortalidad,"BIODIVERSIDAD - Sostenibilidad, Supervivencia e Inmortalidad",802,GASPAR T. JIMENO DIESTRO,1176,https://editoriallarueca.com/wp-content/uploads/w_portada_lamuerte.jpg,w_portada_lamuerte.jpg,978-84-19865-47-2_cvs,500,744,0.672,38,low,filename/title contiene señal de portada: portada | proporcion vertical compatible con portada | dimensiones razonables para cover
book:biodiversidad sostenibilidad supervivencia e inmortalidad,"BIODIVERSIDAD - Sostenibilidad, Supervivencia e Inmortalidad",802,GASPAR T. JIMENO DIESTRO,1201,https://editoriallarueca.com/wp-content/uploads/w_978-84-19865-40-3_CUBIERTA.jpg,w_978-84-19865-40-3_CUBIERTA.jpg,w_978-84-19865-40-3_CUBIERTA,500,738,0.678,38,low,filename/title contiene señal de portada: cubierta | proporcion vertical compatible con portada | dimensiones razonables para cover
book:biodiversidad sostenibilidad supervivencia e inmortalidad,"BIODIVERSIDAD - Sostenibilidad, Supervivencia e Inmortalidad",802,GASPAR T. JIMENO DIESTRO,1229,https://editoriallarueca.com/wp-content/uploads/w_Estasimo-portada.jpg,w_Estasimo-portada.jpg,w_Estásimo - portada,500,700,0.714,38,low,filename/title contiene señal de portada: portada | proporcion vertical compatible con portada | dimensiones razonables para cover
book:quieres o debes ser feliz darse cuenta de aquello que nos impide ser felices es el primer paso para ser mas feliz,"¿Quieres o debes ser feliz? - Darse cuenta de aquello que nos impide ser felices, es el primer paso para ser más feliz",807,Gregorio Muñoz Gómez,1039,https://editoriallarueca.com/wp-content/uploads/w_POLLOS_maq2_portada_OK2_sinmarcas.jpg,w_POLLOS_maq2_portada_OK2_sinmarcas.jpg,w_POLLOS_maq2_portada_OK2_sinmarcas,500,731,0.684,38,low,filename/title contiene señal de portada: portada | proporcion vertical compatible con portada | dimensiones razonables para cover
book:quieres o debes ser feliz darse cuenta de aquello que nos impide ser felices es el primer paso para ser mas feliz,"¿Quieres o debes ser feliz? - Darse cuenta de aquello que nos impide ser felices, es el primer paso para ser más feliz",807,Gregorio Muñoz Gómez,1045,https://editoriallarueca.com/wp-content/uploads/W_portada-3.jpg,W_portada-3.jpg,MatamedeFrenteAmazon004,500,738,0.678,38,low,filename/title contiene señal de portada: portada | proporcion vertical compatible con portada | dimensiones razonables para cover
book:quieres o debes ser feliz darse cuenta de aquello que nos impide ser felices es el primer paso para ser mas feliz,"¿Quieres o debes ser feliz? - Darse cuenta de aquello que nos impide ser felices, es el primer paso para ser más feliz",807,Gregorio Muñoz Gómez,1176,https://editoriallarueca.com/wp-content/uploads/w_portada_lamuerte.jpg,w_portada_lamuerte.jpg,978-84-19865-47-2_cvs,500,744,0.672,38,low,filename/title contiene señal de portada: portada | proporcion vertical compatible con portada | dimensiones razonables para cover
book:quieres o debes ser feliz darse cuenta de aquello que nos impide ser felices es el primer paso para ser mas feliz,"¿Quieres o debes ser feliz? - Darse cuenta de aquello que nos impide ser felices, es el primer paso para ser más feliz",807,Gregorio Muñoz Gómez,1201,https://editoriallarueca.com/wp-content/uploads/w_978-84-19865-40-3_CUBIERTA.jpg,w_978-84-19865-40-3_CUBIERTA.jpg,w_978-84-19865-40-3_CUBIERTA,500,738,0.678,38,low,filename/title contiene señal de portada: cubierta | proporcion vertical compatible con portada | dimensiones razonables para cover
book:quieres o debes ser feliz darse cuenta de aquello que nos impide ser felices es el primer paso para ser mas feliz,"¿Quieres o debes ser feliz? - Darse cuenta de aquello que nos impide ser felices, es el primer paso para ser más feliz",807,Gregorio Muñoz Gómez,1229,https://editoriallarueca.com/wp-content/uploads/w_Estasimo-portada.jpg,w_Estasimo-portada.jpg,w_Estásimo - portada,500,700,0.714,38,low,filename/title contiene señal de portada: portada | proporcion vertical compatible con portada | dimensiones razonables para cover
book:el camino del angel la realidad de un sueno,El camino del ángel (La realidad de un sueño),813,Ángel García García-Muñoz (BÜRU),1039,https://editoriallarueca.com/wp-content/uploads/w_POLLOS_maq2_portada_OK2_sinmarcas.jpg,w_POLLOS_maq2_portada_OK2_sinmarcas.jpg,w_POLLOS_maq2_portada_OK2_sinmarcas,500,731,0.684,38,low,filename/title contiene señal de portada: portada | proporcion vertical compatible con portada | dimensiones razonables para cover
book:el camino del angel la realidad de un sueno,El camino del ángel (La realidad de un sueño),813,Ángel García García-Muñoz (BÜRU),1045,https://editoriallarueca.com/wp-content/uploads/W_portada-3.jpg,W_portada-3.jpg,MatamedeFrenteAmazon004,500,738,0.678,38,low,filename/title contiene señal de portada: portada | proporcion vertical compatible con portada | dimensiones razonables para cover
book:el camino del angel la realidad de un sueno,El camino del ángel (La realidad de un sueño),813,Ángel García García-Muñoz (BÜRU),1176,https://editoriallarueca.com/wp-content/uploads/w_portada_lamuerte.jpg,w_portada_lamuerte.jpg,978-84-19865-47-2_cvs,500,744,0.672,38,low,filename/title contiene señal de portada: portada | proporcion vertical compatible con portada | dimensiones razonables para cover
book:el camino del angel la realidad de un sueno,El camino del ángel (La realidad de un sueño),813,Ángel García García-Muñoz (BÜRU),1201,https://editoriallarueca.com/wp-content/uploads/w_978-84-19865-40-3_CUBIERTA.jpg,w_978-84-19865-40-3_CUBIERTA.jpg,w_978-84-19865-40-3_CUBIERTA,500,738,0.678,38,low,filename/title contiene señal de portada: cubierta | proporcion vertical compatible con portada | dimensiones razonables para cover
book:el camino del angel la realidad de un sueno,El camino del ángel (La realidad de un sueño),813,Ángel García García-Muñoz (BÜRU),1229,https://editoriallarueca.com/wp-content/uploads/w_Estasimo-portada.jpg,w_Estasimo-portada.jpg,w_Estásimo - portada,500,700,0.714,38,low,filename/title contiene señal de portada: portada | proporcion vertical compatible con portada | dimensiones razonables para cover
book:sus ojos hablaron,Sus ojos hablaron,819,Juan José Velasco Sánchez-Mayoral,1039,https://editoriallarueca.com/wp-content/uploads/w_POLLOS_maq2_portada_OK2_sinmarcas.jpg,w_POLLOS_maq2_portada_OK2_sinmarcas.jpg,w_POLLOS_maq2_portada_OK2_sinmarcas,500,731,0.684,38,low,filename/title contiene señal de portada: portada | proporcion vertical compatible con portada | dimensiones razonables para cover
book:sus ojos hablaron,Sus ojos hablaron,819,Juan José Velasco Sánchez-Mayoral,1045,https://editoriallarueca.com/wp-content/uploads/W_portada-3.jpg,W_portada-3.jpg,MatamedeFrenteAmazon004,500,738,0.678,38,low,filename/title contiene señal de portada: portada | proporcion vertical compatible con portada | dimensiones razonables para cover
book:sus ojos hablaron,Sus ojos hablaron,819,Juan José Velasco Sánchez-Mayoral,1176,https://editoriallarueca.com/wp-content/uploads/w_portada_lamuerte.jpg,w_portada_lamuerte.jpg,978-84-19865-47-2_cvs,500,744,0.672,38,low,filename/title contiene señal de portada: portada | proporcion vertical compatible con portada | dimensiones razonables para cover
book:sus ojos hablaron,Sus ojos hablaron,819,Juan José Velasco Sánchez-Mayoral,1201,https://editoriallarueca.com/wp-content/uploads/w_978-84-19865-40-3_CUBIERTA.jpg,w_978-84-19865-40-3_CUBIERTA.jpg,w_978-84-19865-40-3_CUBIERTA,500,738,0.678,38,low,filename/title contiene señal de portada: cubierta | proporcion vertical compatible con portada | dimensiones razonables para cover
book:sus ojos hablaron,Sus ojos hablaron,819,Juan José Velasco Sánchez-Mayoral,1229,https://editoriallarueca.com/wp-content/uploads/w_Estasimo-portada.jpg,w_Estasimo-portada.jpg,w_Estásimo - portada,500,700,0.714,38,low,filename/title contiene señal de portada: portada | proporcion vertical compatible con portada | dimensiones razonables para cover
book:diario de un comunero,Diario de un Comunero,835,José Ignacio Miguelsanz,1039,https://editoriallarueca.com/wp-content/uploads/w_POLLOS_maq2_portada_OK2_sinmarcas.jpg,w_POLLOS_maq2_portada_OK2_sinmarcas.jpg,w_POLLOS_maq2_portada_OK2_sinmarcas,500,731,0.684,38,low,filename/title contiene señal de portada: portada | proporcion vertical compatible con portada | dimensiones razonables para cover
book:diario de un comunero,Diario de un Comunero,835,José Ignacio Miguelsanz,1045,https://editoriallarueca.com/wp-content/uploads/W_portada-3.jpg,W_portada-3.jpg,MatamedeFrenteAmazon004,500,738,0.678,38,low,filename/title contiene señal de portada: portada | proporcion vertical compatible con portada | dimensiones razonables para cover
book:diario de un comunero,Diario de un Comunero,835,José Ignacio Miguelsanz,1176,https://editoriallarueca.com/wp-content/uploads/w_portada_lamuerte.jpg,w_portada_lamuerte.jpg,978-84-19865-47-2_cvs,500,744,0.672,38,low,filename/title contiene señal de portada: portada | proporcion vertical compatible con portada | dimensiones razonables para cover
book:diario de un comunero,Diario de un Comunero,835,José Ignacio Miguelsanz,1201,https://editoriallarueca.com/wp-content/uploads/w_978-84-19865-40-3_CUBIERTA.jpg,w_978-84-19865-40-3_CUBIERTA.jpg,w_978-84-19865-40-3_CUBIERTA,500,738,0.678,38,low,filename/title contiene señal de portada: cubierta | proporcion vertical compatible con portada | dimensiones razonables para cover
book:diario de un comunero,Diario de un Comunero,835,José Ignacio Miguelsanz,1229,https://editoriallarueca.com/wp-content/uploads/w_Estasimo-portada.jpg,w_Estasimo-portada.jpg,w_Estásimo - portada,500,700,0.714,38,low,filename/title contiene señal de portada: portada | proporcion vertical compatible con portada | dimensiones razonables para cover
book:amar a fondo perdido y la decision,Amar a fondo perdido y La Decisión,868,Fernando Ruiz Grijalba,1039,https://editoriallarueca.com/wp-content/uploads/w_POLLOS_maq2_portada_OK2_sinmarcas.jpg,w_POLLOS_maq2_portada_OK2_sinmarcas.jpg,w_POLLOS_maq2_portada_OK2_sinmarcas,500,731,0.684,38,low,filename/title contiene señal de portada: portada | proporcion vertical compatible con portada | dimensiones razonables para cover
book:amar a fondo perdido y la decision,Amar a fondo perdido y La Decisión,868,Fernando Ruiz Grijalba,1045,https://editoriallarueca.com/wp-content/uploads/W_portada-3.jpg,W_portada-3.jpg,MatamedeFrenteAmazon004,500,738,0.678,38,low,filename/title contiene señal de portada: portada | proporcion vertical compatible con portada | dimensiones razonables para cover
book:amar a fondo perdido y la decision,Amar a fondo perdido y La Decisión,868,Fernando Ruiz Grijalba,1176,https://editoriallarueca.com/wp-content/uploads/w_portada_lamuerte.jpg,w_portada_lamuerte.jpg,978-84-19865-47-2_cvs,500,744,0.672,38,low,filename/title contiene señal de portada: portada | proporcion vertical compatible con portada | dimensiones razonables para cover
book:amar a fondo perdido y la decision,Amar a fondo perdido y La Decisión,868,Fernando Ruiz Grijalba,1201,https://editoriallarueca.com/wp-content/uploads/w_978-84-19865-40-3_CUBIERTA.jpg,w_978-84-19865-40-3_CUBIERTA.jpg,w_978-84-19865-40-3_CUBIERTA,500,738,0.678,38,low,filename/title contiene señal de portada: cubierta | proporcion vertical compatible con portada | dimensiones razonables para cover
book:amar a fondo perdido y la decision,Amar a fondo perdido y La Decisión,868,Fernando Ruiz Grijalba,1229,https://editoriallarueca.com/wp-content/uploads/w_Estasimo-portada.jpg,w_Estasimo-portada.jpg,w_Estásimo - portada,500,700,0.714,38,low,filename/title contiene señal de portada: portada | proporcion vertical compatible con portada | dimensiones razonables para cover
book:que cosas,¡Qué cosas!,879,Santiago Balmaseda Ramírez de Arellano,878,https://editoriallarueca.com/wp-content/uploads/w_QueCosasPortada.jpg,w_QueCosasPortada.jpg,QueCosasPortada,500,700,0.714,130,high,filename contiene el titulo del libro | attachment title contiene el titulo del libro | slug contiene el titulo del libro | proporcion vertical compatible con portada | dimensiones razonables para cover
book:que cosas,¡Qué cosas!,879,Santiago Balmaseda Ramírez de Arellano,880,https://editoriallarueca.com/wp-content/uploads/QueCosasMockup.png,QueCosasMockup-scaled.png,QueCosasMockup,2560,1732,1.478,94,high,filename contiene el titulo del libro | attachment title contiene el titulo del libro | slug contiene el titulo del libro | imagen horizontal o panoramica
book:que cosas,¡Qué cosas!,879,Santiago Balmaseda Ramírez de Arellano,1039,https://editoriallarueca.com/wp-content/uploads/w_POLLOS_maq2_portada_OK2_sinmarcas.jpg,w_POLLOS_maq2_portada_OK2_sinmarcas.jpg,w_POLLOS_maq2_portada_OK2_sinmarcas,500,731,0.684,38,low,filename/title contiene señal de portada: portada | proporcion vertical compatible con portada | dimensiones razonables para cover
book:que cosas,¡Qué cosas!,879,Santiago Balmaseda Ramírez de Arellano,1045,https://editoriallarueca.com/wp-content/uploads/W_portada-3.jpg,W_portada-3.jpg,MatamedeFrenteAmazon004,500,738,0.678,38,low,filename/title contiene señal de portada: portada | proporcion vertical compatible con portada | dimensiones razonables para cover
book:que cosas,¡Qué cosas!,879,Santiago Balmaseda Ramírez de Arellano,1176,https://editoriallarueca.com/wp-content/uploads/w_portada_lamuerte.jpg,w_portada_lamuerte.jpg,978-84-19865-47-2_cvs,500,744,0.672,38,low,filename/title contiene señal de portada: portada | proporcion vertical compatible con portada | dimensiones razonables para cover
book:no te vi venir pues jamas te hubiese dejado entrar,"No te vi venir, pues jamás te hubiese dejado entrar",882,Ana Córdoba del Campo,1039,https://editoriallarueca.com/wp-content/uploads/w_POLLOS_maq2_portada_OK2_sinmarcas.jpg,w_POLLOS_maq2_portada_OK2_sinmarcas.jpg,w_POLLOS_maq2_portada_OK2_sinmarcas,500,731,0.684,38,low,filename/title contiene señal de portada: portada | proporcion vertical compatible con portada | dimensiones razonables para cover
book:no te vi venir pues jamas te hubiese dejado entrar,"No te vi venir, pues jamás te hubiese dejado entrar",882,Ana Córdoba del Campo,1045,https://editoriallarueca.com/wp-content/uploads/W_portada-3.jpg,W_portada-3.jpg,MatamedeFrenteAmazon004,500,738,0.678,38,low,filename/title contiene señal de portada: portada | proporcion vertical compatible con portada | dimensiones razonables para cover
book:no te vi venir pues jamas te hubiese dejado entrar,"No te vi venir, pues jamás te hubiese dejado entrar",882,Ana Córdoba del Campo,1176,https://editoriallarueca.com/wp-content/uploads/w_portada_lamuerte.jpg,w_portada_lamuerte.jpg,978-84-19865-47-2_cvs,500,744,0.672,38,low,filename/title contiene señal de portada: portada | proporcion vertical compatible con portada | dimensiones razonables para cover
book:no te vi venir pues jamas te hubiese dejado entrar,"No te vi venir, pues jamás te hubiese dejado entrar",882,Ana Córdoba del Campo,1201,https://editoriallarueca.com/wp-content/uploads/w_978-84-19865-40-3_CUBIERTA.jpg,w_978-84-19865-40-3_CUBIERTA.jpg,w_978-84-19865-40-3_CUBIERTA,500,738,0.678,38,low,filename/title contiene señal de portada: cubierta | proporcion vertical compatible con portada | dimensiones razonables para cover
book:no te vi venir pues jamas te hubiese dejado entrar,"No te vi venir, pues jamás te hubiese dejado entrar",882,Ana Córdoba del Campo,1229,https://editoriallarueca.com/wp-content/uploads/w_Estasimo-portada.jpg,w_Estasimo-portada.jpg,w_Estásimo - portada,500,700,0.714,38,low,filename/title contiene señal de portada: portada | proporcion vertical compatible con portada | dimensiones razonables para cover
book:estampas de un pueblo andaluz 1960 1974,Estampas de un pueblo andaluz (1960-1974) ,885,Jesús Ezequiel Pérez Dorado,1039,https://editoriallarueca.com/wp-content/uploads/w_POLLOS_maq2_portada_OK2_sinmarcas.jpg,w_POLLOS_maq2_portada_OK2_sinmarcas.jpg,w_POLLOS_maq2_portada_OK2_sinmarcas,500,731,0.684,38,low,filename/title contiene señal de portada: portada | proporcion vertical compatible con portada | dimensiones razonables para cover
book:estampas de un pueblo andaluz 1960 1974,Estampas de un pueblo andaluz (1960-1974) ,885,Jesús Ezequiel Pérez Dorado,1045,https://editoriallarueca.com/wp-content/uploads/W_portada-3.jpg,W_portada-3.jpg,MatamedeFrenteAmazon004,500,738,0.678,38,low,filename/title contiene señal de portada: portada | proporcion vertical compatible con portada | dimensiones razonables para cover
book:estampas de un pueblo andaluz 1960 1974,Estampas de un pueblo andaluz (1960-1974) ,885,Jesús Ezequiel Pérez Dorado,1176,https://editoriallarueca.com/wp-content/uploads/w_portada_lamuerte.jpg,w_portada_lamuerte.jpg,978-84-19865-47-2_cvs,500,744,0.672,38,low,filename/title contiene señal de portada: portada | proporcion vertical compatible con portada | dimensiones razonables para cover
book:estampas de un pueblo andaluz 1960 1974,Estampas de un pueblo andaluz (1960-1974) ,885,Jesús Ezequiel Pérez Dorado,1201,https://editoriallarueca.com/wp-content/uploads/w_978-84-19865-40-3_CUBIERTA.jpg,w_978-84-19865-40-3_CUBIERTA.jpg,w_978-84-19865-40-3_CUBIERTA,500,738,0.678,38,low,filename/title contiene señal de portada: cubierta | proporcion vertical compatible con portada | dimensiones razonables para cover
book:estampas de un pueblo andaluz 1960 1974,Estampas de un pueblo andaluz (1960-1974) ,885,Jesús Ezequiel Pérez Dorado,1229,https://editoriallarueca.com/wp-content/uploads/w_Estasimo-portada.jpg,w_Estasimo-portada.jpg,w_Estásimo - portada,500,700,0.714,38,low,filename/title contiene señal de portada: portada | proporcion vertical compatible con portada | dimensiones razonables para cover
book:los dictadores y las mujeres adolf hitler,Los Dictadores y las Mujeres -  Adolf Hitler,894,Rosa Gómez,1039,https://editoriallarueca.com/wp-content/uploads/w_POLLOS_maq2_portada_OK2_sinmarcas.jpg,w_POLLOS_maq2_portada_OK2_sinmarcas.jpg,w_POLLOS_maq2_portada_OK2_sinmarcas,500,731,0.684,38,low,filename/title contiene señal de portada: portada | proporcion vertical compatible con portada | dimensiones razonables para cover
book:los dictadores y las mujeres adolf hitler,Los Dictadores y las Mujeres -  Adolf Hitler,894,Rosa Gómez,1045,https://editoriallarueca.com/wp-content/uploads/W_portada-3.jpg,W_portada-3.jpg,MatamedeFrenteAmazon004,500,738,0.678,38,low,filename/title contiene señal de portada: portada | proporcion vertical compatible con portada | dimensiones razonables para cover
book:los dictadores y las mujeres adolf hitler,Los Dictadores y las Mujeres -  Adolf Hitler,894,Rosa Gómez,1176,https://editoriallarueca.com/wp-content/uploads/w_portada_lamuerte.jpg,w_portada_lamuerte.jpg,978-84-19865-47-2_cvs,500,744,0.672,38,low,filename/title contiene señal de portada: portada | proporcion vertical compatible con portada | dimensiones razonables para cover
book:los dictadores y las mujeres adolf hitler,Los Dictadores y las Mujeres -  Adolf Hitler,894,Rosa Gómez,1201,https://editoriallarueca.com/wp-content/uploads/w_978-84-19865-40-3_CUBIERTA.jpg,w_978-84-19865-40-3_CUBIERTA.jpg,w_978-84-19865-40-3_CUBIERTA,500,738,0.678,38,low,filename/title contiene señal de portada: cubierta | proporcion vertical compatible con portada | dimensiones razonables para cover
book:los dictadores y las mujeres adolf hitler,Los Dictadores y las Mujeres -  Adolf Hitler,894,Rosa Gómez,1229,https://editoriallarueca.com/wp-content/uploads/w_Estasimo-portada.jpg,w_Estasimo-portada.jpg,w_Estásimo - portada,500,700,0.714,38,low,filename/title contiene señal de portada: portada | proporcion vertical compatible con portada | dimensiones razonables para cover
book:poesia y whisky,Poesía y Whisky,904,José Antonio Galante Pérez,1039,https://editoriallarueca.com/wp-content/uploads/w_POLLOS_maq2_portada_OK2_sinmarcas.jpg,w_POLLOS_maq2_portada_OK2_sinmarcas.jpg,w_POLLOS_maq2_portada_OK2_sinmarcas,500,731,0.684,38,low,filename/title contiene señal de portada: portada | proporcion vertical compatible con portada | dimensiones razonables para cover
book:poesia y whisky,Poesía y Whisky,904,José Antonio Galante Pérez,1045,https://editoriallarueca.com/wp-content/uploads/W_portada-3.jpg,W_portada-3.jpg,MatamedeFrenteAmazon004,500,738,0.678,38,low,filename/title contiene señal de portada: portada | proporcion vertical compatible con portada | dimensiones razonables para cover
book:poesia y whisky,Poesía y Whisky,904,José Antonio Galante Pérez,1176,https://editoriallarueca.com/wp-content/uploads/w_portada_lamuerte.jpg,w_portada_lamuerte.jpg,978-84-19865-47-2_cvs,500,744,0.672,38,low,filename/title contiene señal de portada: portada | proporcion vertical compatible con portada | dimensiones razonables para cover
book:poesia y whisky,Poesía y Whisky,904,José Antonio Galante Pérez,1201,https://editoriallarueca.com/wp-content/uploads/w_978-84-19865-40-3_CUBIERTA.jpg,w_978-84-19865-40-3_CUBIERTA.jpg,w_978-84-19865-40-3_CUBIERTA,500,738,0.678,38,low,filename/title contiene señal de portada: cubierta | proporcion vertical compatible con portada | dimensiones razonables para cover
book:poesia y whisky,Poesía y Whisky,904,José Antonio Galante Pérez,1229,https://editoriallarueca.com/wp-content/uploads/w_Estasimo-portada.jpg,w_Estasimo-portada.jpg,w_Estásimo - portada,500,700,0.714,38,low,filename/title contiene señal de portada: portada | proporcion vertical compatible con portada | dimensiones razonables para cover
book:alma en llamas,Alma en llamas,909,David Supertramp,1039,https://editoriallarueca.com/wp-content/uploads/w_POLLOS_maq2_portada_OK2_sinmarcas.jpg,w_POLLOS_maq2_portada_OK2_sinmarcas.jpg,w_POLLOS_maq2_portada_OK2_sinmarcas,500,731,0.684,38,low,filename/title contiene señal de portada: portada | proporcion vertical compatible con portada | dimensiones razonables para cover
book:alma en llamas,Alma en llamas,909,David Supertramp,1045,https://editoriallarueca.com/wp-content/uploads/W_portada-3.jpg,W_portada-3.jpg,MatamedeFrenteAmazon004,500,738,0.678,38,low,filename/title contiene señal de portada: portada | proporcion vertical compatible con portada | dimensiones razonables para cover
book:alma en llamas,Alma en llamas,909,David Supertramp,1176,https://editoriallarueca.com/wp-content/uploads/w_portada_lamuerte.jpg,w_portada_lamuerte.jpg,978-84-19865-47-2_cvs,500,744,0.672,38,low,filename/title contiene señal de portada: portada | proporcion vertical compatible con portada | dimensiones razonables para cover
book:alma en llamas,Alma en llamas,909,David Supertramp,1201,https://editoriallarueca.com/wp-content/uploads/w_978-84-19865-40-3_CUBIERTA.jpg,w_978-84-19865-40-3_CUBIERTA.jpg,w_978-84-19865-40-3_CUBIERTA,500,738,0.678,38,low,filename/title contiene señal de portada: cubierta | proporcion vertical compatible con portada | dimensiones razonables para cover
book:alma en llamas,Alma en llamas,909,David Supertramp,1229,https://editoriallarueca.com/wp-content/uploads/w_Estasimo-portada.jpg,w_Estasimo-portada.jpg,w_Estásimo - portada,500,700,0.714,38,low,filename/title contiene señal de portada: portada | proporcion vertical compatible con portada | dimensiones razonables para cover
book:tratado de la ausencia y otros relatos,Tratado de la ausencia y otros relatos,915,Juan Alberto Campoy Cervera,1039,https://editoriallarueca.com/wp-content/uploads/w_POLLOS_maq2_portada_OK2_sinmarcas.jpg,w_POLLOS_maq2_portada_OK2_sinmarcas.jpg,w_POLLOS_maq2_portada_OK2_sinmarcas,500,731,0.684,38,low,filename/title contiene señal de portada: portada | proporcion vertical compatible con portada | dimensiones razonables para cover
book:tratado de la ausencia y otros relatos,Tratado de la ausencia y otros relatos,915,Juan Alberto Campoy Cervera,1045,https://editoriallarueca.com/wp-content/uploads/W_portada-3.jpg,W_portada-3.jpg,MatamedeFrenteAmazon004,500,738,0.678,38,low,filename/title contiene señal de portada: portada | proporcion vertical compatible con portada | dimensiones razonables para cover
book:tratado de la ausencia y otros relatos,Tratado de la ausencia y otros relatos,915,Juan Alberto Campoy Cervera,1176,https://editoriallarueca.com/wp-content/uploads/w_portada_lamuerte.jpg,w_portada_lamuerte.jpg,978-84-19865-47-2_cvs,500,744,0.672,38,low,filename/title contiene señal de portada: portada | proporcion vertical compatible con portada | dimensiones razonables para cover
book:tratado de la ausencia y otros relatos,Tratado de la ausencia y otros relatos,915,Juan Alberto Campoy Cervera,1201,https://editoriallarueca.com/wp-content/uploads/w_978-84-19865-40-3_CUBIERTA.jpg,w_978-84-19865-40-3_CUBIERTA.jpg,w_978-84-19865-40-3_CUBIERTA,500,738,0.678,38,low,filename/title contiene señal de portada: cubierta | proporcion vertical compatible con portada | dimensiones razonables para cover
book:tratado de la ausencia y otros relatos,Tratado de la ausencia y otros relatos,915,Juan Alberto Campoy Cervera,1229,https://editoriallarueca.com/wp-content/uploads/w_Estasimo-portada.jpg,w_Estasimo-portada.jpg,w_Estásimo - portada,500,700,0.714,38,low,filename/title contiene señal de portada: portada | proporcion vertical compatible con portada | dimensiones razonables para cover
book:el rol principal de una pelicula llamada vida,El rol principal de una película llamada VIDA,921,Diego Gómez-Costa,1039,https://editoriallarueca.com/wp-content/uploads/w_POLLOS_maq2_portada_OK2_sinmarcas.jpg,w_POLLOS_maq2_portada_OK2_sinmarcas.jpg,w_POLLOS_maq2_portada_OK2_sinmarcas,500,731,0.684,38,low,filename/title contiene señal de portada: portada | proporcion vertical compatible con portada | dimensiones razonables para cover
book:el rol principal de una pelicula llamada vida,El rol principal de una película llamada VIDA,921,Diego Gómez-Costa,1045,https://editoriallarueca.com/wp-content/uploads/W_portada-3.jpg,W_portada-3.jpg,MatamedeFrenteAmazon004,500,738,0.678,38,low,filename/title contiene señal de portada: portada | proporcion vertical compatible con portada | dimensiones razonables para cover
book:el rol principal de una pelicula llamada vida,El rol principal de una película llamada VIDA,921,Diego Gómez-Costa,1176,https://editoriallarueca.com/wp-content/uploads/w_portada_lamuerte.jpg,w_portada_lamuerte.jpg,978-84-19865-47-2_cvs,500,744,0.672,38,low,filename/title contiene señal de portada: portada | proporcion vertical compatible con portada | dimensiones razonables para cover
book:el rol principal de una pelicula llamada vida,El rol principal de una película llamada VIDA,921,Diego Gómez-Costa,1201,https://editoriallarueca.com/wp-content/uploads/w_978-84-19865-40-3_CUBIERTA.jpg,w_978-84-19865-40-3_CUBIERTA.jpg,w_978-84-19865-40-3_CUBIERTA,500,738,0.678,38,low,filename/title contiene señal de portada: cubierta | proporcion vertical compatible con portada | dimensiones razonables para cover
book:el rol principal de una pelicula llamada vida,El rol principal de una película llamada VIDA,921,Diego Gómez-Costa,1229,https://editoriallarueca.com/wp-content/uploads/w_Estasimo-portada.jpg,w_Estasimo-portada.jpg,w_Estásimo - portada,500,700,0.714,38,low,filename/title contiene señal de portada: portada | proporcion vertical compatible con portada | dimensiones razonables para cover
book:la flor malva,La Flor Malva,926,Eva María Riber Herráez,1039,https://editoriallarueca.com/wp-content/uploads/w_POLLOS_maq2_portada_OK2_sinmarcas.jpg,w_POLLOS_maq2_portada_OK2_sinmarcas.jpg,w_POLLOS_maq2_portada_OK2_sinmarcas,500,731,0.684,38,low,filename/title contiene señal de portada: portada | proporcion vertical compatible con portada | dimensiones razonables para cover
book:la flor malva,La Flor Malva,926,Eva María Riber Herráez,1045,https://editoriallarueca.com/wp-content/uploads/W_portada-3.jpg,W_portada-3.jpg,MatamedeFrenteAmazon004,500,738,0.678,38,low,filename/title contiene señal de portada: portada | proporcion vertical compatible con portada | dimensiones razonables para cover
book:la flor malva,La Flor Malva,926,Eva María Riber Herráez,1176,https://editoriallarueca.com/wp-content/uploads/w_portada_lamuerte.jpg,w_portada_lamuerte.jpg,978-84-19865-47-2_cvs,500,744,0.672,38,low,filename/title contiene señal de portada: portada | proporcion vertical compatible con portada | dimensiones razonables para cover
book:la flor malva,La Flor Malva,926,Eva María Riber Herráez,1201,https://editoriallarueca.com/wp-content/uploads/w_978-84-19865-40-3_CUBIERTA.jpg,w_978-84-19865-40-3_CUBIERTA.jpg,w_978-84-19865-40-3_CUBIERTA,500,738,0.678,38,low,filename/title contiene señal de portada: cubierta | proporcion vertical compatible con portada | dimensiones razonables para cover
book:la flor malva,La Flor Malva,926,Eva María Riber Herráez,1229,https://editoriallarueca.com/wp-content/uploads/w_Estasimo-portada.jpg,w_Estasimo-portada.jpg,w_Estásimo - portada,500,700,0.714,38,low,filename/title contiene señal de portada: portada | proporcion vertical compatible con portada | dimensiones razonables para cover
book:leeme si te atreves,Léeme… si te atreves,932,"Agustín Eguíluz , Julia Carou, M.ª Goretti Ausín, Fe Pajares y Fernando López",1039,https://editoriallarueca.com/wp-content/uploads/w_POLLOS_maq2_portada_OK2_sinmarcas.jpg,w_POLLOS_maq2_portada_OK2_sinmarcas.jpg,w_POLLOS_maq2_portada_OK2_sinmarcas,500,731,0.684,38,low,filename/title contiene señal de portada: portada | proporcion vertical compatible con portada | dimensiones razonables para cover
book:leeme si te atreves,Léeme… si te atreves,932,"Agustín Eguíluz , Julia Carou, M.ª Goretti Ausín, Fe Pajares y Fernando López",1045,https://editoriallarueca.com/wp-content/uploads/W_portada-3.jpg,W_portada-3.jpg,MatamedeFrenteAmazon004,500,738,0.678,38,low,filename/title contiene señal de portada: portada | proporcion vertical compatible con portada | dimensiones razonables para cover
book:leeme si te atreves,Léeme… si te atreves,932,"Agustín Eguíluz , Julia Carou, M.ª Goretti Ausín, Fe Pajares y Fernando López",1176,https://editoriallarueca.com/wp-content/uploads/w_portada_lamuerte.jpg,w_portada_lamuerte.jpg,978-84-19865-47-2_cvs,500,744,0.672,38,low,filename/title contiene señal de portada: portada | proporcion vertical compatible con portada | dimensiones razonables para cover
book:leeme si te atreves,Léeme… si te atreves,932,"Agustín Eguíluz , Julia Carou, M.ª Goretti Ausín, Fe Pajares y Fernando López",1201,https://editoriallarueca.com/wp-content/uploads/w_978-84-19865-40-3_CUBIERTA.jpg,w_978-84-19865-40-3_CUBIERTA.jpg,w_978-84-19865-40-3_CUBIERTA,500,738,0.678,38,low,filename/title contiene señal de portada: cubierta | proporcion vertical compatible con portada | dimensiones razonables para cover
book:leeme si te atreves,Léeme… si te atreves,932,"Agustín Eguíluz , Julia Carou, M.ª Goretti Ausín, Fe Pajares y Fernando López",1229,https://editoriallarueca.com/wp-content/uploads/w_Estasimo-portada.jpg,w_Estasimo-portada.jpg,w_Estásimo - portada,500,700,0.714,38,low,filename/title contiene señal de portada: portada | proporcion vertical compatible con portada | dimensiones razonables para cover
book:de los rollos del mar muerto a los de rodrigo de lares una narracion audaz para un lector mas inteligente que lerdo belmonte ano 2017 al 2022 libro 1,DE LOS ROLLOS DEL MAR MUERTO A LOS DE RODRIGO DE LARES  ”“una narración audaz para un lector más inteligente que lerdo” Belmonte año 2017 al 2022. LIBRO 1,938,Antonio Valdeavero Ponce,1039,https://editoriallarueca.com/wp-content/uploads/w_POLLOS_maq2_portada_OK2_sinmarcas.jpg,w_POLLOS_maq2_portada_OK2_sinmarcas.jpg,w_POLLOS_maq2_portada_OK2_sinmarcas,500,731,0.684,38,low,filename/title contiene señal de portada: portada | proporcion vertical compatible con portada | dimensiones razonables para cover
book:de los rollos del mar muerto a los de rodrigo de lares una narracion audaz para un lector mas inteligente que lerdo belmonte ano 2017 al 2022 libro 1,DE LOS ROLLOS DEL MAR MUERTO A LOS DE RODRIGO DE LARES  ”“una narración audaz para un lector más inteligente que lerdo” Belmonte año 2017 al 2022. LIBRO 1,938,Antonio Valdeavero Ponce,1045,https://editoriallarueca.com/wp-content/uploads/W_portada-3.jpg,W_portada-3.jpg,MatamedeFrenteAmazon004,500,738,0.678,38,low,filename/title contiene señal de portada: portada | proporcion vertical compatible con portada | dimensiones razonables para cover
book:de los rollos del mar muerto a los de rodrigo de lares una narracion audaz para un lector mas inteligente que lerdo belmonte ano 2017 al 2022 libro 1,DE LOS ROLLOS DEL MAR MUERTO A LOS DE RODRIGO DE LARES  ”“una narración audaz para un lector más inteligente que lerdo” Belmonte año 2017 al 2022. LIBRO 1,938,Antonio Valdeavero Ponce,1176,https://editoriallarueca.com/wp-content/uploads/w_portada_lamuerte.jpg,w_portada_lamuerte.jpg,978-84-19865-47-2_cvs,500,744,0.672,38,low,filename/title contiene señal de portada: portada | proporcion vertical compatible con portada | dimensiones razonables para cover
book:de los rollos del mar muerto a los de rodrigo de lares una narracion audaz para un lector mas inteligente que lerdo belmonte ano 2017 al 2022 libro 1,DE LOS ROLLOS DEL MAR MUERTO A LOS DE RODRIGO DE LARES  ”“una narración audaz para un lector más inteligente que lerdo” Belmonte año 2017 al 2022. LIBRO 1,938,Antonio Valdeavero Ponce,1201,https://editoriallarueca.com/wp-content/uploads/w_978-84-19865-40-3_CUBIERTA.jpg,w_978-84-19865-40-3_CUBIERTA.jpg,w_978-84-19865-40-3_CUBIERTA,500,738,0.678,38,low,filename/title contiene señal de portada: cubierta | proporcion vertical compatible con portada | dimensiones razonables para cover
book:de los rollos del mar muerto a los de rodrigo de lares una narracion audaz para un lector mas inteligente que lerdo belmonte ano 2017 al 2022 libro 1,DE LOS ROLLOS DEL MAR MUERTO A LOS DE RODRIGO DE LARES  ”“una narración audaz para un lector más inteligente que lerdo” Belmonte año 2017 al 2022. LIBRO 1,938,Antonio Valdeavero Ponce,1229,https://editoriallarueca.com/wp-content/uploads/w_Estasimo-portada.jpg,w_Estasimo-portada.jpg,w_Estásimo - portada,500,700,0.714,38,low,filename/title contiene señal de portada: portada | proporcion vertical compatible con portada | dimensiones razonables para cover
book:humor y prosa de un ajedrecista,Humor y prosa de un ajedrecista,942,Manuel Gómez-Rosas,1039,https://editoriallarueca.com/wp-content/uploads/w_POLLOS_maq2_portada_OK2_sinmarcas.jpg,w_POLLOS_maq2_portada_OK2_sinmarcas.jpg,w_POLLOS_maq2_portada_OK2_sinmarcas,500,731,0.684,38,low,filename/title contiene señal de portada: portada | proporcion vertical compatible con portada | dimensiones razonables para cover
book:humor y prosa de un ajedrecista,Humor y prosa de un ajedrecista,942,Manuel Gómez-Rosas,1045,https://editoriallarueca.com/wp-content/uploads/W_portada-3.jpg,W_portada-3.jpg,MatamedeFrenteAmazon004,500,738,0.678,38,low,filename/title contiene señal de portada: portada | proporcion vertical compatible con portada | dimensiones razonables para cover
book:humor y prosa de un ajedrecista,Humor y prosa de un ajedrecista,942,Manuel Gómez-Rosas,1176,https://editoriallarueca.com/wp-content/uploads/w_portada_lamuerte.jpg,w_portada_lamuerte.jpg,978-84-19865-47-2_cvs,500,744,0.672,38,low,filename/title contiene señal de portada: portada | proporcion vertical compatible con portada | dimensiones razonables para cover
book:humor y prosa de un ajedrecista,Humor y prosa de un ajedrecista,942,Manuel Gómez-Rosas,1201,https://editoriallarueca.com/wp-content/uploads/w_978-84-19865-40-3_CUBIERTA.jpg,w_978-84-19865-40-3_CUBIERTA.jpg,w_978-84-19865-40-3_CUBIERTA,500,738,0.678,38,low,filename/title contiene señal de portada: cubierta | proporcion vertical compatible con portada | dimensiones razonables para cover
book:humor y prosa de un ajedrecista,Humor y prosa de un ajedrecista,942,Manuel Gómez-Rosas,1229,https://editoriallarueca.com/wp-content/uploads/w_Estasimo-portada.jpg,w_Estasimo-portada.jpg,w_Estásimo - portada,500,700,0.714,38,low,filename/title contiene señal de portada: portada | proporcion vertical compatible con portada | dimensiones razonables para cover
book:los acorralados,Los acorralados,946,Fidel Vela,1039,https://editoriallarueca.com/wp-content/uploads/w_POLLOS_maq2_portada_OK2_sinmarcas.jpg,w_POLLOS_maq2_portada_OK2_sinmarcas.jpg,w_POLLOS_maq2_portada_OK2_sinmarcas,500,731,0.684,38,low,filename/title contiene señal de portada: portada | proporcion vertical compatible con portada | dimensiones razonables para cover
book:los acorralados,Los acorralados,946,Fidel Vela,1045,https://editoriallarueca.com/wp-content/uploads/W_portada-3.jpg,W_portada-3.jpg,MatamedeFrenteAmazon004,500,738,0.678,38,low,filename/title contiene señal de portada: portada | proporcion vertical compatible con portada | dimensiones razonables para cover
book:los acorralados,Los acorralados,946,Fidel Vela,1176,https://editoriallarueca.com/wp-content/uploads/w_portada_lamuerte.jpg,w_portada_lamuerte.jpg,978-84-19865-47-2_cvs,500,744,0.672,38,low,filename/title contiene señal de portada: portada | proporcion vertical compatible con portada | dimensiones razonables para cover
book:los acorralados,Los acorralados,946,Fidel Vela,1201,https://editoriallarueca.com/wp-content/uploads/w_978-84-19865-40-3_CUBIERTA.jpg,w_978-84-19865-40-3_CUBIERTA.jpg,w_978-84-19865-40-3_CUBIERTA,500,738,0.678,38,low,filename/title contiene señal de portada: cubierta | proporcion vertical compatible con portada | dimensiones razonables para cover
book:los acorralados,Los acorralados,946,Fidel Vela,1229,https://editoriallarueca.com/wp-content/uploads/w_Estasimo-portada.jpg,w_Estasimo-portada.jpg,w_Estásimo - portada,500,700,0.714,38,low,filename/title contiene señal de portada: portada | proporcion vertical compatible con portada | dimensiones razonables para cover
book:diferencias de genero en la expresion conductual de la violencia,Diferencias de género en la expresión conductual de la violencia,954,María Isabel Herrero de la Torre,2990,https://editoriallarueca.com/wp-content/uploads/Libro_Diferencias-de-genero-en-la-expresion-conductual-de-la-violencia_Autora_Maria-Isabel-Herrero-de-la-Torre_Genero-JFF-Editorial-la-rueca-.jpg,Libro_Diferencias-de-genero-en-la-expresion-conductual-de-la-violencia_Autora_Maria-Isabel-Herrero-de-la-Torre_Genero-JFF-Editorial-la-rueca-.jpg,GenerosPortada,500,700,0.714,80,high,filename contiene el titulo del libro | filename/title contiene señal de portada: libro | proporcion vertical compatible con portada | dimensiones razonables para cover
book:diferencias de genero en la expresion conductual de la violencia,Diferencias de género en la expresión conductual de la violencia,954,María Isabel Herrero de la Torre,1039,https://editoriallarueca.com/wp-content/uploads/w_POLLOS_maq2_portada_OK2_sinmarcas.jpg,w_POLLOS_maq2_portada_OK2_sinmarcas.jpg,w_POLLOS_maq2_portada_OK2_sinmarcas,500,731,0.684,38,low,filename/title contiene señal de portada: portada | proporcion vertical compatible con portada | dimensiones razonables para cover
book:diferencias de genero en la expresion conductual de la violencia,Diferencias de género en la expresión conductual de la violencia,954,María Isabel Herrero de la Torre,1045,https://editoriallarueca.com/wp-content/uploads/W_portada-3.jpg,W_portada-3.jpg,MatamedeFrenteAmazon004,500,738,0.678,38,low,filename/title contiene señal de portada: portada | proporcion vertical compatible con portada | dimensiones razonables para cover
book:diferencias de genero en la expresion conductual de la violencia,Diferencias de género en la expresión conductual de la violencia,954,María Isabel Herrero de la Torre,1176,https://editoriallarueca.com/wp-content/uploads/w_portada_lamuerte.jpg,w_portada_lamuerte.jpg,978-84-19865-47-2_cvs,500,744,0.672,38,low,filename/title contiene señal de portada: portada | proporcion vertical compatible con portada | dimensiones razonables para cover
book:diferencias de genero en la expresion conductual de la violencia,Diferencias de género en la expresión conductual de la violencia,954,María Isabel Herrero de la Torre,1201,https://editoriallarueca.com/wp-content/uploads/w_978-84-19865-40-3_CUBIERTA.jpg,w_978-84-19865-40-3_CUBIERTA.jpg,w_978-84-19865-40-3_CUBIERTA,500,738,0.678,38,low,filename/title contiene señal de portada: cubierta | proporcion vertical compatible con portada | dimensiones razonables para cover
book:encuentros campezanos,Encuentros Campezanos,957,José Antonio Rodrigo Alonso,1039,https://editoriallarueca.com/wp-content/uploads/w_POLLOS_maq2_portada_OK2_sinmarcas.jpg,w_POLLOS_maq2_portada_OK2_sinmarcas.jpg,w_POLLOS_maq2_portada_OK2_sinmarcas,500,731,0.684,38,low,filename/title contiene señal de portada: portada | proporcion vertical compatible con portada | dimensiones razonables para cover
book:encuentros campezanos,Encuentros Campezanos,957,José Antonio Rodrigo Alonso,1045,https://editoriallarueca.com/wp-content/uploads/W_portada-3.jpg,W_portada-3.jpg,MatamedeFrenteAmazon004,500,738,0.678,38,low,filename/title contiene señal de portada: portada | proporcion vertical compatible con portada | dimensiones razonables para cover
book:encuentros campezanos,Encuentros Campezanos,957,José Antonio Rodrigo Alonso,1176,https://editoriallarueca.com/wp-content/uploads/w_portada_lamuerte.jpg,w_portada_lamuerte.jpg,978-84-19865-47-2_cvs,500,744,0.672,38,low,filename/title contiene señal de portada: portada | proporcion vertical compatible con portada | dimensiones razonables para cover
book:encuentros campezanos,Encuentros Campezanos,957,José Antonio Rodrigo Alonso,1201,https://editoriallarueca.com/wp-content/uploads/w_978-84-19865-40-3_CUBIERTA.jpg,w_978-84-19865-40-3_CUBIERTA.jpg,w_978-84-19865-40-3_CUBIERTA,500,738,0.678,38,low,filename/title contiene señal de portada: cubierta | proporcion vertical compatible con portada | dimensiones razonables para cover
book:encuentros campezanos,Encuentros Campezanos,957,José Antonio Rodrigo Alonso,1229,https://editoriallarueca.com/wp-content/uploads/w_Estasimo-portada.jpg,w_Estasimo-portada.jpg,w_Estásimo - portada,500,700,0.714,38,low,filename/title contiene señal de portada: portada | proporcion vertical compatible con portada | dimensiones razonables para cover
book:al otro lado del rio,Al otro lado del río,963,Ana Ortega Romanillos,1039,https://editoriallarueca.com/wp-content/uploads/w_POLLOS_maq2_portada_OK2_sinmarcas.jpg,w_POLLOS_maq2_portada_OK2_sinmarcas.jpg,w_POLLOS_maq2_portada_OK2_sinmarcas,500,731,0.684,38,low,filename/title contiene señal de portada: portada | proporcion vertical compatible con portada | dimensiones razonables para cover
book:al otro lado del rio,Al otro lado del río,963,Ana Ortega Romanillos,1045,https://editoriallarueca.com/wp-content/uploads/W_portada-3.jpg,W_portada-3.jpg,MatamedeFrenteAmazon004,500,738,0.678,38,low,filename/title contiene señal de portada: portada | proporcion vertical compatible con portada | dimensiones razonables para cover
book:al otro lado del rio,Al otro lado del río,963,Ana Ortega Romanillos,1176,https://editoriallarueca.com/wp-content/uploads/w_portada_lamuerte.jpg,w_portada_lamuerte.jpg,978-84-19865-47-2_cvs,500,744,0.672,38,low,filename/title contiene señal de portada: portada | proporcion vertical compatible con portada | dimensiones razonables para cover
book:al otro lado del rio,Al otro lado del río,963,Ana Ortega Romanillos,1201,https://editoriallarueca.com/wp-content/uploads/w_978-84-19865-40-3_CUBIERTA.jpg,w_978-84-19865-40-3_CUBIERTA.jpg,w_978-84-19865-40-3_CUBIERTA,500,738,0.678,38,low,filename/title contiene señal de portada: cubierta | proporcion vertical compatible con portada | dimensiones razonables para cover
book:al otro lado del rio,Al otro lado del río,963,Ana Ortega Romanillos,1229,https://editoriallarueca.com/wp-content/uploads/w_Estasimo-portada.jpg,w_Estasimo-portada.jpg,w_Estásimo - portada,500,700,0.714,38,low,filename/title contiene señal de portada: portada | proporcion vertical compatible con portada | dimensiones razonables para cover
book:el maestro de salamanca consideracion del derecho internacional humanitario,El maestro de Salamanca. Consideración del Derecho Internacional Humanitario.,969,Juana Hernández Conesa,1039,https://editoriallarueca.com/wp-content/uploads/w_POLLOS_maq2_portada_OK2_sinmarcas.jpg,w_POLLOS_maq2_portada_OK2_sinmarcas.jpg,w_POLLOS_maq2_portada_OK2_sinmarcas,500,731,0.684,38,low,filename/title contiene señal de portada: portada | proporcion vertical compatible con portada | dimensiones razonables para cover
book:el maestro de salamanca consideracion del derecho internacional humanitario,El maestro de Salamanca. Consideración del Derecho Internacional Humanitario.,969,Juana Hernández Conesa,1045,https://editoriallarueca.com/wp-content/uploads/W_portada-3.jpg,W_portada-3.jpg,MatamedeFrenteAmazon004,500,738,0.678,38,low,filename/title contiene señal de portada: portada | proporcion vertical compatible con portada | dimensiones razonables para cover
book:el maestro de salamanca consideracion del derecho internacional humanitario,El maestro de Salamanca. Consideración del Derecho Internacional Humanitario.,969,Juana Hernández Conesa,1176,https://editoriallarueca.com/wp-content/uploads/w_portada_lamuerte.jpg,w_portada_lamuerte.jpg,978-84-19865-47-2_cvs,500,744,0.672,38,low,filename/title contiene señal de portada: portada | proporcion vertical compatible con portada | dimensiones razonables para cover
book:el maestro de salamanca consideracion del derecho internacional humanitario,El maestro de Salamanca. Consideración del Derecho Internacional Humanitario.,969,Juana Hernández Conesa,1201,https://editoriallarueca.com/wp-content/uploads/w_978-84-19865-40-3_CUBIERTA.jpg,w_978-84-19865-40-3_CUBIERTA.jpg,w_978-84-19865-40-3_CUBIERTA,500,738,0.678,38,low,filename/title contiene señal de portada: cubierta | proporcion vertical compatible con portada | dimensiones razonables para cover
book:el maestro de salamanca consideracion del derecho internacional humanitario,El maestro de Salamanca. Consideración del Derecho Internacional Humanitario.,969,Juana Hernández Conesa,1229,https://editoriallarueca.com/wp-content/uploads/w_Estasimo-portada.jpg,w_Estasimo-portada.jpg,w_Estásimo - portada,500,700,0.714,38,low,filename/title contiene señal de portada: portada | proporcion vertical compatible con portada | dimensiones razonables para cover
book:santa cruz de posguerra conversaciones en blanco y negro,SANTA CRUZ DE POSGUERRA: CONVERSACIONES EN BLANCO Y NEGRO,978,Rafael López Ruz,1039,https://editoriallarueca.com/wp-content/uploads/w_POLLOS_maq2_portada_OK2_sinmarcas.jpg,w_POLLOS_maq2_portada_OK2_sinmarcas.jpg,w_POLLOS_maq2_portada_OK2_sinmarcas,500,731,0.684,38,low,filename/title contiene señal de portada: portada | proporcion vertical compatible con portada | dimensiones razonables para cover
book:santa cruz de posguerra conversaciones en blanco y negro,SANTA CRUZ DE POSGUERRA: CONVERSACIONES EN BLANCO Y NEGRO,978,Rafael López Ruz,1045,https://editoriallarueca.com/wp-content/uploads/W_portada-3.jpg,W_portada-3.jpg,MatamedeFrenteAmazon004,500,738,0.678,38,low,filename/title contiene señal de portada: portada | proporcion vertical compatible con portada | dimensiones razonables para cover
book:santa cruz de posguerra conversaciones en blanco y negro,SANTA CRUZ DE POSGUERRA: CONVERSACIONES EN BLANCO Y NEGRO,978,Rafael López Ruz,1176,https://editoriallarueca.com/wp-content/uploads/w_portada_lamuerte.jpg,w_portada_lamuerte.jpg,978-84-19865-47-2_cvs,500,744,0.672,38,low,filename/title contiene señal de portada: portada | proporcion vertical compatible con portada | dimensiones razonables para cover
book:santa cruz de posguerra conversaciones en blanco y negro,SANTA CRUZ DE POSGUERRA: CONVERSACIONES EN BLANCO Y NEGRO,978,Rafael López Ruz,1201,https://editoriallarueca.com/wp-content/uploads/w_978-84-19865-40-3_CUBIERTA.jpg,w_978-84-19865-40-3_CUBIERTA.jpg,w_978-84-19865-40-3_CUBIERTA,500,738,0.678,38,low,filename/title contiene señal de portada: cubierta | proporcion vertical compatible con portada | dimensiones razonables para cover
book:santa cruz de posguerra conversaciones en blanco y negro,SANTA CRUZ DE POSGUERRA: CONVERSACIONES EN BLANCO Y NEGRO,978,Rafael López Ruz,1229,https://editoriallarueca.com/wp-content/uploads/w_Estasimo-portada.jpg,w_Estasimo-portada.jpg,w_Estásimo - portada,500,700,0.714,38,low,filename/title contiene señal de portada: portada | proporcion vertical compatible con portada | dimensiones razonables para cover
book:detras de la corteza,Detrás de la corteza,990,Jerónimo Campoy Muñoz,1039,https://editoriallarueca.com/wp-content/uploads/w_POLLOS_maq2_portada_OK2_sinmarcas.jpg,w_POLLOS_maq2_portada_OK2_sinmarcas.jpg,w_POLLOS_maq2_portada_OK2_sinmarcas,500,731,0.684,38,low,filename/title contiene señal de portada: portada | proporcion vertical compatible con portada | dimensiones razonables para cover
book:detras de la corteza,Detrás de la corteza,990,Jerónimo Campoy Muñoz,1045,https://editoriallarueca.com/wp-content/uploads/W_portada-3.jpg,W_portada-3.jpg,MatamedeFrenteAmazon004,500,738,0.678,38,low,filename/title contiene señal de portada: portada | proporcion vertical compatible con portada | dimensiones razonables para cover
book:detras de la corteza,Detrás de la corteza,990,Jerónimo Campoy Muñoz,1176,https://editoriallarueca.com/wp-content/uploads/w_portada_lamuerte.jpg,w_portada_lamuerte.jpg,978-84-19865-47-2_cvs,500,744,0.672,38,low,filename/title contiene señal de portada: portada | proporcion vertical compatible con portada | dimensiones razonables para cover
book:detras de la corteza,Detrás de la corteza,990,Jerónimo Campoy Muñoz,1201,https://editoriallarueca.com/wp-content/uploads/w_978-84-19865-40-3_CUBIERTA.jpg,w_978-84-19865-40-3_CUBIERTA.jpg,w_978-84-19865-40-3_CUBIERTA,500,738,0.678,38,low,filename/title contiene señal de portada: cubierta | proporcion vertical compatible con portada | dimensiones razonables para cover
book:detras de la corteza,Detrás de la corteza,990,Jerónimo Campoy Muñoz,1229,https://editoriallarueca.com/wp-content/uploads/w_Estasimo-portada.jpg,w_Estasimo-portada.jpg,w_Estásimo - portada,500,700,0.714,38,low,filename/title contiene señal de portada: portada | proporcion vertical compatible con portada | dimensiones razonables para cover
book:quiero estar contigo,Quiero estar contigo,1002,Patricia Domínguez Martínez,1039,https://editoriallarueca.com/wp-content/uploads/w_POLLOS_maq2_portada_OK2_sinmarcas.jpg,w_POLLOS_maq2_portada_OK2_sinmarcas.jpg,w_POLLOS_maq2_portada_OK2_sinmarcas,500,731,0.684,38,low,filename/title contiene señal de portada: portada | proporcion vertical compatible con portada | dimensiones razonables para cover
book:quiero estar contigo,Quiero estar contigo,1002,Patricia Domínguez Martínez,1045,https://editoriallarueca.com/wp-content/uploads/W_portada-3.jpg,W_portada-3.jpg,MatamedeFrenteAmazon004,500,738,0.678,38,low,filename/title contiene señal de portada: portada | proporcion vertical compatible con portada | dimensiones razonables para cover
book:quiero estar contigo,Quiero estar contigo,1002,Patricia Domínguez Martínez,1176,https://editoriallarueca.com/wp-content/uploads/w_portada_lamuerte.jpg,w_portada_lamuerte.jpg,978-84-19865-47-2_cvs,500,744,0.672,38,low,filename/title contiene señal de portada: portada | proporcion vertical compatible con portada | dimensiones razonables para cover
book:quiero estar contigo,Quiero estar contigo,1002,Patricia Domínguez Martínez,1201,https://editoriallarueca.com/wp-content/uploads/w_978-84-19865-40-3_CUBIERTA.jpg,w_978-84-19865-40-3_CUBIERTA.jpg,w_978-84-19865-40-3_CUBIERTA,500,738,0.678,38,low,filename/title contiene señal de portada: cubierta | proporcion vertical compatible con portada | dimensiones razonables para cover
book:quiero estar contigo,Quiero estar contigo,1002,Patricia Domínguez Martínez,1229,https://editoriallarueca.com/wp-content/uploads/w_Estasimo-portada.jpg,w_Estasimo-portada.jpg,w_Estásimo - portada,500,700,0.714,38,low,filename/title contiene señal de portada: portada | proporcion vertical compatible con portada | dimensiones razonables para cover
book:entre realidades y suenos,Entre realidades y sueños,1007,Benedicto Cuervo Álvarez,1039,https://editoriallarueca.com/wp-content/uploads/w_POLLOS_maq2_portada_OK2_sinmarcas.jpg,w_POLLOS_maq2_portada_OK2_sinmarcas.jpg,w_POLLOS_maq2_portada_OK2_sinmarcas,500,731,0.684,38,low,filename/title contiene señal de portada: portada | proporcion vertical compatible con portada | dimensiones razonables para cover
book:entre realidades y suenos,Entre realidades y sueños,1007,Benedicto Cuervo Álvarez,1045,https://editoriallarueca.com/wp-content/uploads/W_portada-3.jpg,W_portada-3.jpg,MatamedeFrenteAmazon004,500,738,0.678,38,low,filename/title contiene señal de portada: portada | proporcion vertical compatible con portada | dimensiones razonables para cover
book:entre realidades y suenos,Entre realidades y sueños,1007,Benedicto Cuervo Álvarez,1176,https://editoriallarueca.com/wp-content/uploads/w_portada_lamuerte.jpg,w_portada_lamuerte.jpg,978-84-19865-47-2_cvs,500,744,0.672,38,low,filename/title contiene señal de portada: portada | proporcion vertical compatible con portada | dimensiones razonables para cover
book:entre realidades y suenos,Entre realidades y sueños,1007,Benedicto Cuervo Álvarez,1201,https://editoriallarueca.com/wp-content/uploads/w_978-84-19865-40-3_CUBIERTA.jpg,w_978-84-19865-40-3_CUBIERTA.jpg,w_978-84-19865-40-3_CUBIERTA,500,738,0.678,38,low,filename/title contiene señal de portada: cubierta | proporcion vertical compatible con portada | dimensiones razonables para cover
book:entre realidades y suenos,Entre realidades y sueños,1007,Benedicto Cuervo Álvarez,1229,https://editoriallarueca.com/wp-content/uploads/w_Estasimo-portada.jpg,w_Estasimo-portada.jpg,w_Estásimo - portada,500,700,0.714,38,low,filename/title contiene señal de portada: portada | proporcion vertical compatible con portada | dimensiones razonables para cover
book:falsas esperanzas,Falsas esperanzas,1012,Miguel Ángel Güemes Pérez,1039,https://editoriallarueca.com/wp-content/uploads/w_POLLOS_maq2_portada_OK2_sinmarcas.jpg,w_POLLOS_maq2_portada_OK2_sinmarcas.jpg,w_POLLOS_maq2_portada_OK2_sinmarcas,500,731,0.684,38,low,filename/title contiene señal de portada: portada | proporcion vertical compatible con portada | dimensiones razonables para cover
book:falsas esperanzas,Falsas esperanzas,1012,Miguel Ángel Güemes Pérez,1045,https://editoriallarueca.com/wp-content/uploads/W_portada-3.jpg,W_portada-3.jpg,MatamedeFrenteAmazon004,500,738,0.678,38,low,filename/title contiene señal de portada: portada | proporcion vertical compatible con portada | dimensiones razonables para cover
book:falsas esperanzas,Falsas esperanzas,1012,Miguel Ángel Güemes Pérez,1176,https://editoriallarueca.com/wp-content/uploads/w_portada_lamuerte.jpg,w_portada_lamuerte.jpg,978-84-19865-47-2_cvs,500,744,0.672,38,low,filename/title contiene señal de portada: portada | proporcion vertical compatible con portada | dimensiones razonables para cover
book:falsas esperanzas,Falsas esperanzas,1012,Miguel Ángel Güemes Pérez,1201,https://editoriallarueca.com/wp-content/uploads/w_978-84-19865-40-3_CUBIERTA.jpg,w_978-84-19865-40-3_CUBIERTA.jpg,w_978-84-19865-40-3_CUBIERTA,500,738,0.678,38,low,filename/title contiene señal de portada: cubierta | proporcion vertical compatible con portada | dimensiones razonables para cover
book:falsas esperanzas,Falsas esperanzas,1012,Miguel Ángel Güemes Pérez,1229,https://editoriallarueca.com/wp-content/uploads/w_Estasimo-portada.jpg,w_Estasimo-portada.jpg,w_Estásimo - portada,500,700,0.714,38,low,filename/title contiene señal de portada: portada | proporcion vertical compatible con portada | dimensiones razonables para cover
book:perdoname por los poemas que te escribi,Perdóname por los poemas que te escribí,1017,José Vte. Carmona Simarro,1039,https://editoriallarueca.com/wp-content/uploads/w_POLLOS_maq2_portada_OK2_sinmarcas.jpg,w_POLLOS_maq2_portada_OK2_sinmarcas.jpg,w_POLLOS_maq2_portada_OK2_sinmarcas,500,731,0.684,38,low,filename/title contiene señal de portada: portada | proporcion vertical compatible con portada | dimensiones razonables para cover
book:perdoname por los poemas que te escribi,Perdóname por los poemas que te escribí,1017,José Vte. Carmona Simarro,1045,https://editoriallarueca.com/wp-content/uploads/W_portada-3.jpg,W_portada-3.jpg,MatamedeFrenteAmazon004,500,738,0.678,38,low,filename/title contiene señal de portada: portada | proporcion vertical compatible con portada | dimensiones razonables para cover
book:perdoname por los poemas que te escribi,Perdóname por los poemas que te escribí,1017,José Vte. Carmona Simarro,1176,https://editoriallarueca.com/wp-content/uploads/w_portada_lamuerte.jpg,w_portada_lamuerte.jpg,978-84-19865-47-2_cvs,500,744,0.672,38,low,filename/title contiene señal de portada: portada | proporcion vertical compatible con portada | dimensiones razonables para cover
book:perdoname por los poemas que te escribi,Perdóname por los poemas que te escribí,1017,José Vte. Carmona Simarro,1201,https://editoriallarueca.com/wp-content/uploads/w_978-84-19865-40-3_CUBIERTA.jpg,w_978-84-19865-40-3_CUBIERTA.jpg,w_978-84-19865-40-3_CUBIERTA,500,738,0.678,38,low,filename/title contiene señal de portada: cubierta | proporcion vertical compatible con portada | dimensiones razonables para cover
book:perdoname por los poemas que te escribi,Perdóname por los poemas que te escribí,1017,José Vte. Carmona Simarro,1229,https://editoriallarueca.com/wp-content/uploads/w_Estasimo-portada.jpg,w_Estasimo-portada.jpg,w_Estásimo - portada,500,700,0.714,38,low,filename/title contiene señal de portada: portada | proporcion vertical compatible con portada | dimensiones razonables para cover
book:el panuelo de marino,El pañuelo de Marino,1024,Anta Pemyné,1039,https://editoriallarueca.com/wp-content/uploads/w_POLLOS_maq2_portada_OK2_sinmarcas.jpg,w_POLLOS_maq2_portada_OK2_sinmarcas.jpg,w_POLLOS_maq2_portada_OK2_sinmarcas,500,731,0.684,38,low,filename/title contiene señal de portada: portada | proporcion vertical compatible con portada | dimensiones razonables para cover
book:el panuelo de marino,El pañuelo de Marino,1024,Anta Pemyné,1045,https://editoriallarueca.com/wp-content/uploads/W_portada-3.jpg,W_portada-3.jpg,MatamedeFrenteAmazon004,500,738,0.678,38,low,filename/title contiene señal de portada: portada | proporcion vertical compatible con portada | dimensiones razonables para cover
book:el panuelo de marino,El pañuelo de Marino,1024,Anta Pemyné,1176,https://editoriallarueca.com/wp-content/uploads/w_portada_lamuerte.jpg,w_portada_lamuerte.jpg,978-84-19865-47-2_cvs,500,744,0.672,38,low,filename/title contiene señal de portada: portada | proporcion vertical compatible con portada | dimensiones razonables para cover
book:el panuelo de marino,El pañuelo de Marino,1024,Anta Pemyné,1201,https://editoriallarueca.com/wp-content/uploads/w_978-84-19865-40-3_CUBIERTA.jpg,w_978-84-19865-40-3_CUBIERTA.jpg,w_978-84-19865-40-3_CUBIERTA,500,738,0.678,38,low,filename/title contiene señal de portada: cubierta | proporcion vertical compatible con portada | dimensiones razonables para cover
book:el panuelo de marino,El pañuelo de Marino,1024,Anta Pemyné,1229,https://editoriallarueca.com/wp-content/uploads/w_Estasimo-portada.jpg,w_Estasimo-portada.jpg,w_Estásimo - portada,500,700,0.714,38,low,filename/title contiene señal de portada: portada | proporcion vertical compatible con portada | dimensiones razonables para cover
book:el rumor de la marea,El rumor de la marea,1029,Guillermo M. Schrem,1039,https://editoriallarueca.com/wp-content/uploads/w_POLLOS_maq2_portada_OK2_sinmarcas.jpg,w_POLLOS_maq2_portada_OK2_sinmarcas.jpg,w_POLLOS_maq2_portada_OK2_sinmarcas,500,731,0.684,38,low,filename/title contiene señal de portada: portada | proporcion vertical compatible con portada | dimensiones razonables para cover
book:el rumor de la marea,El rumor de la marea,1029,Guillermo M. Schrem,1045,https://editoriallarueca.com/wp-content/uploads/W_portada-3.jpg,W_portada-3.jpg,MatamedeFrenteAmazon004,500,738,0.678,38,low,filename/title contiene señal de portada: portada | proporcion vertical compatible con portada | dimensiones razonables para cover
book:el rumor de la marea,El rumor de la marea,1029,Guillermo M. Schrem,1176,https://editoriallarueca.com/wp-content/uploads/w_portada_lamuerte.jpg,w_portada_lamuerte.jpg,978-84-19865-47-2_cvs,500,744,0.672,38,low,filename/title contiene señal de portada: portada | proporcion vertical compatible con portada | dimensiones razonables para cover
book:el rumor de la marea,El rumor de la marea,1029,Guillermo M. Schrem,1201,https://editoriallarueca.com/wp-content/uploads/w_978-84-19865-40-3_CUBIERTA.jpg,w_978-84-19865-40-3_CUBIERTA.jpg,w_978-84-19865-40-3_CUBIERTA,500,738,0.678,38,low,filename/title contiene señal de portada: cubierta | proporcion vertical compatible con portada | dimensiones razonables para cover
book:el rumor de la marea,El rumor de la marea,1029,Guillermo M. Schrem,1229,https://editoriallarueca.com/wp-content/uploads/w_Estasimo-portada.jpg,w_Estasimo-portada.jpg,w_Estásimo - portada,500,700,0.714,38,low,filename/title contiene señal de portada: portada | proporcion vertical compatible con portada | dimensiones razonables para cover
book:el viaje aventurero de nico,El viaje aventurero de Nico,1034,Niklas Höfinger,1039,https://editoriallarueca.com/wp-content/uploads/w_POLLOS_maq2_portada_OK2_sinmarcas.jpg,w_POLLOS_maq2_portada_OK2_sinmarcas.jpg,w_POLLOS_maq2_portada_OK2_sinmarcas,500,731,0.684,38,low,filename/title contiene señal de portada: portada | proporcion vertical compatible con portada | dimensiones razonables para cover
book:el viaje aventurero de nico,El viaje aventurero de Nico,1034,Niklas Höfinger,1045,https://editoriallarueca.com/wp-content/uploads/W_portada-3.jpg,W_portada-3.jpg,MatamedeFrenteAmazon004,500,738,0.678,38,low,filename/title contiene señal de portada: portada | proporcion vertical compatible con portada | dimensiones razonables para cover
book:el viaje aventurero de nico,El viaje aventurero de Nico,1034,Niklas Höfinger,1176,https://editoriallarueca.com/wp-content/uploads/w_portada_lamuerte.jpg,w_portada_lamuerte.jpg,978-84-19865-47-2_cvs,500,744,0.672,38,low,filename/title contiene señal de portada: portada | proporcion vertical compatible con portada | dimensiones razonables para cover
book:el viaje aventurero de nico,El viaje aventurero de Nico,1034,Niklas Höfinger,1201,https://editoriallarueca.com/wp-content/uploads/w_978-84-19865-40-3_CUBIERTA.jpg,w_978-84-19865-40-3_CUBIERTA.jpg,w_978-84-19865-40-3_CUBIERTA,500,738,0.678,38,low,filename/title contiene señal de portada: cubierta | proporcion vertical compatible con portada | dimensiones razonables para cover
book:el viaje aventurero de nico,El viaje aventurero de Nico,1034,Niklas Höfinger,1229,https://editoriallarueca.com/wp-content/uploads/w_Estasimo-portada.jpg,w_Estasimo-portada.jpg,w_Estásimo - portada,500,700,0.714,38,low,filename/title contiene señal de portada: portada | proporcion vertical compatible con portada | dimensiones razonables para cover
book:pollos en la memoria,Pollos en la memoria,1040,Julio Sánchez Alonso,1039,https://editoriallarueca.com/wp-content/uploads/w_POLLOS_maq2_portada_OK2_sinmarcas.jpg,w_POLLOS_maq2_portada_OK2_sinmarcas.jpg,w_POLLOS_maq2_portada_OK2_sinmarcas,500,731,0.684,38,low,filename/title contiene señal de portada: portada | proporcion vertical compatible con portada | dimensiones razonables para cover
book:pollos en la memoria,Pollos en la memoria,1040,Julio Sánchez Alonso,1045,https://editoriallarueca.com/wp-content/uploads/W_portada-3.jpg,W_portada-3.jpg,MatamedeFrenteAmazon004,500,738,0.678,38,low,filename/title contiene señal de portada: portada | proporcion vertical compatible con portada | dimensiones razonables para cover
book:pollos en la memoria,Pollos en la memoria,1040,Julio Sánchez Alonso,1176,https://editoriallarueca.com/wp-content/uploads/w_portada_lamuerte.jpg,w_portada_lamuerte.jpg,978-84-19865-47-2_cvs,500,744,0.672,38,low,filename/title contiene señal de portada: portada | proporcion vertical compatible con portada | dimensiones razonables para cover
book:pollos en la memoria,Pollos en la memoria,1040,Julio Sánchez Alonso,1201,https://editoriallarueca.com/wp-content/uploads/w_978-84-19865-40-3_CUBIERTA.jpg,w_978-84-19865-40-3_CUBIERTA.jpg,w_978-84-19865-40-3_CUBIERTA,500,738,0.678,38,low,filename/title contiene señal de portada: cubierta | proporcion vertical compatible con portada | dimensiones razonables para cover
book:pollos en la memoria,Pollos en la memoria,1040,Julio Sánchez Alonso,1229,https://editoriallarueca.com/wp-content/uploads/w_Estasimo-portada.jpg,w_Estasimo-portada.jpg,w_Estásimo - portada,500,700,0.714,38,low,filename/title contiene señal de portada: portada | proporcion vertical compatible con portada | dimensiones razonables para cover
book:matame de frente,Mátame de frente,1046,Claudio Vilches Maturana y Felipe Olivares León,1045,https://editoriallarueca.com/wp-content/uploads/W_portada-3.jpg,W_portada-3.jpg,MatamedeFrenteAmazon004,500,738,0.678,106,high,attachment title contiene el titulo del libro | slug contiene el titulo del libro | filename/title contiene señal de portada: portada | proporcion vertical compatible con portada | dimensiones razonables para cover
book:matame de frente,Mátame de frente,1046,Claudio Vilches Maturana y Felipe Olivares León,1039,https://editoriallarueca.com/wp-content/uploads/w_POLLOS_maq2_portada_OK2_sinmarcas.jpg,w_POLLOS_maq2_portada_OK2_sinmarcas.jpg,w_POLLOS_maq2_portada_OK2_sinmarcas,500,731,0.684,38,low,filename/title contiene señal de portada: portada | proporcion vertical compatible con portada | dimensiones razonables para cover
book:matame de frente,Mátame de frente,1046,Claudio Vilches Maturana y Felipe Olivares León,1176,https://editoriallarueca.com/wp-content/uploads/w_portada_lamuerte.jpg,w_portada_lamuerte.jpg,978-84-19865-47-2_cvs,500,744,0.672,38,low,filename/title contiene señal de portada: portada | proporcion vertical compatible con portada | dimensiones razonables para cover
book:matame de frente,Mátame de frente,1046,Claudio Vilches Maturana y Felipe Olivares León,1201,https://editoriallarueca.com/wp-content/uploads/w_978-84-19865-40-3_CUBIERTA.jpg,w_978-84-19865-40-3_CUBIERTA.jpg,w_978-84-19865-40-3_CUBIERTA,500,738,0.678,38,low,filename/title contiene señal de portada: cubierta | proporcion vertical compatible con portada | dimensiones razonables para cover
book:matame de frente,Mátame de frente,1046,Claudio Vilches Maturana y Felipe Olivares León,1229,https://editoriallarueca.com/wp-content/uploads/w_Estasimo-portada.jpg,w_Estasimo-portada.jpg,w_Estásimo - portada,500,700,0.714,38,low,filename/title contiene señal de portada: portada | proporcion vertical compatible con portada | dimensiones razonables para cover
book:de juan a juan el musical el libreto y un relato,De Juan a Juan: El musical – El Libreto y un Relato,1052,Ricardo Rodríguez López,1039,https://editoriallarueca.com/wp-content/uploads/w_POLLOS_maq2_portada_OK2_sinmarcas.jpg,w_POLLOS_maq2_portada_OK2_sinmarcas.jpg,w_POLLOS_maq2_portada_OK2_sinmarcas,500,731,0.684,38,low,filename/title contiene señal de portada: portada | proporcion vertical compatible con portada | dimensiones razonables para cover
book:de juan a juan el musical el libreto y un relato,De Juan a Juan: El musical – El Libreto y un Relato,1052,Ricardo Rodríguez López,1045,https://editoriallarueca.com/wp-content/uploads/W_portada-3.jpg,W_portada-3.jpg,MatamedeFrenteAmazon004,500,738,0.678,38,low,filename/title contiene señal de portada: portada | proporcion vertical compatible con portada | dimensiones razonables para cover
book:de juan a juan el musical el libreto y un relato,De Juan a Juan: El musical – El Libreto y un Relato,1052,Ricardo Rodríguez López,1176,https://editoriallarueca.com/wp-content/uploads/w_portada_lamuerte.jpg,w_portada_lamuerte.jpg,978-84-19865-47-2_cvs,500,744,0.672,38,low,filename/title contiene señal de portada: portada | proporcion vertical compatible con portada | dimensiones razonables para cover
book:de juan a juan el musical el libreto y un relato,De Juan a Juan: El musical – El Libreto y un Relato,1052,Ricardo Rodríguez López,1201,https://editoriallarueca.com/wp-content/uploads/w_978-84-19865-40-3_CUBIERTA.jpg,w_978-84-19865-40-3_CUBIERTA.jpg,w_978-84-19865-40-3_CUBIERTA,500,738,0.678,38,low,filename/title contiene señal de portada: cubierta | proporcion vertical compatible con portada | dimensiones razonables para cover
book:de juan a juan el musical el libreto y un relato,De Juan a Juan: El musical – El Libreto y un Relato,1052,Ricardo Rodríguez López,1229,https://editoriallarueca.com/wp-content/uploads/w_Estasimo-portada.jpg,w_Estasimo-portada.jpg,w_Estásimo - portada,500,700,0.714,38,low,filename/title contiene señal de portada: portada | proporcion vertical compatible con portada | dimensiones razonables para cover
book:daemon lilith, Daemon Lilith,1057,Manuel Fernández Miranda,1058,https://editoriallarueca.com/wp-content/uploads/DaemonLilithMockup.png,DaemonLilithMockup-scaled.png,DaemonLilithMockup,2560,1708,1.499,94,high,filename contiene el titulo del libro | attachment title contiene el titulo del libro | slug contiene el titulo del libro | imagen horizontal o panoramica
book:daemon lilith, Daemon Lilith,1057,Manuel Fernández Miranda,1039,https://editoriallarueca.com/wp-content/uploads/w_POLLOS_maq2_portada_OK2_sinmarcas.jpg,w_POLLOS_maq2_portada_OK2_sinmarcas.jpg,w_POLLOS_maq2_portada_OK2_sinmarcas,500,731,0.684,38,low,filename/title contiene señal de portada: portada | proporcion vertical compatible con portada | dimensiones razonables para cover
book:daemon lilith, Daemon Lilith,1057,Manuel Fernández Miranda,1045,https://editoriallarueca.com/wp-content/uploads/W_portada-3.jpg,W_portada-3.jpg,MatamedeFrenteAmazon004,500,738,0.678,38,low,filename/title contiene señal de portada: portada | proporcion vertical compatible con portada | dimensiones razonables para cover
book:daemon lilith, Daemon Lilith,1057,Manuel Fernández Miranda,1176,https://editoriallarueca.com/wp-content/uploads/w_portada_lamuerte.jpg,w_portada_lamuerte.jpg,978-84-19865-47-2_cvs,500,744,0.672,38,low,filename/title contiene señal de portada: portada | proporcion vertical compatible con portada | dimensiones razonables para cover
book:daemon lilith, Daemon Lilith,1057,Manuel Fernández Miranda,1201,https://editoriallarueca.com/wp-content/uploads/w_978-84-19865-40-3_CUBIERTA.jpg,w_978-84-19865-40-3_CUBIERTA.jpg,w_978-84-19865-40-3_CUBIERTA,500,738,0.678,38,low,filename/title contiene señal de portada: cubierta | proporcion vertical compatible con portada | dimensiones razonables para cover
book:letargo,Letargo,1062,Santiago J. Miranda Jovellar,1061,https://editoriallarueca.com/wp-content/uploads/w_LetargoPortada.jpg,w_LetargoPortada.jpg,LetargoPortada,500,700,0.714,130,high,filename contiene el titulo del libro | attachment title contiene el titulo del libro | slug contiene el titulo del libro | proporcion vertical compatible con portada | dimensiones razonables para cover
book:letargo,Letargo,1062,Santiago J. Miranda Jovellar,1063,https://editoriallarueca.com/wp-content/uploads/LetargoMockup.png,LetargoMockup-scaled.png,LetargoMockup,2560,1920,1.333,94,high,filename contiene el titulo del libro | attachment title contiene el titulo del libro | slug contiene el titulo del libro | imagen horizontal o panoramica
book:letargo,Letargo,1062,Santiago J. Miranda Jovellar,1039,https://editoriallarueca.com/wp-content/uploads/w_POLLOS_maq2_portada_OK2_sinmarcas.jpg,w_POLLOS_maq2_portada_OK2_sinmarcas.jpg,w_POLLOS_maq2_portada_OK2_sinmarcas,500,731,0.684,38,low,filename/title contiene señal de portada: portada | proporcion vertical compatible con portada | dimensiones razonables para cover
book:letargo,Letargo,1062,Santiago J. Miranda Jovellar,1045,https://editoriallarueca.com/wp-content/uploads/W_portada-3.jpg,W_portada-3.jpg,MatamedeFrenteAmazon004,500,738,0.678,38,low,filename/title contiene señal de portada: portada | proporcion vertical compatible con portada | dimensiones razonables para cover
book:letargo,Letargo,1062,Santiago J. Miranda Jovellar,1176,https://editoriallarueca.com/wp-content/uploads/w_portada_lamuerte.jpg,w_portada_lamuerte.jpg,978-84-19865-47-2_cvs,500,744,0.672,38,low,filename/title contiene señal de portada: portada | proporcion vertical compatible con portada | dimensiones razonables para cover
book:la barca del portugues,La barca del portugués,1069,José Luis Mozo Gayo,1039,https://editoriallarueca.com/wp-content/uploads/w_POLLOS_maq2_portada_OK2_sinmarcas.jpg,w_POLLOS_maq2_portada_OK2_sinmarcas.jpg,w_POLLOS_maq2_portada_OK2_sinmarcas,500,731,0.684,38,low,filename/title contiene señal de portada: portada | proporcion vertical compatible con portada | dimensiones razonables para cover
book:la barca del portugues,La barca del portugués,1069,José Luis Mozo Gayo,1045,https://editoriallarueca.com/wp-content/uploads/W_portada-3.jpg,W_portada-3.jpg,MatamedeFrenteAmazon004,500,738,0.678,38,low,filename/title contiene señal de portada: portada | proporcion vertical compatible con portada | dimensiones razonables para cover
book:la barca del portugues,La barca del portugués,1069,José Luis Mozo Gayo,1176,https://editoriallarueca.com/wp-content/uploads/w_portada_lamuerte.jpg,w_portada_lamuerte.jpg,978-84-19865-47-2_cvs,500,744,0.672,38,low,filename/title contiene señal de portada: portada | proporcion vertical compatible con portada | dimensiones razonables para cover
book:la barca del portugues,La barca del portugués,1069,José Luis Mozo Gayo,1201,https://editoriallarueca.com/wp-content/uploads/w_978-84-19865-40-3_CUBIERTA.jpg,w_978-84-19865-40-3_CUBIERTA.jpg,w_978-84-19865-40-3_CUBIERTA,500,738,0.678,38,low,filename/title contiene señal de portada: cubierta | proporcion vertical compatible con portada | dimensiones razonables para cover
book:la barca del portugues,La barca del portugués,1069,José Luis Mozo Gayo,1229,https://editoriallarueca.com/wp-content/uploads/w_Estasimo-portada.jpg,w_Estasimo-portada.jpg,w_Estásimo - portada,500,700,0.714,38,low,filename/title contiene señal de portada: portada | proporcion vertical compatible con portada | dimensiones razonables para cover
book:de estrellas gaviotas y poemas,"De estrellas, gaviotas y poemas",1073,Paco Daza Selma,1039,https://editoriallarueca.com/wp-content/uploads/w_POLLOS_maq2_portada_OK2_sinmarcas.jpg,w_POLLOS_maq2_portada_OK2_sinmarcas.jpg,w_POLLOS_maq2_portada_OK2_sinmarcas,500,731,0.684,38,low,filename/title contiene señal de portada: portada | proporcion vertical compatible con portada | dimensiones razonables para cover
book:de estrellas gaviotas y poemas,"De estrellas, gaviotas y poemas",1073,Paco Daza Selma,1045,https://editoriallarueca.com/wp-content/uploads/W_portada-3.jpg,W_portada-3.jpg,MatamedeFrenteAmazon004,500,738,0.678,38,low,filename/title contiene señal de portada: portada | proporcion vertical compatible con portada | dimensiones razonables para cover
book:de estrellas gaviotas y poemas,"De estrellas, gaviotas y poemas",1073,Paco Daza Selma,1176,https://editoriallarueca.com/wp-content/uploads/w_portada_lamuerte.jpg,w_portada_lamuerte.jpg,978-84-19865-47-2_cvs,500,744,0.672,38,low,filename/title contiene señal de portada: portada | proporcion vertical compatible con portada | dimensiones razonables para cover
book:de estrellas gaviotas y poemas,"De estrellas, gaviotas y poemas",1073,Paco Daza Selma,1201,https://editoriallarueca.com/wp-content/uploads/w_978-84-19865-40-3_CUBIERTA.jpg,w_978-84-19865-40-3_CUBIERTA.jpg,w_978-84-19865-40-3_CUBIERTA,500,738,0.678,38,low,filename/title contiene señal de portada: cubierta | proporcion vertical compatible con portada | dimensiones razonables para cover
book:de estrellas gaviotas y poemas,"De estrellas, gaviotas y poemas",1073,Paco Daza Selma,1229,https://editoriallarueca.com/wp-content/uploads/w_Estasimo-portada.jpg,w_Estasimo-portada.jpg,w_Estásimo - portada,500,700,0.714,38,low,filename/title contiene señal de portada: portada | proporcion vertical compatible con portada | dimensiones razonables para cover
book:y la vida sigue,Y… la vida sigue,1078,Dolores Benito Arroyo,1039,https://editoriallarueca.com/wp-content/uploads/w_POLLOS_maq2_portada_OK2_sinmarcas.jpg,w_POLLOS_maq2_portada_OK2_sinmarcas.jpg,w_POLLOS_maq2_portada_OK2_sinmarcas,500,731,0.684,38,low,filename/title contiene señal de portada: portada | proporcion vertical compatible con portada | dimensiones razonables para cover
book:y la vida sigue,Y… la vida sigue,1078,Dolores Benito Arroyo,1045,https://editoriallarueca.com/wp-content/uploads/W_portada-3.jpg,W_portada-3.jpg,MatamedeFrenteAmazon004,500,738,0.678,38,low,filename/title contiene señal de portada: portada | proporcion vertical compatible con portada | dimensiones razonables para cover
book:y la vida sigue,Y… la vida sigue,1078,Dolores Benito Arroyo,1176,https://editoriallarueca.com/wp-content/uploads/w_portada_lamuerte.jpg,w_portada_lamuerte.jpg,978-84-19865-47-2_cvs,500,744,0.672,38,low,filename/title contiene señal de portada: portada | proporcion vertical compatible con portada | dimensiones razonables para cover
book:y la vida sigue,Y… la vida sigue,1078,Dolores Benito Arroyo,1201,https://editoriallarueca.com/wp-content/uploads/w_978-84-19865-40-3_CUBIERTA.jpg,w_978-84-19865-40-3_CUBIERTA.jpg,w_978-84-19865-40-3_CUBIERTA,500,738,0.678,38,low,filename/title contiene señal de portada: cubierta | proporcion vertical compatible con portada | dimensiones razonables para cover
book:y la vida sigue,Y… la vida sigue,1078,Dolores Benito Arroyo,1229,https://editoriallarueca.com/wp-content/uploads/w_Estasimo-portada.jpg,w_Estasimo-portada.jpg,w_Estásimo - portada,500,700,0.714,38,low,filename/title contiene señal de portada: portada | proporcion vertical compatible con portada | dimensiones razonables para cover
book:una inolvidable noche de futbol en la pared, Una inolvidable noche de fútbol en La Pared,1084,Luis Marcelo Carboni,1039,https://editoriallarueca.com/wp-content/uploads/w_POLLOS_maq2_portada_OK2_sinmarcas.jpg,w_POLLOS_maq2_portada_OK2_sinmarcas.jpg,w_POLLOS_maq2_portada_OK2_sinmarcas,500,731,0.684,38,low,filename/title contiene señal de portada: portada | proporcion vertical compatible con portada | dimensiones razonables para cover
book:una inolvidable noche de futbol en la pared, Una inolvidable noche de fútbol en La Pared,1084,Luis Marcelo Carboni,1045,https://editoriallarueca.com/wp-content/uploads/W_portada-3.jpg,W_portada-3.jpg,MatamedeFrenteAmazon004,500,738,0.678,38,low,filename/title contiene señal de portada: portada | proporcion vertical compatible con portada | dimensiones razonables para cover
book:una inolvidable noche de futbol en la pared, Una inolvidable noche de fútbol en La Pared,1084,Luis Marcelo Carboni,1176,https://editoriallarueca.com/wp-content/uploads/w_portada_lamuerte.jpg,w_portada_lamuerte.jpg,978-84-19865-47-2_cvs,500,744,0.672,38,low,filename/title contiene señal de portada: portada | proporcion vertical compatible con portada | dimensiones razonables para cover
book:una inolvidable noche de futbol en la pared, Una inolvidable noche de fútbol en La Pared,1084,Luis Marcelo Carboni,1201,https://editoriallarueca.com/wp-content/uploads/w_978-84-19865-40-3_CUBIERTA.jpg,w_978-84-19865-40-3_CUBIERTA.jpg,w_978-84-19865-40-3_CUBIERTA,500,738,0.678,38,low,filename/title contiene señal de portada: cubierta | proporcion vertical compatible con portada | dimensiones razonables para cover
book:una inolvidable noche de futbol en la pared, Una inolvidable noche de fútbol en La Pared,1084,Luis Marcelo Carboni,1229,https://editoriallarueca.com/wp-content/uploads/w_Estasimo-portada.jpg,w_Estasimo-portada.jpg,w_Estásimo - portada,500,700,0.714,38,low,filename/title contiene señal de portada: portada | proporcion vertical compatible con portada | dimensiones razonables para cover
book:en la recta final,En la recta final,1088,Alfredo Manrique Bravo,1039,https://editoriallarueca.com/wp-content/uploads/w_POLLOS_maq2_portada_OK2_sinmarcas.jpg,w_POLLOS_maq2_portada_OK2_sinmarcas.jpg,w_POLLOS_maq2_portada_OK2_sinmarcas,500,731,0.684,38,low,filename/title contiene señal de portada: portada | proporcion vertical compatible con portada | dimensiones razonables para cover
book:en la recta final,En la recta final,1088,Alfredo Manrique Bravo,1045,https://editoriallarueca.com/wp-content/uploads/W_portada-3.jpg,W_portada-3.jpg,MatamedeFrenteAmazon004,500,738,0.678,38,low,filename/title contiene señal de portada: portada | proporcion vertical compatible con portada | dimensiones razonables para cover
book:en la recta final,En la recta final,1088,Alfredo Manrique Bravo,1176,https://editoriallarueca.com/wp-content/uploads/w_portada_lamuerte.jpg,w_portada_lamuerte.jpg,978-84-19865-47-2_cvs,500,744,0.672,38,low,filename/title contiene señal de portada: portada | proporcion vertical compatible con portada | dimensiones razonables para cover
book:en la recta final,En la recta final,1088,Alfredo Manrique Bravo,1201,https://editoriallarueca.com/wp-content/uploads/w_978-84-19865-40-3_CUBIERTA.jpg,w_978-84-19865-40-3_CUBIERTA.jpg,w_978-84-19865-40-3_CUBIERTA,500,738,0.678,38,low,filename/title contiene señal de portada: cubierta | proporcion vertical compatible con portada | dimensiones razonables para cover
book:en la recta final,En la recta final,1088,Alfredo Manrique Bravo,1229,https://editoriallarueca.com/wp-content/uploads/w_Estasimo-portada.jpg,w_Estasimo-portada.jpg,w_Estásimo - portada,500,700,0.714,38,low,filename/title contiene señal de portada: portada | proporcion vertical compatible con portada | dimensiones razonables para cover
book:duns scoto versus tomas de aquino la debilidad del neocalcedonismo tomista,Duns Scoto versus Tomás de Aquino: La debilidad del Neocalcedonismo Tomista,1094,Marcelino Valiño Vidal,1039,https://editoriallarueca.com/wp-content/uploads/w_POLLOS_maq2_portada_OK2_sinmarcas.jpg,w_POLLOS_maq2_portada_OK2_sinmarcas.jpg,w_POLLOS_maq2_portada_OK2_sinmarcas,500,731,0.684,38,low,filename/title contiene señal de portada: portada | proporcion vertical compatible con portada | dimensiones razonables para cover
book:duns scoto versus tomas de aquino la debilidad del neocalcedonismo tomista,Duns Scoto versus Tomás de Aquino: La debilidad del Neocalcedonismo Tomista,1094,Marcelino Valiño Vidal,1045,https://editoriallarueca.com/wp-content/uploads/W_portada-3.jpg,W_portada-3.jpg,MatamedeFrenteAmazon004,500,738,0.678,38,low,filename/title contiene señal de portada: portada | proporcion vertical compatible con portada | dimensiones razonables para cover
book:duns scoto versus tomas de aquino la debilidad del neocalcedonismo tomista,Duns Scoto versus Tomás de Aquino: La debilidad del Neocalcedonismo Tomista,1094,Marcelino Valiño Vidal,1176,https://editoriallarueca.com/wp-content/uploads/w_portada_lamuerte.jpg,w_portada_lamuerte.jpg,978-84-19865-47-2_cvs,500,744,0.672,38,low,filename/title contiene señal de portada: portada | proporcion vertical compatible con portada | dimensiones razonables para cover
book:duns scoto versus tomas de aquino la debilidad del neocalcedonismo tomista,Duns Scoto versus Tomás de Aquino: La debilidad del Neocalcedonismo Tomista,1094,Marcelino Valiño Vidal,1201,https://editoriallarueca.com/wp-content/uploads/w_978-84-19865-40-3_CUBIERTA.jpg,w_978-84-19865-40-3_CUBIERTA.jpg,w_978-84-19865-40-3_CUBIERTA,500,738,0.678,38,low,filename/title contiene señal de portada: cubierta | proporcion vertical compatible con portada | dimensiones razonables para cover
book:duns scoto versus tomas de aquino la debilidad del neocalcedonismo tomista,Duns Scoto versus Tomás de Aquino: La debilidad del Neocalcedonismo Tomista,1094,Marcelino Valiño Vidal,1229,https://editoriallarueca.com/wp-content/uploads/w_Estasimo-portada.jpg,w_Estasimo-portada.jpg,w_Estásimo - portada,500,700,0.714,38,low,filename/title contiene señal de portada: portada | proporcion vertical compatible con portada | dimensiones razonables para cover
book:placa blanca dignidad sobre el pecho,"Placa blanca, dignidad sobre el pecho",1099,José Antonio Muñoz Fañanás,1039,https://editoriallarueca.com/wp-content/uploads/w_POLLOS_maq2_portada_OK2_sinmarcas.jpg,w_POLLOS_maq2_portada_OK2_sinmarcas.jpg,w_POLLOS_maq2_portada_OK2_sinmarcas,500,731,0.684,38,low,filename/title contiene señal de portada: portada | proporcion vertical compatible con portada | dimensiones razonables para cover
book:placa blanca dignidad sobre el pecho,"Placa blanca, dignidad sobre el pecho",1099,José Antonio Muñoz Fañanás,1045,https://editoriallarueca.com/wp-content/uploads/W_portada-3.jpg,W_portada-3.jpg,MatamedeFrenteAmazon004,500,738,0.678,38,low,filename/title contiene señal de portada: portada | proporcion vertical compatible con portada | dimensiones razonables para cover
book:placa blanca dignidad sobre el pecho,"Placa blanca, dignidad sobre el pecho",1099,José Antonio Muñoz Fañanás,1176,https://editoriallarueca.com/wp-content/uploads/w_portada_lamuerte.jpg,w_portada_lamuerte.jpg,978-84-19865-47-2_cvs,500,744,0.672,38,low,filename/title contiene señal de portada: portada | proporcion vertical compatible con portada | dimensiones razonables para cover
book:placa blanca dignidad sobre el pecho,"Placa blanca, dignidad sobre el pecho",1099,José Antonio Muñoz Fañanás,1201,https://editoriallarueca.com/wp-content/uploads/w_978-84-19865-40-3_CUBIERTA.jpg,w_978-84-19865-40-3_CUBIERTA.jpg,w_978-84-19865-40-3_CUBIERTA,500,738,0.678,38,low,filename/title contiene señal de portada: cubierta | proporcion vertical compatible con portada | dimensiones razonables para cover
book:placa blanca dignidad sobre el pecho,"Placa blanca, dignidad sobre el pecho",1099,José Antonio Muñoz Fañanás,1229,https://editoriallarueca.com/wp-content/uploads/w_Estasimo-portada.jpg,w_Estasimo-portada.jpg,w_Estásimo - portada,500,700,0.714,38,low,filename/title contiene señal de portada: portada | proporcion vertical compatible con portada | dimensiones razonables para cover
book:la vida de adonis la impunidad,La vida de Adonis - La impunidad,1108,MAURO,1039,https://editoriallarueca.com/wp-content/uploads/w_POLLOS_maq2_portada_OK2_sinmarcas.jpg,w_POLLOS_maq2_portada_OK2_sinmarcas.jpg,w_POLLOS_maq2_portada_OK2_sinmarcas,500,731,0.684,38,low,filename/title contiene señal de portada: portada | proporcion vertical compatible con portada | dimensiones razonables para cover
book:la vida de adonis la impunidad,La vida de Adonis - La impunidad,1108,MAURO,1045,https://editoriallarueca.com/wp-content/uploads/W_portada-3.jpg,W_portada-3.jpg,MatamedeFrenteAmazon004,500,738,0.678,38,low,filename/title contiene señal de portada: portada | proporcion vertical compatible con portada | dimensiones razonables para cover
book:la vida de adonis la impunidad,La vida de Adonis - La impunidad,1108,MAURO,1176,https://editoriallarueca.com/wp-content/uploads/w_portada_lamuerte.jpg,w_portada_lamuerte.jpg,978-84-19865-47-2_cvs,500,744,0.672,38,low,filename/title contiene señal de portada: portada | proporcion vertical compatible con portada | dimensiones razonables para cover
book:la vida de adonis la impunidad,La vida de Adonis - La impunidad,1108,MAURO,1201,https://editoriallarueca.com/wp-content/uploads/w_978-84-19865-40-3_CUBIERTA.jpg,w_978-84-19865-40-3_CUBIERTA.jpg,w_978-84-19865-40-3_CUBIERTA,500,738,0.678,38,low,filename/title contiene señal de portada: cubierta | proporcion vertical compatible con portada | dimensiones razonables para cover
book:la vida de adonis la impunidad,La vida de Adonis - La impunidad,1108,MAURO,1229,https://editoriallarueca.com/wp-content/uploads/w_Estasimo-portada.jpg,w_Estasimo-portada.jpg,w_Estásimo - portada,500,700,0.714,38,low,filename/title contiene señal de portada: portada | proporcion vertical compatible con portada | dimensiones razonables para cover
book:el perfume de las emociones,El perfume de las emociones,1113,Luz Stella,1039,https://editoriallarueca.com/wp-content/uploads/w_POLLOS_maq2_portada_OK2_sinmarcas.jpg,w_POLLOS_maq2_portada_OK2_sinmarcas.jpg,w_POLLOS_maq2_portada_OK2_sinmarcas,500,731,0.684,38,low,filename/title contiene señal de portada: portada | proporcion vertical compatible con portada | dimensiones razonables para cover
book:el perfume de las emociones,El perfume de las emociones,1113,Luz Stella,1045,https://editoriallarueca.com/wp-content/uploads/W_portada-3.jpg,W_portada-3.jpg,MatamedeFrenteAmazon004,500,738,0.678,38,low,filename/title contiene señal de portada: portada | proporcion vertical compatible con portada | dimensiones razonables para cover
book:el perfume de las emociones,El perfume de las emociones,1113,Luz Stella,1176,https://editoriallarueca.com/wp-content/uploads/w_portada_lamuerte.jpg,w_portada_lamuerte.jpg,978-84-19865-47-2_cvs,500,744,0.672,38,low,filename/title contiene señal de portada: portada | proporcion vertical compatible con portada | dimensiones razonables para cover
book:el perfume de las emociones,El perfume de las emociones,1113,Luz Stella,1201,https://editoriallarueca.com/wp-content/uploads/w_978-84-19865-40-3_CUBIERTA.jpg,w_978-84-19865-40-3_CUBIERTA.jpg,w_978-84-19865-40-3_CUBIERTA,500,738,0.678,38,low,filename/title contiene señal de portada: cubierta | proporcion vertical compatible con portada | dimensiones razonables para cover
book:el perfume de las emociones,El perfume de las emociones,1113,Luz Stella,1229,https://editoriallarueca.com/wp-content/uploads/w_Estasimo-portada.jpg,w_Estasimo-portada.jpg,w_Estásimo - portada,500,700,0.714,38,low,filename/title contiene señal de portada: portada | proporcion vertical compatible con portada | dimensiones razonables para cover
book:entrevistas,ENTREVISTAS,1121,María Dolores Castellón Pérez,1120,https://editoriallarueca.com/wp-content/uploads/w_EntrevistasPortada.jpg,w_EntrevistasPortada.jpg,EntrevistasPortada,500,700,0.714,130,high,filename contiene el titulo del libro | attachment title contiene el titulo del libro | slug contiene el titulo del libro | proporcion vertical compatible con portada | dimensiones razonables para cover
book:entrevistas,ENTREVISTAS,1121,María Dolores Castellón Pérez,1123,https://editoriallarueca.com/wp-content/uploads/EntrevistasMockup.png,EntrevistasMockup-scaled.png,EntrevistasMockup,2133,2560,0.833,110,high,filename contiene el titulo del libro | attachment title contiene el titulo del libro | slug contiene el titulo del libro
book:entrevistas,ENTREVISTAS,1121,María Dolores Castellón Pérez,1039,https://editoriallarueca.com/wp-content/uploads/w_POLLOS_maq2_portada_OK2_sinmarcas.jpg,w_POLLOS_maq2_portada_OK2_sinmarcas.jpg,w_POLLOS_maq2_portada_OK2_sinmarcas,500,731,0.684,38,low,filename/title contiene señal de portada: portada | proporcion vertical compatible con portada | dimensiones razonables para cover
book:entrevistas,ENTREVISTAS,1121,María Dolores Castellón Pérez,1045,https://editoriallarueca.com/wp-content/uploads/W_portada-3.jpg,W_portada-3.jpg,MatamedeFrenteAmazon004,500,738,0.678,38,low,filename/title contiene señal de portada: portada | proporcion vertical compatible con portada | dimensiones razonables para cover
book:entrevistas,ENTREVISTAS,1121,María Dolores Castellón Pérez,1176,https://editoriallarueca.com/wp-content/uploads/w_portada_lamuerte.jpg,w_portada_lamuerte.jpg,978-84-19865-47-2_cvs,500,744,0.672,38,low,filename/title contiene señal de portada: portada | proporcion vertical compatible con portada | dimensiones razonables para cover
book:humor prosa y una jugadora,"Humor,  prosa y una jugadora",1131,Manuel Gómez Rosas,1039,https://editoriallarueca.com/wp-content/uploads/w_POLLOS_maq2_portada_OK2_sinmarcas.jpg,w_POLLOS_maq2_portada_OK2_sinmarcas.jpg,w_POLLOS_maq2_portada_OK2_sinmarcas,500,731,0.684,38,low,filename/title contiene señal de portada: portada | proporcion vertical compatible con portada | dimensiones razonables para cover
book:humor prosa y una jugadora,"Humor,  prosa y una jugadora",1131,Manuel Gómez Rosas,1045,https://editoriallarueca.com/wp-content/uploads/W_portada-3.jpg,W_portada-3.jpg,MatamedeFrenteAmazon004,500,738,0.678,38,low,filename/title contiene señal de portada: portada | proporcion vertical compatible con portada | dimensiones razonables para cover
book:humor prosa y una jugadora,"Humor,  prosa y una jugadora",1131,Manuel Gómez Rosas,1176,https://editoriallarueca.com/wp-content/uploads/w_portada_lamuerte.jpg,w_portada_lamuerte.jpg,978-84-19865-47-2_cvs,500,744,0.672,38,low,filename/title contiene señal de portada: portada | proporcion vertical compatible con portada | dimensiones razonables para cover
book:humor prosa y una jugadora,"Humor,  prosa y una jugadora",1131,Manuel Gómez Rosas,1201,https://editoriallarueca.com/wp-content/uploads/w_978-84-19865-40-3_CUBIERTA.jpg,w_978-84-19865-40-3_CUBIERTA.jpg,w_978-84-19865-40-3_CUBIERTA,500,738,0.678,38,low,filename/title contiene señal de portada: cubierta | proporcion vertical compatible con portada | dimensiones razonables para cover
book:humor prosa y una jugadora,"Humor,  prosa y una jugadora",1131,Manuel Gómez Rosas,1229,https://editoriallarueca.com/wp-content/uploads/w_Estasimo-portada.jpg,w_Estasimo-portada.jpg,w_Estásimo - portada,500,700,0.714,38,low,filename/title contiene señal de portada: portada | proporcion vertical compatible con portada | dimensiones razonables para cover
book:ligero como la brisa,Ligero como la brisa,1136,Guillermo Martínez Schrem,1039,https://editoriallarueca.com/wp-content/uploads/w_POLLOS_maq2_portada_OK2_sinmarcas.jpg,w_POLLOS_maq2_portada_OK2_sinmarcas.jpg,w_POLLOS_maq2_portada_OK2_sinmarcas,500,731,0.684,38,low,filename/title contiene señal de portada: portada | proporcion vertical compatible con portada | dimensiones razonables para cover
book:ligero como la brisa,Ligero como la brisa,1136,Guillermo Martínez Schrem,1045,https://editoriallarueca.com/wp-content/uploads/W_portada-3.jpg,W_portada-3.jpg,MatamedeFrenteAmazon004,500,738,0.678,38,low,filename/title contiene señal de portada: portada | proporcion vertical compatible con portada | dimensiones razonables para cover
book:ligero como la brisa,Ligero como la brisa,1136,Guillermo Martínez Schrem,1176,https://editoriallarueca.com/wp-content/uploads/w_portada_lamuerte.jpg,w_portada_lamuerte.jpg,978-84-19865-47-2_cvs,500,744,0.672,38,low,filename/title contiene señal de portada: portada | proporcion vertical compatible con portada | dimensiones razonables para cover
book:ligero como la brisa,Ligero como la brisa,1136,Guillermo Martínez Schrem,1201,https://editoriallarueca.com/wp-content/uploads/w_978-84-19865-40-3_CUBIERTA.jpg,w_978-84-19865-40-3_CUBIERTA.jpg,w_978-84-19865-40-3_CUBIERTA,500,738,0.678,38,low,filename/title contiene señal de portada: cubierta | proporcion vertical compatible con portada | dimensiones razonables para cover
book:ligero como la brisa,Ligero como la brisa,1136,Guillermo Martínez Schrem,1229,https://editoriallarueca.com/wp-content/uploads/w_Estasimo-portada.jpg,w_Estasimo-portada.jpg,w_Estásimo - portada,500,700,0.714,38,low,filename/title contiene señal de portada: portada | proporcion vertical compatible con portada | dimensiones razonables para cover
book:prestoses xaranes de folixes y xordes nel conceyu de mieres,PRESTOSES XARANES - De folixes y xordes nel Conceyu de Mieres,1161,Concha Magdalena García,1039,https://editoriallarueca.com/wp-content/uploads/w_POLLOS_maq2_portada_OK2_sinmarcas.jpg,w_POLLOS_maq2_portada_OK2_sinmarcas.jpg,w_POLLOS_maq2_portada_OK2_sinmarcas,500,731,0.684,38,low,filename/title contiene señal de portada: portada | proporcion vertical compatible con portada | dimensiones razonables para cover
book:prestoses xaranes de folixes y xordes nel conceyu de mieres,PRESTOSES XARANES - De folixes y xordes nel Conceyu de Mieres,1161,Concha Magdalena García,1045,https://editoriallarueca.com/wp-content/uploads/W_portada-3.jpg,W_portada-3.jpg,MatamedeFrenteAmazon004,500,738,0.678,38,low,filename/title contiene señal de portada: portada | proporcion vertical compatible con portada | dimensiones razonables para cover
book:prestoses xaranes de folixes y xordes nel conceyu de mieres,PRESTOSES XARANES - De folixes y xordes nel Conceyu de Mieres,1161,Concha Magdalena García,1176,https://editoriallarueca.com/wp-content/uploads/w_portada_lamuerte.jpg,w_portada_lamuerte.jpg,978-84-19865-47-2_cvs,500,744,0.672,38,low,filename/title contiene señal de portada: portada | proporcion vertical compatible con portada | dimensiones razonables para cover
book:prestoses xaranes de folixes y xordes nel conceyu de mieres,PRESTOSES XARANES - De folixes y xordes nel Conceyu de Mieres,1161,Concha Magdalena García,1201,https://editoriallarueca.com/wp-content/uploads/w_978-84-19865-40-3_CUBIERTA.jpg,w_978-84-19865-40-3_CUBIERTA.jpg,w_978-84-19865-40-3_CUBIERTA,500,738,0.678,38,low,filename/title contiene señal de portada: cubierta | proporcion vertical compatible con portada | dimensiones razonables para cover
book:prestoses xaranes de folixes y xordes nel conceyu de mieres,PRESTOSES XARANES - De folixes y xordes nel Conceyu de Mieres,1161,Concha Magdalena García,1229,https://editoriallarueca.com/wp-content/uploads/w_Estasimo-portada.jpg,w_Estasimo-portada.jpg,w_Estásimo - portada,500,700,0.714,38,low,filename/title contiene señal de portada: portada | proporcion vertical compatible con portada | dimensiones razonables para cover
book:de barro y silencio,De barro y silencio,1167,Francisco Marín Vargas,1039,https://editoriallarueca.com/wp-content/uploads/w_POLLOS_maq2_portada_OK2_sinmarcas.jpg,w_POLLOS_maq2_portada_OK2_sinmarcas.jpg,w_POLLOS_maq2_portada_OK2_sinmarcas,500,731,0.684,38,low,filename/title contiene señal de portada: portada | proporcion vertical compatible con portada | dimensiones razonables para cover
book:de barro y silencio,De barro y silencio,1167,Francisco Marín Vargas,1045,https://editoriallarueca.com/wp-content/uploads/W_portada-3.jpg,W_portada-3.jpg,MatamedeFrenteAmazon004,500,738,0.678,38,low,filename/title contiene señal de portada: portada | proporcion vertical compatible con portada | dimensiones razonables para cover
book:de barro y silencio,De barro y silencio,1167,Francisco Marín Vargas,1176,https://editoriallarueca.com/wp-content/uploads/w_portada_lamuerte.jpg,w_portada_lamuerte.jpg,978-84-19865-47-2_cvs,500,744,0.672,38,low,filename/title contiene señal de portada: portada | proporcion vertical compatible con portada | dimensiones razonables para cover
book:de barro y silencio,De barro y silencio,1167,Francisco Marín Vargas,1201,https://editoriallarueca.com/wp-content/uploads/w_978-84-19865-40-3_CUBIERTA.jpg,w_978-84-19865-40-3_CUBIERTA.jpg,w_978-84-19865-40-3_CUBIERTA,500,738,0.678,38,low,filename/title contiene señal de portada: cubierta | proporcion vertical compatible con portada | dimensiones razonables para cover
book:de barro y silencio,De barro y silencio,1167,Francisco Marín Vargas,1229,https://editoriallarueca.com/wp-content/uploads/w_Estasimo-portada.jpg,w_Estasimo-portada.jpg,w_Estásimo - portada,500,700,0.714,38,low,filename/title contiene señal de portada: portada | proporcion vertical compatible con portada | dimensiones razonables para cover
book:apuesta personal,APUESTA PERSONAL,1172,Iñaki Azkona,1039,https://editoriallarueca.com/wp-content/uploads/w_POLLOS_maq2_portada_OK2_sinmarcas.jpg,w_POLLOS_maq2_portada_OK2_sinmarcas.jpg,w_POLLOS_maq2_portada_OK2_sinmarcas,500,731,0.684,38,low,filename/title contiene señal de portada: portada | proporcion vertical compatible con portada | dimensiones razonables para cover
book:apuesta personal,APUESTA PERSONAL,1172,Iñaki Azkona,1045,https://editoriallarueca.com/wp-content/uploads/W_portada-3.jpg,W_portada-3.jpg,MatamedeFrenteAmazon004,500,738,0.678,38,low,filename/title contiene señal de portada: portada | proporcion vertical compatible con portada | dimensiones razonables para cover
book:apuesta personal,APUESTA PERSONAL,1172,Iñaki Azkona,1176,https://editoriallarueca.com/wp-content/uploads/w_portada_lamuerte.jpg,w_portada_lamuerte.jpg,978-84-19865-47-2_cvs,500,744,0.672,38,low,filename/title contiene señal de portada: portada | proporcion vertical compatible con portada | dimensiones razonables para cover
book:apuesta personal,APUESTA PERSONAL,1172,Iñaki Azkona,1201,https://editoriallarueca.com/wp-content/uploads/w_978-84-19865-40-3_CUBIERTA.jpg,w_978-84-19865-40-3_CUBIERTA.jpg,w_978-84-19865-40-3_CUBIERTA,500,738,0.678,38,low,filename/title contiene señal de portada: cubierta | proporcion vertical compatible con portada | dimensiones razonables para cover
book:apuesta personal,APUESTA PERSONAL,1172,Iñaki Azkona,1229,https://editoriallarueca.com/wp-content/uploads/w_Estasimo-portada.jpg,w_Estasimo-portada.jpg,w_Estásimo - portada,500,700,0.714,38,low,filename/title contiene señal de portada: portada | proporcion vertical compatible con portada | dimensiones razonables para cover
book:la muerte de adonis los impunes,La muerte de Adonis - Los impunes,1177,Mauro Escobar Parada,1039,https://editoriallarueca.com/wp-content/uploads/w_POLLOS_maq2_portada_OK2_sinmarcas.jpg,w_POLLOS_maq2_portada_OK2_sinmarcas.jpg,w_POLLOS_maq2_portada_OK2_sinmarcas,500,731,0.684,38,low,filename/title contiene señal de portada: portada | proporcion vertical compatible con portada | dimensiones razonables para cover
book:la muerte de adonis los impunes,La muerte de Adonis - Los impunes,1177,Mauro Escobar Parada,1045,https://editoriallarueca.com/wp-content/uploads/W_portada-3.jpg,W_portada-3.jpg,MatamedeFrenteAmazon004,500,738,0.678,38,low,filename/title contiene señal de portada: portada | proporcion vertical compatible con portada | dimensiones razonables para cover
book:la muerte de adonis los impunes,La muerte de Adonis - Los impunes,1177,Mauro Escobar Parada,1176,https://editoriallarueca.com/wp-content/uploads/w_portada_lamuerte.jpg,w_portada_lamuerte.jpg,978-84-19865-47-2_cvs,500,744,0.672,38,low,filename/title contiene señal de portada: portada | proporcion vertical compatible con portada | dimensiones razonables para cover
book:la muerte de adonis los impunes,La muerte de Adonis - Los impunes,1177,Mauro Escobar Parada,1201,https://editoriallarueca.com/wp-content/uploads/w_978-84-19865-40-3_CUBIERTA.jpg,w_978-84-19865-40-3_CUBIERTA.jpg,w_978-84-19865-40-3_CUBIERTA,500,738,0.678,38,low,filename/title contiene señal de portada: cubierta | proporcion vertical compatible con portada | dimensiones razonables para cover
book:la muerte de adonis los impunes,La muerte de Adonis - Los impunes,1177,Mauro Escobar Parada,1229,https://editoriallarueca.com/wp-content/uploads/w_Estasimo-portada.jpg,w_Estasimo-portada.jpg,w_Estásimo - portada,500,700,0.714,38,low,filename/title contiene señal de portada: portada | proporcion vertical compatible con portada | dimensiones razonables para cover
book:el poder de la magia de la comunicacion,El poder de la magia de la comunicación,1182,Iñaki Domínguez Ledo,1039,https://editoriallarueca.com/wp-content/uploads/w_POLLOS_maq2_portada_OK2_sinmarcas.jpg,w_POLLOS_maq2_portada_OK2_sinmarcas.jpg,w_POLLOS_maq2_portada_OK2_sinmarcas,500,731,0.684,38,low,filename/title contiene señal de portada: portada | proporcion vertical compatible con portada | dimensiones razonables para cover
book:el poder de la magia de la comunicacion,El poder de la magia de la comunicación,1182,Iñaki Domínguez Ledo,1045,https://editoriallarueca.com/wp-content/uploads/W_portada-3.jpg,W_portada-3.jpg,MatamedeFrenteAmazon004,500,738,0.678,38,low,filename/title contiene señal de portada: portada | proporcion vertical compatible con portada | dimensiones razonables para cover
book:el poder de la magia de la comunicacion,El poder de la magia de la comunicación,1182,Iñaki Domínguez Ledo,1176,https://editoriallarueca.com/wp-content/uploads/w_portada_lamuerte.jpg,w_portada_lamuerte.jpg,978-84-19865-47-2_cvs,500,744,0.672,38,low,filename/title contiene señal de portada: portada | proporcion vertical compatible con portada | dimensiones razonables para cover
book:el poder de la magia de la comunicacion,El poder de la magia de la comunicación,1182,Iñaki Domínguez Ledo,1201,https://editoriallarueca.com/wp-content/uploads/w_978-84-19865-40-3_CUBIERTA.jpg,w_978-84-19865-40-3_CUBIERTA.jpg,w_978-84-19865-40-3_CUBIERTA,500,738,0.678,38,low,filename/title contiene señal de portada: cubierta | proporcion vertical compatible con portada | dimensiones razonables para cover
book:el poder de la magia de la comunicacion,El poder de la magia de la comunicación,1182,Iñaki Domínguez Ledo,1229,https://editoriallarueca.com/wp-content/uploads/w_Estasimo-portada.jpg,w_Estasimo-portada.jpg,w_Estásimo - portada,500,700,0.714,38,low,filename/title contiene señal de portada: portada | proporcion vertical compatible con portada | dimensiones razonables para cover
book:la inteligencia artificial en educacion fisica,La Inteligencia Artificial en Educación Física,1187,Norberto Domínguez Jurado,1039,https://editoriallarueca.com/wp-content/uploads/w_POLLOS_maq2_portada_OK2_sinmarcas.jpg,w_POLLOS_maq2_portada_OK2_sinmarcas.jpg,w_POLLOS_maq2_portada_OK2_sinmarcas,500,731,0.684,38,low,filename/title contiene señal de portada: portada | proporcion vertical compatible con portada | dimensiones razonables para cover
book:la inteligencia artificial en educacion fisica,La Inteligencia Artificial en Educación Física,1187,Norberto Domínguez Jurado,1045,https://editoriallarueca.com/wp-content/uploads/W_portada-3.jpg,W_portada-3.jpg,MatamedeFrenteAmazon004,500,738,0.678,38,low,filename/title contiene señal de portada: portada | proporcion vertical compatible con portada | dimensiones razonables para cover
book:la inteligencia artificial en educacion fisica,La Inteligencia Artificial en Educación Física,1187,Norberto Domínguez Jurado,1176,https://editoriallarueca.com/wp-content/uploads/w_portada_lamuerte.jpg,w_portada_lamuerte.jpg,978-84-19865-47-2_cvs,500,744,0.672,38,low,filename/title contiene señal de portada: portada | proporcion vertical compatible con portada | dimensiones razonables para cover
book:la inteligencia artificial en educacion fisica,La Inteligencia Artificial en Educación Física,1187,Norberto Domínguez Jurado,1201,https://editoriallarueca.com/wp-content/uploads/w_978-84-19865-40-3_CUBIERTA.jpg,w_978-84-19865-40-3_CUBIERTA.jpg,w_978-84-19865-40-3_CUBIERTA,500,738,0.678,38,low,filename/title contiene señal de portada: cubierta | proporcion vertical compatible con portada | dimensiones razonables para cover
book:la inteligencia artificial en educacion fisica,La Inteligencia Artificial en Educación Física,1187,Norberto Domínguez Jurado,1229,https://editoriallarueca.com/wp-content/uploads/w_Estasimo-portada.jpg,w_Estasimo-portada.jpg,w_Estásimo - portada,500,700,0.714,38,low,filename/title contiene señal de portada: portada | proporcion vertical compatible con portada | dimensiones razonables para cover
book:inteligencia artificial en educacion fisica, Inteligencia Artificial en Educación Física,1194,María Isabel Martín Aranda,1039,https://editoriallarueca.com/wp-content/uploads/w_POLLOS_maq2_portada_OK2_sinmarcas.jpg,w_POLLOS_maq2_portada_OK2_sinmarcas.jpg,w_POLLOS_maq2_portada_OK2_sinmarcas,500,731,0.684,38,low,filename/title contiene señal de portada: portada | proporcion vertical compatible con portada | dimensiones razonables para cover
book:inteligencia artificial en educacion fisica, Inteligencia Artificial en Educación Física,1194,María Isabel Martín Aranda,1045,https://editoriallarueca.com/wp-content/uploads/W_portada-3.jpg,W_portada-3.jpg,MatamedeFrenteAmazon004,500,738,0.678,38,low,filename/title contiene señal de portada: portada | proporcion vertical compatible con portada | dimensiones razonables para cover
book:inteligencia artificial en educacion fisica, Inteligencia Artificial en Educación Física,1194,María Isabel Martín Aranda,1176,https://editoriallarueca.com/wp-content/uploads/w_portada_lamuerte.jpg,w_portada_lamuerte.jpg,978-84-19865-47-2_cvs,500,744,0.672,38,low,filename/title contiene señal de portada: portada | proporcion vertical compatible con portada | dimensiones razonables para cover
book:inteligencia artificial en educacion fisica, Inteligencia Artificial en Educación Física,1194,María Isabel Martín Aranda,1201,https://editoriallarueca.com/wp-content/uploads/w_978-84-19865-40-3_CUBIERTA.jpg,w_978-84-19865-40-3_CUBIERTA.jpg,w_978-84-19865-40-3_CUBIERTA,500,738,0.678,38,low,filename/title contiene señal de portada: cubierta | proporcion vertical compatible con portada | dimensiones razonables para cover
book:inteligencia artificial en educacion fisica, Inteligencia Artificial en Educación Física,1194,María Isabel Martín Aranda,1229,https://editoriallarueca.com/wp-content/uploads/w_Estasimo-portada.jpg,w_Estasimo-portada.jpg,w_Estásimo - portada,500,700,0.714,38,low,filename/title contiene señal de portada: portada | proporcion vertical compatible con portada | dimensiones razonables para cover
book:sutiles percepciones de una realidad,Sutiles percepciones de una realidad,1198,Rosario Real Calama,1039,https://editoriallarueca.com/wp-content/uploads/w_POLLOS_maq2_portada_OK2_sinmarcas.jpg,w_POLLOS_maq2_portada_OK2_sinmarcas.jpg,w_POLLOS_maq2_portada_OK2_sinmarcas,500,731,0.684,38,low,filename/title contiene señal de portada: portada | proporcion vertical compatible con portada | dimensiones razonables para cover
book:sutiles percepciones de una realidad,Sutiles percepciones de una realidad,1198,Rosario Real Calama,1045,https://editoriallarueca.com/wp-content/uploads/W_portada-3.jpg,W_portada-3.jpg,MatamedeFrenteAmazon004,500,738,0.678,38,low,filename/title contiene señal de portada: portada | proporcion vertical compatible con portada | dimensiones razonables para cover
book:sutiles percepciones de una realidad,Sutiles percepciones de una realidad,1198,Rosario Real Calama,1176,https://editoriallarueca.com/wp-content/uploads/w_portada_lamuerte.jpg,w_portada_lamuerte.jpg,978-84-19865-47-2_cvs,500,744,0.672,38,low,filename/title contiene señal de portada: portada | proporcion vertical compatible con portada | dimensiones razonables para cover
book:sutiles percepciones de una realidad,Sutiles percepciones de una realidad,1198,Rosario Real Calama,1201,https://editoriallarueca.com/wp-content/uploads/w_978-84-19865-40-3_CUBIERTA.jpg,w_978-84-19865-40-3_CUBIERTA.jpg,w_978-84-19865-40-3_CUBIERTA,500,738,0.678,38,low,filename/title contiene señal de portada: cubierta | proporcion vertical compatible con portada | dimensiones razonables para cover
book:sutiles percepciones de una realidad,Sutiles percepciones de una realidad,1198,Rosario Real Calama,1229,https://editoriallarueca.com/wp-content/uploads/w_Estasimo-portada.jpg,w_Estasimo-portada.jpg,w_Estásimo - portada,500,700,0.714,38,low,filename/title contiene señal de portada: portada | proporcion vertical compatible con portada | dimensiones razonables para cover
book:amaremos en libertad,Amaremos en libertad,1204,Andrés Pinar Godoy,1039,https://editoriallarueca.com/wp-content/uploads/w_POLLOS_maq2_portada_OK2_sinmarcas.jpg,w_POLLOS_maq2_portada_OK2_sinmarcas.jpg,w_POLLOS_maq2_portada_OK2_sinmarcas,500,731,0.684,38,low,filename/title contiene señal de portada: portada | proporcion vertical compatible con portada | dimensiones razonables para cover
book:amaremos en libertad,Amaremos en libertad,1204,Andrés Pinar Godoy,1045,https://editoriallarueca.com/wp-content/uploads/W_portada-3.jpg,W_portada-3.jpg,MatamedeFrenteAmazon004,500,738,0.678,38,low,filename/title contiene señal de portada: portada | proporcion vertical compatible con portada | dimensiones razonables para cover
book:amaremos en libertad,Amaremos en libertad,1204,Andrés Pinar Godoy,1176,https://editoriallarueca.com/wp-content/uploads/w_portada_lamuerte.jpg,w_portada_lamuerte.jpg,978-84-19865-47-2_cvs,500,744,0.672,38,low,filename/title contiene señal de portada: portada | proporcion vertical compatible con portada | dimensiones razonables para cover
book:amaremos en libertad,Amaremos en libertad,1204,Andrés Pinar Godoy,1201,https://editoriallarueca.com/wp-content/uploads/w_978-84-19865-40-3_CUBIERTA.jpg,w_978-84-19865-40-3_CUBIERTA.jpg,w_978-84-19865-40-3_CUBIERTA,500,738,0.678,38,low,filename/title contiene señal de portada: cubierta | proporcion vertical compatible con portada | dimensiones razonables para cover
book:amaremos en libertad,Amaremos en libertad,1204,Andrés Pinar Godoy,1229,https://editoriallarueca.com/wp-content/uploads/w_Estasimo-portada.jpg,w_Estasimo-portada.jpg,w_Estásimo - portada,500,700,0.714,38,low,filename/title contiene señal de portada: portada | proporcion vertical compatible con portada | dimensiones razonables para cover
book:esferas temporales aforismos meditaciones y otros escritos breve recopilacion," ESFERAS TEMPORALES Aforismos, meditaciones y otros escritos (Breve recopilación)",1209,Francisco Marín Vargas,1039,https://editoriallarueca.com/wp-content/uploads/w_POLLOS_maq2_portada_OK2_sinmarcas.jpg,w_POLLOS_maq2_portada_OK2_sinmarcas.jpg,w_POLLOS_maq2_portada_OK2_sinmarcas,500,731,0.684,38,low,filename/title contiene señal de portada: portada | proporcion vertical compatible con portada | dimensiones razonables para cover
book:esferas temporales aforismos meditaciones y otros escritos breve recopilacion," ESFERAS TEMPORALES Aforismos, meditaciones y otros escritos (Breve recopilación)",1209,Francisco Marín Vargas,1045,https://editoriallarueca.com/wp-content/uploads/W_portada-3.jpg,W_portada-3.jpg,MatamedeFrenteAmazon004,500,738,0.678,38,low,filename/title contiene señal de portada: portada | proporcion vertical compatible con portada | dimensiones razonables para cover
book:esferas temporales aforismos meditaciones y otros escritos breve recopilacion," ESFERAS TEMPORALES Aforismos, meditaciones y otros escritos (Breve recopilación)",1209,Francisco Marín Vargas,1176,https://editoriallarueca.com/wp-content/uploads/w_portada_lamuerte.jpg,w_portada_lamuerte.jpg,978-84-19865-47-2_cvs,500,744,0.672,38,low,filename/title contiene señal de portada: portada | proporcion vertical compatible con portada | dimensiones razonables para cover
book:esferas temporales aforismos meditaciones y otros escritos breve recopilacion," ESFERAS TEMPORALES Aforismos, meditaciones y otros escritos (Breve recopilación)",1209,Francisco Marín Vargas,1201,https://editoriallarueca.com/wp-content/uploads/w_978-84-19865-40-3_CUBIERTA.jpg,w_978-84-19865-40-3_CUBIERTA.jpg,w_978-84-19865-40-3_CUBIERTA,500,738,0.678,38,low,filename/title contiene señal de portada: cubierta | proporcion vertical compatible con portada | dimensiones razonables para cover
book:esferas temporales aforismos meditaciones y otros escritos breve recopilacion," ESFERAS TEMPORALES Aforismos, meditaciones y otros escritos (Breve recopilación)",1209,Francisco Marín Vargas,1229,https://editoriallarueca.com/wp-content/uploads/w_Estasimo-portada.jpg,w_Estasimo-portada.jpg,w_Estásimo - portada,500,700,0.714,38,low,filename/title contiene señal de portada: portada | proporcion vertical compatible con portada | dimensiones razonables para cover
book:la sombra del azar,La sombra del azar,1214,Patxi Oyaga,1039,https://editoriallarueca.com/wp-content/uploads/w_POLLOS_maq2_portada_OK2_sinmarcas.jpg,w_POLLOS_maq2_portada_OK2_sinmarcas.jpg,w_POLLOS_maq2_portada_OK2_sinmarcas,500,731,0.684,38,low,filename/title contiene señal de portada: portada | proporcion vertical compatible con portada | dimensiones razonables para cover
book:la sombra del azar,La sombra del azar,1214,Patxi Oyaga,1045,https://editoriallarueca.com/wp-content/uploads/W_portada-3.jpg,W_portada-3.jpg,MatamedeFrenteAmazon004,500,738,0.678,38,low,filename/title contiene señal de portada: portada | proporcion vertical compatible con portada | dimensiones razonables para cover
book:la sombra del azar,La sombra del azar,1214,Patxi Oyaga,1176,https://editoriallarueca.com/wp-content/uploads/w_portada_lamuerte.jpg,w_portada_lamuerte.jpg,978-84-19865-47-2_cvs,500,744,0.672,38,low,filename/title contiene señal de portada: portada | proporcion vertical compatible con portada | dimensiones razonables para cover
book:la sombra del azar,La sombra del azar,1214,Patxi Oyaga,1201,https://editoriallarueca.com/wp-content/uploads/w_978-84-19865-40-3_CUBIERTA.jpg,w_978-84-19865-40-3_CUBIERTA.jpg,w_978-84-19865-40-3_CUBIERTA,500,738,0.678,38,low,filename/title contiene señal de portada: cubierta | proporcion vertical compatible con portada | dimensiones razonables para cover
book:la sombra del azar,La sombra del azar,1214,Patxi Oyaga,1229,https://editoriallarueca.com/wp-content/uploads/w_Estasimo-portada.jpg,w_Estasimo-portada.jpg,w_Estásimo - portada,500,700,0.714,38,low,filename/title contiene señal de portada: portada | proporcion vertical compatible con portada | dimensiones razonables para cover
book:al final de la escapada memoria personal 1951 2011,Al final de la escapada – Memoria personal 1951-2011,1219,Julio Sánchez Alonso,1039,https://editoriallarueca.com/wp-content/uploads/w_POLLOS_maq2_portada_OK2_sinmarcas.jpg,w_POLLOS_maq2_portada_OK2_sinmarcas.jpg,w_POLLOS_maq2_portada_OK2_sinmarcas,500,731,0.684,38,low,filename/title contiene señal de portada: portada | proporcion vertical compatible con portada | dimensiones razonables para cover
book:al final de la escapada memoria personal 1951 2011,Al final de la escapada – Memoria personal 1951-2011,1219,Julio Sánchez Alonso,1045,https://editoriallarueca.com/wp-content/uploads/W_portada-3.jpg,W_portada-3.jpg,MatamedeFrenteAmazon004,500,738,0.678,38,low,filename/title contiene señal de portada: portada | proporcion vertical compatible con portada | dimensiones razonables para cover
book:al final de la escapada memoria personal 1951 2011,Al final de la escapada – Memoria personal 1951-2011,1219,Julio Sánchez Alonso,1176,https://editoriallarueca.com/wp-content/uploads/w_portada_lamuerte.jpg,w_portada_lamuerte.jpg,978-84-19865-47-2_cvs,500,744,0.672,38,low,filename/title contiene señal de portada: portada | proporcion vertical compatible con portada | dimensiones razonables para cover
book:al final de la escapada memoria personal 1951 2011,Al final de la escapada – Memoria personal 1951-2011,1219,Julio Sánchez Alonso,1201,https://editoriallarueca.com/wp-content/uploads/w_978-84-19865-40-3_CUBIERTA.jpg,w_978-84-19865-40-3_CUBIERTA.jpg,w_978-84-19865-40-3_CUBIERTA,500,738,0.678,38,low,filename/title contiene señal de portada: cubierta | proporcion vertical compatible con portada | dimensiones razonables para cover
book:al final de la escapada memoria personal 1951 2011,Al final de la escapada – Memoria personal 1951-2011,1219,Julio Sánchez Alonso,1229,https://editoriallarueca.com/wp-content/uploads/w_Estasimo-portada.jpg,w_Estasimo-portada.jpg,w_Estásimo - portada,500,700,0.714,38,low,filename/title contiene señal de portada: portada | proporcion vertical compatible con portada | dimensiones razonables para cover
book:estasimo, Estásimo,1230,Guillermo M. Schrem,1229,https://editoriallarueca.com/wp-content/uploads/w_Estasimo-portada.jpg,w_Estasimo-portada.jpg,w_Estásimo - portada,500,700,0.714,148,high,filename contiene el titulo del libro | attachment title contiene el titulo del libro | slug contiene el titulo del libro | filename/title contiene señal de portada: portada | proporcion vertical compatible con portada | dimensiones razonables para cover
book:estasimo, Estásimo,1230,Guillermo M. Schrem,1231,https://editoriallarueca.com/wp-content/uploads/MockUp_Estasimo_Pixeles.jpg,MockUp_Estasimo_Pixeles.jpg,MockUp_Estasimo_Pixeles,796,654,1.217,112,high,filename contiene el titulo del libro | attachment title contiene el titulo del libro | slug contiene el titulo del libro | filename/title contiene señal de portada: mockup | imagen horizontal o panoramica
book:estasimo, Estásimo,1230,Guillermo M. Schrem,1039,https://editoriallarueca.com/wp-content/uploads/w_POLLOS_maq2_portada_OK2_sinmarcas.jpg,w_POLLOS_maq2_portada_OK2_sinmarcas.jpg,w_POLLOS_maq2_portada_OK2_sinmarcas,500,731,0.684,38,low,filename/title contiene señal de portada: portada | proporcion vertical compatible con portada | dimensiones razonables para cover
book:estasimo, Estásimo,1230,Guillermo M. Schrem,1045,https://editoriallarueca.com/wp-content/uploads/W_portada-3.jpg,W_portada-3.jpg,MatamedeFrenteAmazon004,500,738,0.678,38,low,filename/title contiene señal de portada: portada | proporcion vertical compatible con portada | dimensiones razonables para cover
book:estasimo, Estásimo,1230,Guillermo M. Schrem,1176,https://editoriallarueca.com/wp-content/uploads/w_portada_lamuerte.jpg,w_portada_lamuerte.jpg,978-84-19865-47-2_cvs,500,744,0.672,38,low,filename/title contiene señal de portada: portada | proporcion vertical compatible con portada | dimensiones razonables para cover
book:haikus en el camino,Haikus en el camino,1235,Jose Antonio Galante Pérez,1039,https://editoriallarueca.com/wp-content/uploads/w_POLLOS_maq2_portada_OK2_sinmarcas.jpg,w_POLLOS_maq2_portada_OK2_sinmarcas.jpg,w_POLLOS_maq2_portada_OK2_sinmarcas,500,731,0.684,38,low,filename/title contiene señal de portada: portada | proporcion vertical compatible con portada | dimensiones razonables para cover
book:haikus en el camino,Haikus en el camino,1235,Jose Antonio Galante Pérez,1045,https://editoriallarueca.com/wp-content/uploads/W_portada-3.jpg,W_portada-3.jpg,MatamedeFrenteAmazon004,500,738,0.678,38,low,filename/title contiene señal de portada: portada | proporcion vertical compatible con portada | dimensiones razonables para cover
book:haikus en el camino,Haikus en el camino,1235,Jose Antonio Galante Pérez,1176,https://editoriallarueca.com/wp-content/uploads/w_portada_lamuerte.jpg,w_portada_lamuerte.jpg,978-84-19865-47-2_cvs,500,744,0.672,38,low,filename/title contiene señal de portada: portada | proporcion vertical compatible con portada | dimensiones razonables para cover
book:haikus en el camino,Haikus en el camino,1235,Jose Antonio Galante Pérez,1201,https://editoriallarueca.com/wp-content/uploads/w_978-84-19865-40-3_CUBIERTA.jpg,w_978-84-19865-40-3_CUBIERTA.jpg,w_978-84-19865-40-3_CUBIERTA,500,738,0.678,38,low,filename/title contiene señal de portada: cubierta | proporcion vertical compatible con portada | dimensiones razonables para cover
book:haikus en el camino,Haikus en el camino,1235,Jose Antonio Galante Pérez,1229,https://editoriallarueca.com/wp-content/uploads/w_Estasimo-portada.jpg,w_Estasimo-portada.jpg,w_Estásimo - portada,500,700,0.714,38,low,filename/title contiene señal de portada: portada | proporcion vertical compatible con portada | dimensiones razonables para cover
book:la ruta de las mariposas,La ruta de las mariposas,1246,ELGA REÁTEGUI,1245,https://editoriallarueca.com/wp-content/uploads/w_LA-RUTA-DE-LAS-MARIPOSAS_portada.jpg,w_LA-RUTA-DE-LAS-MARIPOSAS_portada.jpg,LA RUTA DE LAS MARIPOSAS_portada,500,707,0.707,148,high,filename contiene el titulo del libro | attachment title contiene el titulo del libro | slug contiene el titulo del libro | filename/title contiene señal de portada: portada | proporcion vertical compatible con portada | dimensiones razonables para cover
book:la ruta de las mariposas,La ruta de las mariposas,1246,ELGA REÁTEGUI,1039,https://editoriallarueca.com/wp-content/uploads/w_POLLOS_maq2_portada_OK2_sinmarcas.jpg,w_POLLOS_maq2_portada_OK2_sinmarcas.jpg,w_POLLOS_maq2_portada_OK2_sinmarcas,500,731,0.684,38,low,filename/title contiene señal de portada: portada | proporcion vertical compatible con portada | dimensiones razonables para cover
book:la ruta de las mariposas,La ruta de las mariposas,1246,ELGA REÁTEGUI,1045,https://editoriallarueca.com/wp-content/uploads/W_portada-3.jpg,W_portada-3.jpg,MatamedeFrenteAmazon004,500,738,0.678,38,low,filename/title contiene señal de portada: portada | proporcion vertical compatible con portada | dimensiones razonables para cover
book:la ruta de las mariposas,La ruta de las mariposas,1246,ELGA REÁTEGUI,1176,https://editoriallarueca.com/wp-content/uploads/w_portada_lamuerte.jpg,w_portada_lamuerte.jpg,978-84-19865-47-2_cvs,500,744,0.672,38,low,filename/title contiene señal de portada: portada | proporcion vertical compatible con portada | dimensiones razonables para cover
book:la ruta de las mariposas,La ruta de las mariposas,1246,ELGA REÁTEGUI,1201,https://editoriallarueca.com/wp-content/uploads/w_978-84-19865-40-3_CUBIERTA.jpg,w_978-84-19865-40-3_CUBIERTA.jpg,w_978-84-19865-40-3_CUBIERTA,500,738,0.678,38,low,filename/title contiene señal de portada: cubierta | proporcion vertical compatible con portada | dimensiones razonables para cover
book:versos de madrugada con sentido,Versos de madrugada – (Con-sentido),1256,Ángel García  García-Muñoz  (Büru),1039,https://editoriallarueca.com/wp-content/uploads/w_POLLOS_maq2_portada_OK2_sinmarcas.jpg,w_POLLOS_maq2_portada_OK2_sinmarcas.jpg,w_POLLOS_maq2_portada_OK2_sinmarcas,500,731,0.684,38,low,filename/title contiene señal de portada: portada | proporcion vertical compatible con portada | dimensiones razonables para cover
book:versos de madrugada con sentido,Versos de madrugada – (Con-sentido),1256,Ángel García  García-Muñoz  (Büru),1045,https://editoriallarueca.com/wp-content/uploads/W_portada-3.jpg,W_portada-3.jpg,MatamedeFrenteAmazon004,500,738,0.678,38,low,filename/title contiene señal de portada: portada | proporcion vertical compatible con portada | dimensiones razonables para cover
book:versos de madrugada con sentido,Versos de madrugada – (Con-sentido),1256,Ángel García  García-Muñoz  (Büru),1176,https://editoriallarueca.com/wp-content/uploads/w_portada_lamuerte.jpg,w_portada_lamuerte.jpg,978-84-19865-47-2_cvs,500,744,0.672,38,low,filename/title contiene señal de portada: portada | proporcion vertical compatible con portada | dimensiones razonables para cover
book:versos de madrugada con sentido,Versos de madrugada – (Con-sentido),1256,Ángel García  García-Muñoz  (Büru),1201,https://editoriallarueca.com/wp-content/uploads/w_978-84-19865-40-3_CUBIERTA.jpg,w_978-84-19865-40-3_CUBIERTA.jpg,w_978-84-19865-40-3_CUBIERTA,500,738,0.678,38,low,filename/title contiene señal de portada: cubierta | proporcion vertical compatible con portada | dimensiones razonables para cover
book:versos de madrugada con sentido,Versos de madrugada – (Con-sentido),1256,Ángel García  García-Muñoz  (Büru),1229,https://editoriallarueca.com/wp-content/uploads/w_Estasimo-portada.jpg,w_Estasimo-portada.jpg,w_Estásimo - portada,500,700,0.714,38,low,filename/title contiene señal de portada: portada | proporcion vertical compatible con portada | dimensiones razonables para cover
book:cuentos para amara la nieve y amara toca el tambor,CUENTOS PARA AMARA - La Nieve y Amara toca el tambor,1302,Francisco Marín Vargas,1039,https://editoriallarueca.com/wp-content/uploads/w_POLLOS_maq2_portada_OK2_sinmarcas.jpg,w_POLLOS_maq2_portada_OK2_sinmarcas.jpg,w_POLLOS_maq2_portada_OK2_sinmarcas,500,731,0.684,38,low,filename/title contiene señal de portada: portada | proporcion vertical compatible con portada | dimensiones razonables para cover
book:cuentos para amara la nieve y amara toca el tambor,CUENTOS PARA AMARA - La Nieve y Amara toca el tambor,1302,Francisco Marín Vargas,1045,https://editoriallarueca.com/wp-content/uploads/W_portada-3.jpg,W_portada-3.jpg,MatamedeFrenteAmazon004,500,738,0.678,38,low,filename/title contiene señal de portada: portada | proporcion vertical compatible con portada | dimensiones razonables para cover
book:cuentos para amara la nieve y amara toca el tambor,CUENTOS PARA AMARA - La Nieve y Amara toca el tambor,1302,Francisco Marín Vargas,1176,https://editoriallarueca.com/wp-content/uploads/w_portada_lamuerte.jpg,w_portada_lamuerte.jpg,978-84-19865-47-2_cvs,500,744,0.672,38,low,filename/title contiene señal de portada: portada | proporcion vertical compatible con portada | dimensiones razonables para cover
book:cuentos para amara la nieve y amara toca el tambor,CUENTOS PARA AMARA - La Nieve y Amara toca el tambor,1302,Francisco Marín Vargas,1201,https://editoriallarueca.com/wp-content/uploads/w_978-84-19865-40-3_CUBIERTA.jpg,w_978-84-19865-40-3_CUBIERTA.jpg,w_978-84-19865-40-3_CUBIERTA,500,738,0.678,38,low,filename/title contiene señal de portada: cubierta | proporcion vertical compatible con portada | dimensiones razonables para cover
book:cuentos para amara la nieve y amara toca el tambor,CUENTOS PARA AMARA - La Nieve y Amara toca el tambor,1302,Francisco Marín Vargas,1229,https://editoriallarueca.com/wp-content/uploads/w_Estasimo-portada.jpg,w_Estasimo-portada.jpg,w_Estásimo - portada,500,700,0.714,38,low,filename/title contiene señal de portada: portada | proporcion vertical compatible con portada | dimensiones razonables para cover
book:beretricce el palacio velado,BERETRICCE – El palacio Velado,1313,Melchor Albrig,1039,https://editoriallarueca.com/wp-content/uploads/w_POLLOS_maq2_portada_OK2_sinmarcas.jpg,w_POLLOS_maq2_portada_OK2_sinmarcas.jpg,w_POLLOS_maq2_portada_OK2_sinmarcas,500,731,0.684,38,low,filename/title contiene señal de portada: portada | proporcion vertical compatible con portada | dimensiones razonables para cover
book:beretricce el palacio velado,BERETRICCE – El palacio Velado,1313,Melchor Albrig,1045,https://editoriallarueca.com/wp-content/uploads/W_portada-3.jpg,W_portada-3.jpg,MatamedeFrenteAmazon004,500,738,0.678,38,low,filename/title contiene señal de portada: portada | proporcion vertical compatible con portada | dimensiones razonables para cover
book:beretricce el palacio velado,BERETRICCE – El palacio Velado,1313,Melchor Albrig,1176,https://editoriallarueca.com/wp-content/uploads/w_portada_lamuerte.jpg,w_portada_lamuerte.jpg,978-84-19865-47-2_cvs,500,744,0.672,38,low,filename/title contiene señal de portada: portada | proporcion vertical compatible con portada | dimensiones razonables para cover
book:beretricce el palacio velado,BERETRICCE – El palacio Velado,1313,Melchor Albrig,1201,https://editoriallarueca.com/wp-content/uploads/w_978-84-19865-40-3_CUBIERTA.jpg,w_978-84-19865-40-3_CUBIERTA.jpg,w_978-84-19865-40-3_CUBIERTA,500,738,0.678,38,low,filename/title contiene señal de portada: cubierta | proporcion vertical compatible con portada | dimensiones razonables para cover
book:beretricce el palacio velado,BERETRICCE – El palacio Velado,1313,Melchor Albrig,1229,https://editoriallarueca.com/wp-content/uploads/w_Estasimo-portada.jpg,w_Estasimo-portada.jpg,w_Estásimo - portada,500,700,0.714,38,low,filename/title contiene señal de portada: portada | proporcion vertical compatible con portada | dimensiones razonables para cover
book:el cierzo tatuado,El Cierzo Tatuado,1325,José Antonio Galante Pérez,1039,https://editoriallarueca.com/wp-content/uploads/w_POLLOS_maq2_portada_OK2_sinmarcas.jpg,w_POLLOS_maq2_portada_OK2_sinmarcas.jpg,w_POLLOS_maq2_portada_OK2_sinmarcas,500,731,0.684,38,low,filename/title contiene señal de portada: portada | proporcion vertical compatible con portada | dimensiones razonables para cover
book:el cierzo tatuado,El Cierzo Tatuado,1325,José Antonio Galante Pérez,1045,https://editoriallarueca.com/wp-content/uploads/W_portada-3.jpg,W_portada-3.jpg,MatamedeFrenteAmazon004,500,738,0.678,38,low,filename/title contiene señal de portada: portada | proporcion vertical compatible con portada | dimensiones razonables para cover
book:el cierzo tatuado,El Cierzo Tatuado,1325,José Antonio Galante Pérez,1176,https://editoriallarueca.com/wp-content/uploads/w_portada_lamuerte.jpg,w_portada_lamuerte.jpg,978-84-19865-47-2_cvs,500,744,0.672,38,low,filename/title contiene señal de portada: portada | proporcion vertical compatible con portada | dimensiones razonables para cover
book:el cierzo tatuado,El Cierzo Tatuado,1325,José Antonio Galante Pérez,1201,https://editoriallarueca.com/wp-content/uploads/w_978-84-19865-40-3_CUBIERTA.jpg,w_978-84-19865-40-3_CUBIERTA.jpg,w_978-84-19865-40-3_CUBIERTA,500,738,0.678,38,low,filename/title contiene señal de portada: cubierta | proporcion vertical compatible con portada | dimensiones razonables para cover
book:el cierzo tatuado,El Cierzo Tatuado,1325,José Antonio Galante Pérez,1229,https://editoriallarueca.com/wp-content/uploads/w_Estasimo-portada.jpg,w_Estasimo-portada.jpg,w_Estásimo - portada,500,700,0.714,38,low,filename/title contiene señal de portada: portada | proporcion vertical compatible con portada | dimensiones razonables para cover
book:quedamos para despedirnos pero ella no lo sabia pensamientos en un pequeno relato sobre la amistad,Quedamos para despedirnos pero ella no lo sabía – Pensamientos en un pequeño relato sobre la amistad -,1341,José Vte. Carmona Simarro,1039,https://editoriallarueca.com/wp-content/uploads/w_POLLOS_maq2_portada_OK2_sinmarcas.jpg,w_POLLOS_maq2_portada_OK2_sinmarcas.jpg,w_POLLOS_maq2_portada_OK2_sinmarcas,500,731,0.684,38,low,filename/title contiene señal de portada: portada | proporcion vertical compatible con portada | dimensiones razonables para cover
book:quedamos para despedirnos pero ella no lo sabia pensamientos en un pequeno relato sobre la amistad,Quedamos para despedirnos pero ella no lo sabía – Pensamientos en un pequeño relato sobre la amistad -,1341,José Vte. Carmona Simarro,1045,https://editoriallarueca.com/wp-content/uploads/W_portada-3.jpg,W_portada-3.jpg,MatamedeFrenteAmazon004,500,738,0.678,38,low,filename/title contiene señal de portada: portada | proporcion vertical compatible con portada | dimensiones razonables para cover
book:quedamos para despedirnos pero ella no lo sabia pensamientos en un pequeno relato sobre la amistad,Quedamos para despedirnos pero ella no lo sabía – Pensamientos en un pequeño relato sobre la amistad -,1341,José Vte. Carmona Simarro,1176,https://editoriallarueca.com/wp-content/uploads/w_portada_lamuerte.jpg,w_portada_lamuerte.jpg,978-84-19865-47-2_cvs,500,744,0.672,38,low,filename/title contiene señal de portada: portada | proporcion vertical compatible con portada | dimensiones razonables para cover
book:quedamos para despedirnos pero ella no lo sabia pensamientos en un pequeno relato sobre la amistad,Quedamos para despedirnos pero ella no lo sabía – Pensamientos en un pequeño relato sobre la amistad -,1341,José Vte. Carmona Simarro,1201,https://editoriallarueca.com/wp-content/uploads/w_978-84-19865-40-3_CUBIERTA.jpg,w_978-84-19865-40-3_CUBIERTA.jpg,w_978-84-19865-40-3_CUBIERTA,500,738,0.678,38,low,filename/title contiene señal de portada: cubierta | proporcion vertical compatible con portada | dimensiones razonables para cover
book:quedamos para despedirnos pero ella no lo sabia pensamientos en un pequeno relato sobre la amistad,Quedamos para despedirnos pero ella no lo sabía – Pensamientos en un pequeño relato sobre la amistad -,1341,José Vte. Carmona Simarro,1229,https://editoriallarueca.com/wp-content/uploads/w_Estasimo-portada.jpg,w_Estasimo-portada.jpg,w_Estásimo - portada,500,700,0.714,38,low,filename/title contiene señal de portada: portada | proporcion vertical compatible con portada | dimensiones razonables para cover
book:cuentos para amara dona bota la burbuja de mar,CUENTOS PARA AMARA – Doña Bota – La Burbuja de Mar,1348,Francisco Marín Vargas,1039,https://editoriallarueca.com/wp-content/uploads/w_POLLOS_maq2_portada_OK2_sinmarcas.jpg,w_POLLOS_maq2_portada_OK2_sinmarcas.jpg,w_POLLOS_maq2_portada_OK2_sinmarcas,500,731,0.684,38,low,filename/title contiene señal de portada: portada | proporcion vertical compatible con portada | dimensiones razonables para cover
book:cuentos para amara dona bota la burbuja de mar,CUENTOS PARA AMARA – Doña Bota – La Burbuja de Mar,1348,Francisco Marín Vargas,1045,https://editoriallarueca.com/wp-content/uploads/W_portada-3.jpg,W_portada-3.jpg,MatamedeFrenteAmazon004,500,738,0.678,38,low,filename/title contiene señal de portada: portada | proporcion vertical compatible con portada | dimensiones razonables para cover
book:cuentos para amara dona bota la burbuja de mar,CUENTOS PARA AMARA – Doña Bota – La Burbuja de Mar,1348,Francisco Marín Vargas,1176,https://editoriallarueca.com/wp-content/uploads/w_portada_lamuerte.jpg,w_portada_lamuerte.jpg,978-84-19865-47-2_cvs,500,744,0.672,38,low,filename/title contiene señal de portada: portada | proporcion vertical compatible con portada | dimensiones razonables para cover
book:cuentos para amara dona bota la burbuja de mar,CUENTOS PARA AMARA – Doña Bota – La Burbuja de Mar,1348,Francisco Marín Vargas,1201,https://editoriallarueca.com/wp-content/uploads/w_978-84-19865-40-3_CUBIERTA.jpg,w_978-84-19865-40-3_CUBIERTA.jpg,w_978-84-19865-40-3_CUBIERTA,500,738,0.678,38,low,filename/title contiene señal de portada: cubierta | proporcion vertical compatible con portada | dimensiones razonables para cover
book:cuentos para amara dona bota la burbuja de mar,CUENTOS PARA AMARA – Doña Bota – La Burbuja de Mar,1348,Francisco Marín Vargas,1229,https://editoriallarueca.com/wp-content/uploads/w_Estasimo-portada.jpg,w_Estasimo-portada.jpg,w_Estásimo - portada,500,700,0.714,38,low,filename/title contiene señal de portada: portada | proporcion vertical compatible con portada | dimensiones razonables para cover
book:oraculo de la fe el camino del alma,Oráculo de la fe - El camino del alma,1358,Minerva Buiza,1039,https://editoriallarueca.com/wp-content/uploads/w_POLLOS_maq2_portada_OK2_sinmarcas.jpg,w_POLLOS_maq2_portada_OK2_sinmarcas.jpg,w_POLLOS_maq2_portada_OK2_sinmarcas,500,731,0.684,38,low,filename/title contiene señal de portada: portada | proporcion vertical compatible con portada | dimensiones razonables para cover
book:oraculo de la fe el camino del alma,Oráculo de la fe - El camino del alma,1358,Minerva Buiza,1045,https://editoriallarueca.com/wp-content/uploads/W_portada-3.jpg,W_portada-3.jpg,MatamedeFrenteAmazon004,500,738,0.678,38,low,filename/title contiene señal de portada: portada | proporcion vertical compatible con portada | dimensiones razonables para cover
book:oraculo de la fe el camino del alma,Oráculo de la fe - El camino del alma,1358,Minerva Buiza,1176,https://editoriallarueca.com/wp-content/uploads/w_portada_lamuerte.jpg,w_portada_lamuerte.jpg,978-84-19865-47-2_cvs,500,744,0.672,38,low,filename/title contiene señal de portada: portada | proporcion vertical compatible con portada | dimensiones razonables para cover
book:oraculo de la fe el camino del alma,Oráculo de la fe - El camino del alma,1358,Minerva Buiza,1201,https://editoriallarueca.com/wp-content/uploads/w_978-84-19865-40-3_CUBIERTA.jpg,w_978-84-19865-40-3_CUBIERTA.jpg,w_978-84-19865-40-3_CUBIERTA,500,738,0.678,38,low,filename/title contiene señal de portada: cubierta | proporcion vertical compatible con portada | dimensiones razonables para cover
book:oraculo de la fe el camino del alma,Oráculo de la fe - El camino del alma,1358,Minerva Buiza,1229,https://editoriallarueca.com/wp-content/uploads/w_Estasimo-portada.jpg,w_Estasimo-portada.jpg,w_Estásimo - portada,500,700,0.714,38,low,filename/title contiene señal de portada: portada | proporcion vertical compatible con portada | dimensiones razonables para cover
book:voces del alma el arte de escuchar a traves del tarot, Voces del Alma - El arte de escuchar a través del tarot,1361,Minerva Buiza,1039,https://editoriallarueca.com/wp-content/uploads/w_POLLOS_maq2_portada_OK2_sinmarcas.jpg,w_POLLOS_maq2_portada_OK2_sinmarcas.jpg,w_POLLOS_maq2_portada_OK2_sinmarcas,500,731,0.684,38,low,filename/title contiene señal de portada: portada | proporcion vertical compatible con portada | dimensiones razonables para cover
book:voces del alma el arte de escuchar a traves del tarot, Voces del Alma - El arte de escuchar a través del tarot,1361,Minerva Buiza,1045,https://editoriallarueca.com/wp-content/uploads/W_portada-3.jpg,W_portada-3.jpg,MatamedeFrenteAmazon004,500,738,0.678,38,low,filename/title contiene señal de portada: portada | proporcion vertical compatible con portada | dimensiones razonables para cover
book:voces del alma el arte de escuchar a traves del tarot, Voces del Alma - El arte de escuchar a través del tarot,1361,Minerva Buiza,1176,https://editoriallarueca.com/wp-content/uploads/w_portada_lamuerte.jpg,w_portada_lamuerte.jpg,978-84-19865-47-2_cvs,500,744,0.672,38,low,filename/title contiene señal de portada: portada | proporcion vertical compatible con portada | dimensiones razonables para cover
book:voces del alma el arte de escuchar a traves del tarot, Voces del Alma - El arte de escuchar a través del tarot,1361,Minerva Buiza,1201,https://editoriallarueca.com/wp-content/uploads/w_978-84-19865-40-3_CUBIERTA.jpg,w_978-84-19865-40-3_CUBIERTA.jpg,w_978-84-19865-40-3_CUBIERTA,500,738,0.678,38,low,filename/title contiene señal de portada: cubierta | proporcion vertical compatible con portada | dimensiones razonables para cover
book:voces del alma el arte de escuchar a traves del tarot, Voces del Alma - El arte de escuchar a través del tarot,1361,Minerva Buiza,1229,https://editoriallarueca.com/wp-content/uploads/w_Estasimo-portada.jpg,w_Estasimo-portada.jpg,w_Estásimo - portada,500,700,0.714,38,low,filename/title contiene señal de portada: portada | proporcion vertical compatible con portada | dimensiones razonables para cover
book:nido de barro haikus,Nido de Barro – Haikus ,1365,Francisco Marín Vargas,1039,https://editoriallarueca.com/wp-content/uploads/w_POLLOS_maq2_portada_OK2_sinmarcas.jpg,w_POLLOS_maq2_portada_OK2_sinmarcas.jpg,w_POLLOS_maq2_portada_OK2_sinmarcas,500,731,0.684,38,low,filename/title contiene señal de portada: portada | proporcion vertical compatible con portada | dimensiones razonables para cover
book:nido de barro haikus,Nido de Barro – Haikus ,1365,Francisco Marín Vargas,1045,https://editoriallarueca.com/wp-content/uploads/W_portada-3.jpg,W_portada-3.jpg,MatamedeFrenteAmazon004,500,738,0.678,38,low,filename/title contiene señal de portada: portada | proporcion vertical compatible con portada | dimensiones razonables para cover
book:nido de barro haikus,Nido de Barro – Haikus ,1365,Francisco Marín Vargas,1176,https://editoriallarueca.com/wp-content/uploads/w_portada_lamuerte.jpg,w_portada_lamuerte.jpg,978-84-19865-47-2_cvs,500,744,0.672,38,low,filename/title contiene señal de portada: portada | proporcion vertical compatible con portada | dimensiones razonables para cover
book:nido de barro haikus,Nido de Barro – Haikus ,1365,Francisco Marín Vargas,1201,https://editoriallarueca.com/wp-content/uploads/w_978-84-19865-40-3_CUBIERTA.jpg,w_978-84-19865-40-3_CUBIERTA.jpg,w_978-84-19865-40-3_CUBIERTA,500,738,0.678,38,low,filename/title contiene señal de portada: cubierta | proporcion vertical compatible con portada | dimensiones razonables para cover
book:nido de barro haikus,Nido de Barro – Haikus ,1365,Francisco Marín Vargas,1229,https://editoriallarueca.com/wp-content/uploads/w_Estasimo-portada.jpg,w_Estasimo-portada.jpg,w_Estásimo - portada,500,700,0.714,38,low,filename/title contiene señal de portada: portada | proporcion vertical compatible con portada | dimensiones razonables para cover
book:con su permiso don alvaro historias de viso del marques,Con su permiso Don Álvaro – Historias de Viso del Marqués,1367,Andrés Morales y Ana Córdoba del Campo,1039,https://editoriallarueca.com/wp-content/uploads/w_POLLOS_maq2_portada_OK2_sinmarcas.jpg,w_POLLOS_maq2_portada_OK2_sinmarcas.jpg,w_POLLOS_maq2_portada_OK2_sinmarcas,500,731,0.684,38,low,filename/title contiene señal de portada: portada | proporcion vertical compatible con portada | dimensiones razonables para cover
book:con su permiso don alvaro historias de viso del marques,Con su permiso Don Álvaro – Historias de Viso del Marqués,1367,Andrés Morales y Ana Córdoba del Campo,1045,https://editoriallarueca.com/wp-content/uploads/W_portada-3.jpg,W_portada-3.jpg,MatamedeFrenteAmazon004,500,738,0.678,38,low,filename/title contiene señal de portada: portada | proporcion vertical compatible con portada | dimensiones razonables para cover
book:con su permiso don alvaro historias de viso del marques,Con su permiso Don Álvaro – Historias de Viso del Marqués,1367,Andrés Morales y Ana Córdoba del Campo,1176,https://editoriallarueca.com/wp-content/uploads/w_portada_lamuerte.jpg,w_portada_lamuerte.jpg,978-84-19865-47-2_cvs,500,744,0.672,38,low,filename/title contiene señal de portada: portada | proporcion vertical compatible con portada | dimensiones razonables para cover
book:con su permiso don alvaro historias de viso del marques,Con su permiso Don Álvaro – Historias de Viso del Marqués,1367,Andrés Morales y Ana Córdoba del Campo,1201,https://editoriallarueca.com/wp-content/uploads/w_978-84-19865-40-3_CUBIERTA.jpg,w_978-84-19865-40-3_CUBIERTA.jpg,w_978-84-19865-40-3_CUBIERTA,500,738,0.678,38,low,filename/title contiene señal de portada: cubierta | proporcion vertical compatible con portada | dimensiones razonables para cover
book:con su permiso don alvaro historias de viso del marques,Con su permiso Don Álvaro – Historias de Viso del Marqués,1367,Andrés Morales y Ana Córdoba del Campo,1229,https://editoriallarueca.com/wp-content/uploads/w_Estasimo-portada.jpg,w_Estasimo-portada.jpg,w_Estásimo - portada,500,700,0.714,38,low,filename/title contiene señal de portada: portada | proporcion vertical compatible con portada | dimensiones razonables para cover
book:r,R,1376,María Isabel Martínez Gilaranz,1039,https://editoriallarueca.com/wp-content/uploads/w_POLLOS_maq2_portada_OK2_sinmarcas.jpg,w_POLLOS_maq2_portada_OK2_sinmarcas.jpg,w_POLLOS_maq2_portada_OK2_sinmarcas,500,731,0.684,148,high,filename contiene el titulo del libro | attachment title contiene el titulo del libro | slug contiene el titulo del libro | filename/title contiene señal de portada: portada | proporcion vertical compatible con portada | dimensiones razonables para cover
book:r,R,1376,María Isabel Martínez Gilaranz,1045,https://editoriallarueca.com/wp-content/uploads/W_portada-3.jpg,W_portada-3.jpg,MatamedeFrenteAmazon004,500,738,0.678,148,high,filename contiene el titulo del libro | attachment title contiene el titulo del libro | slug contiene el titulo del libro | filename/title contiene señal de portada: portada | proporcion vertical compatible con portada | dimensiones razonables para cover
book:r,R,1376,María Isabel Martínez Gilaranz,1201,https://editoriallarueca.com/wp-content/uploads/w_978-84-19865-40-3_CUBIERTA.jpg,w_978-84-19865-40-3_CUBIERTA.jpg,w_978-84-19865-40-3_CUBIERTA,500,738,0.678,148,high,filename contiene el titulo del libro | attachment title contiene el titulo del libro | slug contiene el titulo del libro | filename/title contiene señal de portada: cubierta | proporcion vertical compatible con portada | dimensiones razonables para cover
book:r,R,1376,María Isabel Martínez Gilaranz,1229,https://editoriallarueca.com/wp-content/uploads/w_Estasimo-portada.jpg,w_Estasimo-portada.jpg,w_Estásimo - portada,500,700,0.714,148,high,filename contiene el titulo del libro | attachment title contiene el titulo del libro | slug contiene el titulo del libro | filename/title contiene señal de portada: portada | proporcion vertical compatible con portada | dimensiones razonables para cover
book:r,R,1376,María Isabel Martínez Gilaranz,1245,https://editoriallarueca.com/wp-content/uploads/w_LA-RUTA-DE-LAS-MARIPOSAS_portada.jpg,w_LA-RUTA-DE-LAS-MARIPOSAS_portada.jpg,LA RUTA DE LAS MARIPOSAS_portada,500,707,0.707,148,high,filename contiene el titulo del libro | attachment title contiene el titulo del libro | slug contiene el titulo del libro | filename/title contiene señal de portada: portada | proporcion vertical compatible con portada | dimensiones razonables para cover
book:el canto de las raices cartografias del ser y existir,El canto de las raíces – Cartografías del ser y existir,1392,Inés Cañal,1039,https://editoriallarueca.com/wp-content/uploads/w_POLLOS_maq2_portada_OK2_sinmarcas.jpg,w_POLLOS_maq2_portada_OK2_sinmarcas.jpg,w_POLLOS_maq2_portada_OK2_sinmarcas,500,731,0.684,38,low,filename/title contiene señal de portada: portada | proporcion vertical compatible con portada | dimensiones razonables para cover
book:el canto de las raices cartografias del ser y existir,El canto de las raíces – Cartografías del ser y existir,1392,Inés Cañal,1045,https://editoriallarueca.com/wp-content/uploads/W_portada-3.jpg,W_portada-3.jpg,MatamedeFrenteAmazon004,500,738,0.678,38,low,filename/title contiene señal de portada: portada | proporcion vertical compatible con portada | dimensiones razonables para cover
book:el canto de las raices cartografias del ser y existir,El canto de las raíces – Cartografías del ser y existir,1392,Inés Cañal,1176,https://editoriallarueca.com/wp-content/uploads/w_portada_lamuerte.jpg,w_portada_lamuerte.jpg,978-84-19865-47-2_cvs,500,744,0.672,38,low,filename/title contiene señal de portada: portada | proporcion vertical compatible con portada | dimensiones razonables para cover
book:el canto de las raices cartografias del ser y existir,El canto de las raíces – Cartografías del ser y existir,1392,Inés Cañal,1201,https://editoriallarueca.com/wp-content/uploads/w_978-84-19865-40-3_CUBIERTA.jpg,w_978-84-19865-40-3_CUBIERTA.jpg,w_978-84-19865-40-3_CUBIERTA,500,738,0.678,38,low,filename/title contiene señal de portada: cubierta | proporcion vertical compatible con portada | dimensiones razonables para cover
book:el canto de las raices cartografias del ser y existir,El canto de las raíces – Cartografías del ser y existir,1392,Inés Cañal,1229,https://editoriallarueca.com/wp-content/uploads/w_Estasimo-portada.jpg,w_Estasimo-portada.jpg,w_Estásimo - portada,500,700,0.714,38,low,filename/title contiene señal de portada: portada | proporcion vertical compatible con portada | dimensiones razonables para cover
book:zoografias,Zoografías,1422,Guillermo M. Schrem,1423,https://editoriallarueca.com/wp-content/uploads/mockUp_Zoografiaspeq.jpg,mockUp_Zoografiaspeq-scaled.jpg,mockUp_Zoografiaspeq,1707,2560,0.667,148,high,filename contiene el titulo del libro | attachment title contiene el titulo del libro | slug contiene el titulo del libro | filename/title contiene señal de portada: mockup | proporcion vertical compatible con portada | dimensiones razonables para cover
book:zoografias,Zoografías,1422,Guillermo M. Schrem,1421,https://editoriallarueca.com/wp-content/uploads/w_Zoografias.jpg,w_Zoografias.jpg,w_Zoografias,500,715,0.699,130,high,filename contiene el titulo del libro | attachment title contiene el titulo del libro | slug contiene el titulo del libro | proporcion vertical compatible con portada | dimensiones razonables para cover
book:zoografias,Zoografías,1422,Guillermo M. Schrem,1039,https://editoriallarueca.com/wp-content/uploads/w_POLLOS_maq2_portada_OK2_sinmarcas.jpg,w_POLLOS_maq2_portada_OK2_sinmarcas.jpg,w_POLLOS_maq2_portada_OK2_sinmarcas,500,731,0.684,38,low,filename/title contiene señal de portada: portada | proporcion vertical compatible con portada | dimensiones razonables para cover
book:zoografias,Zoografías,1422,Guillermo M. Schrem,1045,https://editoriallarueca.com/wp-content/uploads/W_portada-3.jpg,W_portada-3.jpg,MatamedeFrenteAmazon004,500,738,0.678,38,low,filename/title contiene señal de portada: portada | proporcion vertical compatible con portada | dimensiones razonables para cover
book:zoografias,Zoografías,1422,Guillermo M. Schrem,1176,https://editoriallarueca.com/wp-content/uploads/w_portada_lamuerte.jpg,w_portada_lamuerte.jpg,978-84-19865-47-2_cvs,500,744,0.672,38,low,filename/title contiene señal de portada: portada | proporcion vertical compatible con portada | dimensiones razonables para cover
book:cartas a diego reflexiones sobre un nacimiento,Cartas a Diego – Reflexiones sobre un nacimiento,1431,Francisco Marín Vargas,3012,https://editoriallarueca.com/wp-content/uploads/Libro_Cartas-a-Diego-–-Reflexiones-sobre-un-nacimiento_Autor_Francisco-Marin-Vargas_Genero-BG_Editorial-la-Rueca.jpg,Libro_Cartas-a-Diego-–-Reflexiones-sobre-un-nacimiento_Autor_Francisco-Marin-Vargas_Genero-BG_Editorial-la-Rueca.jpg,Libro_Cartas a Diego – Reflexiones sobre un nacimiento_Autor_Francisco Marín Vargas_Género BG_Editorial la Rueca,500,772,0.648,118,high,filename contiene el titulo del libro | attachment title contiene el titulo del libro | slug contiene el titulo del libro | filename/title contiene señal de portada: libro | proporcion vertical compatible con portada | dimensiones razonables para cover | contiene señal de foto de autor: autor
book:cartas a diego reflexiones sobre un nacimiento,Cartas a Diego – Reflexiones sobre un nacimiento,1431,Francisco Marín Vargas,1039,https://editoriallarueca.com/wp-content/uploads/w_POLLOS_maq2_portada_OK2_sinmarcas.jpg,w_POLLOS_maq2_portada_OK2_sinmarcas.jpg,w_POLLOS_maq2_portada_OK2_sinmarcas,500,731,0.684,38,low,filename/title contiene señal de portada: portada | proporcion vertical compatible con portada | dimensiones razonables para cover
book:cartas a diego reflexiones sobre un nacimiento,Cartas a Diego – Reflexiones sobre un nacimiento,1431,Francisco Marín Vargas,1045,https://editoriallarueca.com/wp-content/uploads/W_portada-3.jpg,W_portada-3.jpg,MatamedeFrenteAmazon004,500,738,0.678,38,low,filename/title contiene señal de portada: portada | proporcion vertical compatible con portada | dimensiones razonables para cover
book:cartas a diego reflexiones sobre un nacimiento,Cartas a Diego – Reflexiones sobre un nacimiento,1431,Francisco Marín Vargas,1176,https://editoriallarueca.com/wp-content/uploads/w_portada_lamuerte.jpg,w_portada_lamuerte.jpg,978-84-19865-47-2_cvs,500,744,0.672,38,low,filename/title contiene señal de portada: portada | proporcion vertical compatible con portada | dimensiones razonables para cover
book:cartas a diego reflexiones sobre un nacimiento,Cartas a Diego – Reflexiones sobre un nacimiento,1431,Francisco Marín Vargas,1201,https://editoriallarueca.com/wp-content/uploads/w_978-84-19865-40-3_CUBIERTA.jpg,w_978-84-19865-40-3_CUBIERTA.jpg,w_978-84-19865-40-3_CUBIERTA,500,738,0.678,38,low,filename/title contiene señal de portada: cubierta | proporcion vertical compatible con portada | dimensiones razonables para cover
book:amor amor,Amor = Amor,1435,Eduardo Arigüel Boluda,1434,https://editoriallarueca.com/wp-content/uploads/w_PortadaAmorAmor.jpg,w_PortadaAmorAmor.jpg,w_PortadaAmorAmor,500,819,0.611,130,high,filename contiene el titulo del libro | attachment title contiene el titulo del libro | slug contiene el titulo del libro | proporcion vertical compatible con portada | dimensiones razonables para cover
book:amor amor,Amor = Amor,1435,Eduardo Arigüel Boluda,1436,https://editoriallarueca.com/wp-content/uploads/mockUpAmorAmor.jpg,mockUpAmorAmor.jpg,mockUpAmorAmor,2000,1333,1.5,94,high,filename contiene el titulo del libro | attachment title contiene el titulo del libro | slug contiene el titulo del libro | imagen horizontal o panoramica
book:amor amor,Amor = Amor,1435,Eduardo Arigüel Boluda,1039,https://editoriallarueca.com/wp-content/uploads/w_POLLOS_maq2_portada_OK2_sinmarcas.jpg,w_POLLOS_maq2_portada_OK2_sinmarcas.jpg,w_POLLOS_maq2_portada_OK2_sinmarcas,500,731,0.684,38,low,filename/title contiene señal de portada: portada | proporcion vertical compatible con portada | dimensiones razonables para cover
book:amor amor,Amor = Amor,1435,Eduardo Arigüel Boluda,1045,https://editoriallarueca.com/wp-content/uploads/W_portada-3.jpg,W_portada-3.jpg,MatamedeFrenteAmazon004,500,738,0.678,38,low,filename/title contiene señal de portada: portada | proporcion vertical compatible con portada | dimensiones razonables para cover
book:amor amor,Amor = Amor,1435,Eduardo Arigüel Boluda,1176,https://editoriallarueca.com/wp-content/uploads/w_portada_lamuerte.jpg,w_portada_lamuerte.jpg,978-84-19865-47-2_cvs,500,744,0.672,38,low,filename/title contiene señal de portada: portada | proporcion vertical compatible con portada | dimensiones razonables para cover
book:rodrigo se fue a otro lugar,Rodrigo se fue a otro lugar,1454,Daniela Corao y Bárbara Mila,1039,https://editoriallarueca.com/wp-content/uploads/w_POLLOS_maq2_portada_OK2_sinmarcas.jpg,w_POLLOS_maq2_portada_OK2_sinmarcas.jpg,w_POLLOS_maq2_portada_OK2_sinmarcas,500,731,0.684,38,low,filename/title contiene señal de portada: portada | proporcion vertical compatible con portada | dimensiones razonables para cover
book:rodrigo se fue a otro lugar,Rodrigo se fue a otro lugar,1454,Daniela Corao y Bárbara Mila,1045,https://editoriallarueca.com/wp-content/uploads/W_portada-3.jpg,W_portada-3.jpg,MatamedeFrenteAmazon004,500,738,0.678,38,low,filename/title contiene señal de portada: portada | proporcion vertical compatible con portada | dimensiones razonables para cover
book:rodrigo se fue a otro lugar,Rodrigo se fue a otro lugar,1454,Daniela Corao y Bárbara Mila,1176,https://editoriallarueca.com/wp-content/uploads/w_portada_lamuerte.jpg,w_portada_lamuerte.jpg,978-84-19865-47-2_cvs,500,744,0.672,38,low,filename/title contiene señal de portada: portada | proporcion vertical compatible con portada | dimensiones razonables para cover
book:rodrigo se fue a otro lugar,Rodrigo se fue a otro lugar,1454,Daniela Corao y Bárbara Mila,1201,https://editoriallarueca.com/wp-content/uploads/w_978-84-19865-40-3_CUBIERTA.jpg,w_978-84-19865-40-3_CUBIERTA.jpg,w_978-84-19865-40-3_CUBIERTA,500,738,0.678,38,low,filename/title contiene señal de portada: cubierta | proporcion vertical compatible con portada | dimensiones razonables para cover
book:rodrigo se fue a otro lugar,Rodrigo se fue a otro lugar,1454,Daniela Corao y Bárbara Mila,1229,https://editoriallarueca.com/wp-content/uploads/w_Estasimo-portada.jpg,w_Estasimo-portada.jpg,w_Estásimo - portada,500,700,0.714,38,low,filename/title contiene señal de portada: portada | proporcion vertical compatible con portada | dimensiones razonables para cover
book:una escuela de musica, Una escuela de música,1457,Juan José Velasco Sánchez-Mayoral,3011,https://editoriallarueca.com/wp-content/uploads/Libro_Una-escuela-de-musica_Autor_-Juan-Jose-Velasco-Sanchez-Mayoral_Genero-FA_Editorial-la-Rueca.jpg,Libro_Una-escuela-de-musica_Autor_-Juan-Jose-Velasco-Sanchez-Mayoral_Genero-FA_Editorial-la-Rueca.jpg,Libro_Una escuela de música_Autor_ Juan José Velasco Sánchez-Mayoral_Género FA_Editorial la Rueca,500,741,0.675,118,high,filename contiene el titulo del libro | attachment title contiene el titulo del libro | slug contiene el titulo del libro | filename/title contiene señal de portada: libro | proporcion vertical compatible con portada | dimensiones razonables para cover | contiene señal de foto de autor: autor
book:una escuela de musica, Una escuela de música,1457,Juan José Velasco Sánchez-Mayoral,1039,https://editoriallarueca.com/wp-content/uploads/w_POLLOS_maq2_portada_OK2_sinmarcas.jpg,w_POLLOS_maq2_portada_OK2_sinmarcas.jpg,w_POLLOS_maq2_portada_OK2_sinmarcas,500,731,0.684,38,low,filename/title contiene señal de portada: portada | proporcion vertical compatible con portada | dimensiones razonables para cover
book:una escuela de musica, Una escuela de música,1457,Juan José Velasco Sánchez-Mayoral,1045,https://editoriallarueca.com/wp-content/uploads/W_portada-3.jpg,W_portada-3.jpg,MatamedeFrenteAmazon004,500,738,0.678,38,low,filename/title contiene señal de portada: portada | proporcion vertical compatible con portada | dimensiones razonables para cover
book:una escuela de musica, Una escuela de música,1457,Juan José Velasco Sánchez-Mayoral,1176,https://editoriallarueca.com/wp-content/uploads/w_portada_lamuerte.jpg,w_portada_lamuerte.jpg,978-84-19865-47-2_cvs,500,744,0.672,38,low,filename/title contiene señal de portada: portada | proporcion vertical compatible con portada | dimensiones razonables para cover
book:una escuela de musica, Una escuela de música,1457,Juan José Velasco Sánchez-Mayoral,1201,https://editoriallarueca.com/wp-content/uploads/w_978-84-19865-40-3_CUBIERTA.jpg,w_978-84-19865-40-3_CUBIERTA.jpg,w_978-84-19865-40-3_CUBIERTA,500,738,0.678,38,low,filename/title contiene señal de portada: cubierta | proporcion vertical compatible con portada | dimensiones razonables para cover
book:la ultima carta,La última carta,1473,Alonso Cruz León,3007,https://editoriallarueca.com/wp-content/uploads/Libro_La-ultima-carta_Autor_Alonso-Cruz-Leon_Genero-HP-Editorial-la-Rueca.jpg,Libro_La-ultima-carta_Autor_Alonso-Cruz-Leon_Genero-HP-Editorial-la-Rueca.jpg,Libro_La última carta_Autor_Alonso Cruz León_Género (HP) Editorial la Rueca,500,710,0.704,118,high,filename contiene el titulo del libro | attachment title contiene el titulo del libro | slug contiene el titulo del libro | filename/title contiene señal de portada: libro | proporcion vertical compatible con portada | dimensiones razonables para cover | contiene señal de foto de autor: autor
book:la ultima carta,La última carta,1473,Alonso Cruz León,1039,https://editoriallarueca.com/wp-content/uploads/w_POLLOS_maq2_portada_OK2_sinmarcas.jpg,w_POLLOS_maq2_portada_OK2_sinmarcas.jpg,w_POLLOS_maq2_portada_OK2_sinmarcas,500,731,0.684,38,low,filename/title contiene señal de portada: portada | proporcion vertical compatible con portada | dimensiones razonables para cover
book:la ultima carta,La última carta,1473,Alonso Cruz León,1045,https://editoriallarueca.com/wp-content/uploads/W_portada-3.jpg,W_portada-3.jpg,MatamedeFrenteAmazon004,500,738,0.678,38,low,filename/title contiene señal de portada: portada | proporcion vertical compatible con portada | dimensiones razonables para cover
book:la ultima carta,La última carta,1473,Alonso Cruz León,1176,https://editoriallarueca.com/wp-content/uploads/w_portada_lamuerte.jpg,w_portada_lamuerte.jpg,978-84-19865-47-2_cvs,500,744,0.672,38,low,filename/title contiene señal de portada: portada | proporcion vertical compatible con portada | dimensiones razonables para cover
book:la ultima carta,La última carta,1473,Alonso Cruz León,1201,https://editoriallarueca.com/wp-content/uploads/w_978-84-19865-40-3_CUBIERTA.jpg,w_978-84-19865-40-3_CUBIERTA.jpg,w_978-84-19865-40-3_CUBIERTA,500,738,0.678,38,low,filename/title contiene señal de portada: cubierta | proporcion vertical compatible con portada | dimensiones razonables para cover
book:arcanum la tora de minerva,ARCANUM – La torá de Minerva,1483,Minerva Buiza,3006,https://editoriallarueca.com/wp-content/uploads/Libro_Arcanum–La-tora-de-Minerva_Autora_Minerva-Buiza_Genero-VXFC1-Editorial-la-Rueca.jpg,Libro_Arcanum–La-tora-de-Minerva_Autora_Minerva-Buiza_Genero-VXFC1-Editorial-la-Rueca.jpg,Libro_Arcanum–La torá de Minerva_Autora_Minerva Buiza_Género (VXFC1) Editorial la Rueca,500,728,0.687,148,high,filename contiene el titulo del libro | attachment title contiene el titulo del libro | slug contiene el titulo del libro | filename/title contiene señal de portada: libro | proporcion vertical compatible con portada | dimensiones razonables para cover
book:arcanum la tora de minerva,ARCANUM – La torá de Minerva,1483,Minerva Buiza,1039,https://editoriallarueca.com/wp-content/uploads/w_POLLOS_maq2_portada_OK2_sinmarcas.jpg,w_POLLOS_maq2_portada_OK2_sinmarcas.jpg,w_POLLOS_maq2_portada_OK2_sinmarcas,500,731,0.684,38,low,filename/title contiene señal de portada: portada | proporcion vertical compatible con portada | dimensiones razonables para cover
book:arcanum la tora de minerva,ARCANUM – La torá de Minerva,1483,Minerva Buiza,1045,https://editoriallarueca.com/wp-content/uploads/W_portada-3.jpg,W_portada-3.jpg,MatamedeFrenteAmazon004,500,738,0.678,38,low,filename/title contiene señal de portada: portada | proporcion vertical compatible con portada | dimensiones razonables para cover
book:arcanum la tora de minerva,ARCANUM – La torá de Minerva,1483,Minerva Buiza,1176,https://editoriallarueca.com/wp-content/uploads/w_portada_lamuerte.jpg,w_portada_lamuerte.jpg,978-84-19865-47-2_cvs,500,744,0.672,38,low,filename/title contiene señal de portada: portada | proporcion vertical compatible con portada | dimensiones razonables para cover
book:arcanum la tora de minerva,ARCANUM – La torá de Minerva,1483,Minerva Buiza,1201,https://editoriallarueca.com/wp-content/uploads/w_978-84-19865-40-3_CUBIERTA.jpg,w_978-84-19865-40-3_CUBIERTA.jpg,w_978-84-19865-40-3_CUBIERTA,500,738,0.678,38,low,filename/title contiene señal de portada: cubierta | proporcion vertical compatible con portada | dimensiones razonables para cover
book:de origine nostra fatum nostrum,De Origine Nostra Fatum Nostrum,1518,Raimundo del Valle,1039,https://editoriallarueca.com/wp-content/uploads/w_POLLOS_maq2_portada_OK2_sinmarcas.jpg,w_POLLOS_maq2_portada_OK2_sinmarcas.jpg,w_POLLOS_maq2_portada_OK2_sinmarcas,500,731,0.684,38,low,filename/title contiene señal de portada: portada | proporcion vertical compatible con portada | dimensiones razonables para cover
book:de origine nostra fatum nostrum,De Origine Nostra Fatum Nostrum,1518,Raimundo del Valle,1045,https://editoriallarueca.com/wp-content/uploads/W_portada-3.jpg,W_portada-3.jpg,MatamedeFrenteAmazon004,500,738,0.678,38,low,filename/title contiene señal de portada: portada | proporcion vertical compatible con portada | dimensiones razonables para cover
book:de origine nostra fatum nostrum,De Origine Nostra Fatum Nostrum,1518,Raimundo del Valle,1176,https://editoriallarueca.com/wp-content/uploads/w_portada_lamuerte.jpg,w_portada_lamuerte.jpg,978-84-19865-47-2_cvs,500,744,0.672,38,low,filename/title contiene señal de portada: portada | proporcion vertical compatible con portada | dimensiones razonables para cover
book:de origine nostra fatum nostrum,De Origine Nostra Fatum Nostrum,1518,Raimundo del Valle,1201,https://editoriallarueca.com/wp-content/uploads/w_978-84-19865-40-3_CUBIERTA.jpg,w_978-84-19865-40-3_CUBIERTA.jpg,w_978-84-19865-40-3_CUBIERTA,500,738,0.678,38,low,filename/title contiene señal de portada: cubierta | proporcion vertical compatible con portada | dimensiones razonables para cover
book:de origine nostra fatum nostrum,De Origine Nostra Fatum Nostrum,1518,Raimundo del Valle,1229,https://editoriallarueca.com/wp-content/uploads/w_Estasimo-portada.jpg,w_Estasimo-portada.jpg,w_Estásimo - portada,500,700,0.714,38,low,filename/title contiene señal de portada: portada | proporcion vertical compatible con portada | dimensiones razonables para cover
book:estrategias educativas a traves del teatro musical experiencias y propuesta metodologica del taller de musicales volumen 1 seleccion de titulos para el aula analisis cinematografico y escenico,ESTRATEGIAS EDUCATIVAS A TRAVÉS DEL TEATRO MUSICAL - Experiencias y propuesta metodológica del “Taller de Musicales” Volumen 1 Selección de títulos para el aula: Análisis cinematográfico y escénico.,1526,Sara Sánchez Prieto,1039,https://editoriallarueca.com/wp-content/uploads/w_POLLOS_maq2_portada_OK2_sinmarcas.jpg,w_POLLOS_maq2_portada_OK2_sinmarcas.jpg,w_POLLOS_maq2_portada_OK2_sinmarcas,500,731,0.684,38,low,filename/title contiene señal de portada: portada | proporcion vertical compatible con portada | dimensiones razonables para cover
book:estrategias educativas a traves del teatro musical experiencias y propuesta metodologica del taller de musicales volumen 1 seleccion de titulos para el aula analisis cinematografico y escenico,ESTRATEGIAS EDUCATIVAS A TRAVÉS DEL TEATRO MUSICAL - Experiencias y propuesta metodológica del “Taller de Musicales” Volumen 1 Selección de títulos para el aula: Análisis cinematográfico y escénico.,1526,Sara Sánchez Prieto,1045,https://editoriallarueca.com/wp-content/uploads/W_portada-3.jpg,W_portada-3.jpg,MatamedeFrenteAmazon004,500,738,0.678,38,low,filename/title contiene señal de portada: portada | proporcion vertical compatible con portada | dimensiones razonables para cover
book:estrategias educativas a traves del teatro musical experiencias y propuesta metodologica del taller de musicales volumen 1 seleccion de titulos para el aula analisis cinematografico y escenico,ESTRATEGIAS EDUCATIVAS A TRAVÉS DEL TEATRO MUSICAL - Experiencias y propuesta metodológica del “Taller de Musicales” Volumen 1 Selección de títulos para el aula: Análisis cinematográfico y escénico.,1526,Sara Sánchez Prieto,1176,https://editoriallarueca.com/wp-content/uploads/w_portada_lamuerte.jpg,w_portada_lamuerte.jpg,978-84-19865-47-2_cvs,500,744,0.672,38,low,filename/title contiene señal de portada: portada | proporcion vertical compatible con portada | dimensiones razonables para cover
book:estrategias educativas a traves del teatro musical experiencias y propuesta metodologica del taller de musicales volumen 1 seleccion de titulos para el aula analisis cinematografico y escenico,ESTRATEGIAS EDUCATIVAS A TRAVÉS DEL TEATRO MUSICAL - Experiencias y propuesta metodológica del “Taller de Musicales” Volumen 1 Selección de títulos para el aula: Análisis cinematográfico y escénico.,1526,Sara Sánchez Prieto,1201,https://editoriallarueca.com/wp-content/uploads/w_978-84-19865-40-3_CUBIERTA.jpg,w_978-84-19865-40-3_CUBIERTA.jpg,w_978-84-19865-40-3_CUBIERTA,500,738,0.678,38,low,filename/title contiene señal de portada: cubierta | proporcion vertical compatible con portada | dimensiones razonables para cover
book:estrategias educativas a traves del teatro musical experiencias y propuesta metodologica del taller de musicales volumen 1 seleccion de titulos para el aula analisis cinematografico y escenico,ESTRATEGIAS EDUCATIVAS A TRAVÉS DEL TEATRO MUSICAL - Experiencias y propuesta metodológica del “Taller de Musicales” Volumen 1 Selección de títulos para el aula: Análisis cinematográfico y escénico.,1526,Sara Sánchez Prieto,1229,https://editoriallarueca.com/wp-content/uploads/w_Estasimo-portada.jpg,w_Estasimo-portada.jpg,w_Estásimo - portada,500,700,0.714,38,low,filename/title contiene señal de portada: portada | proporcion vertical compatible con portada | dimensiones razonables para cover
book:dias de galerna,Días de Galerna,1539,Rodrigo Vázquez,3003,https://editoriallarueca.com/wp-content/uploads/Libro_Dias-de-Galerna_Autor_Rodrigo-Vazquez_Genero-WT-Editorial-la-Rueca-.jpg,Libro_Dias-de-Galerna_Autor_Rodrigo-Vazquez_Genero-WT-Editorial-la-Rueca--scaled.jpg,Libro_Dias de Galerna_Autor_Rodrigo Vázquez_Género (WT) Editorial la Rueca,1812,2560,0.708,118,high,filename contiene el titulo del libro | attachment title contiene el titulo del libro | slug contiene el titulo del libro | filename/title contiene señal de portada: libro | proporcion vertical compatible con portada | dimensiones razonables para cover | contiene señal de foto de autor: autor
book:dias de galerna,Días de Galerna,1539,Rodrigo Vázquez,1039,https://editoriallarueca.com/wp-content/uploads/w_POLLOS_maq2_portada_OK2_sinmarcas.jpg,w_POLLOS_maq2_portada_OK2_sinmarcas.jpg,w_POLLOS_maq2_portada_OK2_sinmarcas,500,731,0.684,38,low,filename/title contiene señal de portada: portada | proporcion vertical compatible con portada | dimensiones razonables para cover
book:dias de galerna,Días de Galerna,1539,Rodrigo Vázquez,1045,https://editoriallarueca.com/wp-content/uploads/W_portada-3.jpg,W_portada-3.jpg,MatamedeFrenteAmazon004,500,738,0.678,38,low,filename/title contiene señal de portada: portada | proporcion vertical compatible con portada | dimensiones razonables para cover
book:dias de galerna,Días de Galerna,1539,Rodrigo Vázquez,1176,https://editoriallarueca.com/wp-content/uploads/w_portada_lamuerte.jpg,w_portada_lamuerte.jpg,978-84-19865-47-2_cvs,500,744,0.672,38,low,filename/title contiene señal de portada: portada | proporcion vertical compatible con portada | dimensiones razonables para cover
book:dias de galerna,Días de Galerna,1539,Rodrigo Vázquez,1201,https://editoriallarueca.com/wp-content/uploads/w_978-84-19865-40-3_CUBIERTA.jpg,w_978-84-19865-40-3_CUBIERTA.jpg,w_978-84-19865-40-3_CUBIERTA,500,738,0.678,38,low,filename/title contiene señal de portada: cubierta | proporcion vertical compatible con portada | dimensiones razonables para cover
book:monedas del corazon,Monedas del corazón,1548,Jesús Adame Ardila,1039,https://editoriallarueca.com/wp-content/uploads/w_POLLOS_maq2_portada_OK2_sinmarcas.jpg,w_POLLOS_maq2_portada_OK2_sinmarcas.jpg,w_POLLOS_maq2_portada_OK2_sinmarcas,500,731,0.684,38,low,filename/title contiene señal de portada: portada | proporcion vertical compatible con portada | dimensiones razonables para cover
book:monedas del corazon,Monedas del corazón,1548,Jesús Adame Ardila,1045,https://editoriallarueca.com/wp-content/uploads/W_portada-3.jpg,W_portada-3.jpg,MatamedeFrenteAmazon004,500,738,0.678,38,low,filename/title contiene señal de portada: portada | proporcion vertical compatible con portada | dimensiones razonables para cover
book:monedas del corazon,Monedas del corazón,1548,Jesús Adame Ardila,1176,https://editoriallarueca.com/wp-content/uploads/w_portada_lamuerte.jpg,w_portada_lamuerte.jpg,978-84-19865-47-2_cvs,500,744,0.672,38,low,filename/title contiene señal de portada: portada | proporcion vertical compatible con portada | dimensiones razonables para cover
book:monedas del corazon,Monedas del corazón,1548,Jesús Adame Ardila,1201,https://editoriallarueca.com/wp-content/uploads/w_978-84-19865-40-3_CUBIERTA.jpg,w_978-84-19865-40-3_CUBIERTA.jpg,w_978-84-19865-40-3_CUBIERTA,500,738,0.678,38,low,filename/title contiene señal de portada: cubierta | proporcion vertical compatible con portada | dimensiones razonables para cover
book:monedas del corazon,Monedas del corazón,1548,Jesús Adame Ardila,1229,https://editoriallarueca.com/wp-content/uploads/w_Estasimo-portada.jpg,w_Estasimo-portada.jpg,w_Estásimo - portada,500,700,0.714,38,low,filename/title contiene señal de portada: portada | proporcion vertical compatible con portada | dimensiones razonables para cover
book:famosa gabardina azul,Famosa Gabardina Azul,1560,Guillermo Martínez Schrem,3001,https://editoriallarueca.com/wp-content/uploads/Libro_Famosa-gabardina-azul_Autor_Guillermo-M.-Schrem_Genero-FA-Editorial-la-Rueca.jpg,Libro_Famosa-gabardina-azul_Autor_Guillermo-M.-Schrem_Genero-FA-Editorial-la-Rueca.jpg,979-13-87525-06-4_cub,500,700,0.714,50,medium,filename contiene el titulo del libro | filename/title contiene señal de portada: libro | proporcion vertical compatible con portada | dimensiones razonables para cover | contiene señal de foto de autor: autor
book:famosa gabardina azul,Famosa Gabardina Azul,1560,Guillermo Martínez Schrem,1039,https://editoriallarueca.com/wp-content/uploads/w_POLLOS_maq2_portada_OK2_sinmarcas.jpg,w_POLLOS_maq2_portada_OK2_sinmarcas.jpg,w_POLLOS_maq2_portada_OK2_sinmarcas,500,731,0.684,38,low,filename/title contiene señal de portada: portada | proporcion vertical compatible con portada | dimensiones razonables para cover
book:famosa gabardina azul,Famosa Gabardina Azul,1560,Guillermo Martínez Schrem,1045,https://editoriallarueca.com/wp-content/uploads/W_portada-3.jpg,W_portada-3.jpg,MatamedeFrenteAmazon004,500,738,0.678,38,low,filename/title contiene señal de portada: portada | proporcion vertical compatible con portada | dimensiones razonables para cover
book:famosa gabardina azul,Famosa Gabardina Azul,1560,Guillermo Martínez Schrem,1176,https://editoriallarueca.com/wp-content/uploads/w_portada_lamuerte.jpg,w_portada_lamuerte.jpg,978-84-19865-47-2_cvs,500,744,0.672,38,low,filename/title contiene señal de portada: portada | proporcion vertical compatible con portada | dimensiones razonables para cover
book:famosa gabardina azul,Famosa Gabardina Azul,1560,Guillermo Martínez Schrem,1201,https://editoriallarueca.com/wp-content/uploads/w_978-84-19865-40-3_CUBIERTA.jpg,w_978-84-19865-40-3_CUBIERTA.jpg,w_978-84-19865-40-3_CUBIERTA,500,738,0.678,38,low,filename/title contiene señal de portada: cubierta | proporcion vertical compatible con portada | dimensiones razonables para cover
book:el poderoso sir tristan en la saga del prince valiant 1937 1971 de harold foster la apoteosis medieval de un arte contemporaneo, El poderoso Sir Tristán en la Saga del Prince Valiant (1937-1971) de Harold Foster. La apoteosis medieval de un arte contemporáneo.,1569,José Carlos Ríos Camacho,1039,https://editoriallarueca.com/wp-content/uploads/w_POLLOS_maq2_portada_OK2_sinmarcas.jpg,w_POLLOS_maq2_portada_OK2_sinmarcas.jpg,w_POLLOS_maq2_portada_OK2_sinmarcas,500,731,0.684,38,low,filename/title contiene señal de portada: portada | proporcion vertical compatible con portada | dimensiones razonables para cover
book:el poderoso sir tristan en la saga del prince valiant 1937 1971 de harold foster la apoteosis medieval de un arte contemporaneo, El poderoso Sir Tristán en la Saga del Prince Valiant (1937-1971) de Harold Foster. La apoteosis medieval de un arte contemporáneo.,1569,José Carlos Ríos Camacho,1045,https://editoriallarueca.com/wp-content/uploads/W_portada-3.jpg,W_portada-3.jpg,MatamedeFrenteAmazon004,500,738,0.678,38,low,filename/title contiene señal de portada: portada | proporcion vertical compatible con portada | dimensiones razonables para cover
book:el poderoso sir tristan en la saga del prince valiant 1937 1971 de harold foster la apoteosis medieval de un arte contemporaneo, El poderoso Sir Tristán en la Saga del Prince Valiant (1937-1971) de Harold Foster. La apoteosis medieval de un arte contemporáneo.,1569,José Carlos Ríos Camacho,1176,https://editoriallarueca.com/wp-content/uploads/w_portada_lamuerte.jpg,w_portada_lamuerte.jpg,978-84-19865-47-2_cvs,500,744,0.672,38,low,filename/title contiene señal de portada: portada | proporcion vertical compatible con portada | dimensiones razonables para cover
book:el poderoso sir tristan en la saga del prince valiant 1937 1971 de harold foster la apoteosis medieval de un arte contemporaneo, El poderoso Sir Tristán en la Saga del Prince Valiant (1937-1971) de Harold Foster. La apoteosis medieval de un arte contemporáneo.,1569,José Carlos Ríos Camacho,1201,https://editoriallarueca.com/wp-content/uploads/w_978-84-19865-40-3_CUBIERTA.jpg,w_978-84-19865-40-3_CUBIERTA.jpg,w_978-84-19865-40-3_CUBIERTA,500,738,0.678,38,low,filename/title contiene señal de portada: cubierta | proporcion vertical compatible con portada | dimensiones razonables para cover
book:el poderoso sir tristan en la saga del prince valiant 1937 1971 de harold foster la apoteosis medieval de un arte contemporaneo, El poderoso Sir Tristán en la Saga del Prince Valiant (1937-1971) de Harold Foster. La apoteosis medieval de un arte contemporáneo.,1569,José Carlos Ríos Camacho,1229,https://editoriallarueca.com/wp-content/uploads/w_Estasimo-portada.jpg,w_Estasimo-portada.jpg,w_Estásimo - portada,500,700,0.714,38,low,filename/title contiene señal de portada: portada | proporcion vertical compatible con portada | dimensiones razonables para cover
book:la lista de tareas de mi profe jose,La lista de tareas de mi profe Jose,1578,Carlos José Olmedo Batista | Carlos José Olmedo Batista,3030,https://editoriallarueca.com/wp-content/uploads/Libro-La-lista-de-tareas-de-mi-profe-Jose_Aurtor_Carlos-Jose-Olmedo-Batista_Genero-Libro-Infantil.jpg,Libro-La-lista-de-tareas-de-mi-profe-Jose_Aurtor_Carlos-Jose-Olmedo-Batista_Genero-Libro-Infantil.jpg,CUBIERTAS LA LISTA DE TAREAS2.indd,500,735,0.68,80,high,filename contiene el titulo del libro | filename/title contiene señal de portada: libro | proporcion vertical compatible con portada | dimensiones razonables para cover
book:la lista de tareas de mi profe jose,La lista de tareas de mi profe Jose,1578,Carlos José Olmedo Batista | Carlos José Olmedo Batista,1039,https://editoriallarueca.com/wp-content/uploads/w_POLLOS_maq2_portada_OK2_sinmarcas.jpg,w_POLLOS_maq2_portada_OK2_sinmarcas.jpg,w_POLLOS_maq2_portada_OK2_sinmarcas,500,731,0.684,38,low,filename/title contiene señal de portada: portada | proporcion vertical compatible con portada | dimensiones razonables para cover
book:la lista de tareas de mi profe jose,La lista de tareas de mi profe Jose,1578,Carlos José Olmedo Batista | Carlos José Olmedo Batista,1045,https://editoriallarueca.com/wp-content/uploads/W_portada-3.jpg,W_portada-3.jpg,MatamedeFrenteAmazon004,500,738,0.678,38,low,filename/title contiene señal de portada: portada | proporcion vertical compatible con portada | dimensiones razonables para cover
book:la lista de tareas de mi profe jose,La lista de tareas de mi profe Jose,1578,Carlos José Olmedo Batista | Carlos José Olmedo Batista,1176,https://editoriallarueca.com/wp-content/uploads/w_portada_lamuerte.jpg,w_portada_lamuerte.jpg,978-84-19865-47-2_cvs,500,744,0.672,38,low,filename/title contiene señal de portada: portada | proporcion vertical compatible con portada | dimensiones razonables para cover
book:la lista de tareas de mi profe jose,La lista de tareas de mi profe Jose,1578,Carlos José Olmedo Batista | Carlos José Olmedo Batista,1201,https://editoriallarueca.com/wp-content/uploads/w_978-84-19865-40-3_CUBIERTA.jpg,w_978-84-19865-40-3_CUBIERTA.jpg,w_978-84-19865-40-3_CUBIERTA,500,738,0.678,38,low,filename/title contiene señal de portada: cubierta | proporcion vertical compatible con portada | dimensiones razonables para cover
book:christus verbo y verso segun un posadero,"Christus, verbo y verso según un posadero",1585,Ignacio Luis de Orduña Puebla,1587,https://editoriallarueca.com/wp-content/uploads/w_fotoPadreInaki.jpg,w_fotoPadreInaki.jpg,PORTADA Y CONTRAPORTADA.cdr,400,704,0.568,42,low,filename/title contiene señal de portada: portada | coincide con _thumbnail_id del registro legacy | proporcion vertical compatible con portada | dimensiones razonables para cover
book:christus verbo y verso segun un posadero,"Christus, verbo y verso según un posadero",1585,Ignacio Luis de Orduña Puebla,2998,https://editoriallarueca.com/wp-content/uploads/Libro_Christus-verbo-y-verso-segun-un-posadero_Autor_-Ignacio-Luis-de-Orduna-Puebla_Genero-DC-LaRue.jpg,Libro_Christus-verbo-y-verso-segun-un-posadero_Autor_-Ignacio-Luis-de-Orduna-Puebla_Genero-DC-LaRue.jpg,PORTADA Y CONTRAPORTADA.cdr,500,680,0.735,42,low,"filename contiene el titulo del libro | filename/title contiene señal de portada: portada, libro | proporcion vertical compatible con portada | contiene señal de foto de autor: autor"
book:christus verbo y verso segun un posadero,"Christus, verbo y verso según un posadero",1585,Ignacio Luis de Orduña Puebla,1039,https://editoriallarueca.com/wp-content/uploads/w_POLLOS_maq2_portada_OK2_sinmarcas.jpg,w_POLLOS_maq2_portada_OK2_sinmarcas.jpg,w_POLLOS_maq2_portada_OK2_sinmarcas,500,731,0.684,38,low,filename/title contiene señal de portada: portada | proporcion vertical compatible con portada | dimensiones razonables para cover
book:christus verbo y verso segun un posadero,"Christus, verbo y verso según un posadero",1585,Ignacio Luis de Orduña Puebla,1045,https://editoriallarueca.com/wp-content/uploads/W_portada-3.jpg,W_portada-3.jpg,MatamedeFrenteAmazon004,500,738,0.678,38,low,filename/title contiene señal de portada: portada | proporcion vertical compatible con portada | dimensiones razonables para cover
book:christus verbo y verso segun un posadero,"Christus, verbo y verso según un posadero",1585,Ignacio Luis de Orduña Puebla,1176,https://editoriallarueca.com/wp-content/uploads/w_portada_lamuerte.jpg,w_portada_lamuerte.jpg,978-84-19865-47-2_cvs,500,744,0.672,38,low,filename/title contiene señal de portada: portada | proporcion vertical compatible con portada | dimensiones razonables para cover
book:el valor de la amistad un viaje al pais de las nubes,El valor de la amistad – Un viaje al país de las Nubes,1602,Mari Carmen Gordillo González,2996,https://editoriallarueca.com/wp-content/uploads/Libro_El-valor-de-la-amistad-–-Un-viaje-al-pais-de-las-Nubes_Autora_Mari-Carmen-Gordillo-Gonzalez_Genero-YF-Editorial-la-Rueca.jpg,Libro_El-valor-de-la-amistad-–-Un-viaje-al-pais-de-las-Nubes_Autora_Mari-Carmen-Gordillo-Gonzalez_Genero-YF-Editorial-la-Rueca.jpg,978-84-19865-69-4 _cub,500,800,0.625,80,high,filename contiene el titulo del libro | filename/title contiene señal de portada: libro | proporcion vertical compatible con portada | dimensiones razonables para cover
book:el valor de la amistad un viaje al pais de las nubes,El valor de la amistad – Un viaje al país de las Nubes,1602,Mari Carmen Gordillo González,1039,https://editoriallarueca.com/wp-content/uploads/w_POLLOS_maq2_portada_OK2_sinmarcas.jpg,w_POLLOS_maq2_portada_OK2_sinmarcas.jpg,w_POLLOS_maq2_portada_OK2_sinmarcas,500,731,0.684,38,low,filename/title contiene señal de portada: portada | proporcion vertical compatible con portada | dimensiones razonables para cover
book:el valor de la amistad un viaje al pais de las nubes,El valor de la amistad – Un viaje al país de las Nubes,1602,Mari Carmen Gordillo González,1045,https://editoriallarueca.com/wp-content/uploads/W_portada-3.jpg,W_portada-3.jpg,MatamedeFrenteAmazon004,500,738,0.678,38,low,filename/title contiene señal de portada: portada | proporcion vertical compatible con portada | dimensiones razonables para cover
book:el valor de la amistad un viaje al pais de las nubes,El valor de la amistad – Un viaje al país de las Nubes,1602,Mari Carmen Gordillo González,1176,https://editoriallarueca.com/wp-content/uploads/w_portada_lamuerte.jpg,w_portada_lamuerte.jpg,978-84-19865-47-2_cvs,500,744,0.672,38,low,filename/title contiene señal de portada: portada | proporcion vertical compatible con portada | dimensiones razonables para cover
book:el valor de la amistad un viaje al pais de las nubes,El valor de la amistad – Un viaje al país de las Nubes,1602,Mari Carmen Gordillo González,1201,https://editoriallarueca.com/wp-content/uploads/w_978-84-19865-40-3_CUBIERTA.jpg,w_978-84-19865-40-3_CUBIERTA.jpg,w_978-84-19865-40-3_CUBIERTA,500,738,0.678,38,low,filename/title contiene señal de portada: cubierta | proporcion vertical compatible con portada | dimensiones razonables para cover
book:planes enlazados,Planes enlazados,1614,María Paredes,1612,https://editoriallarueca.com/wp-content/uploads/w_portadaPlanes.jpg,w_portadaPlanes.jpg,cub_PlanesEnlazados,1181,1701,0.694,88,high,attachment title contiene el titulo del libro | slug contiene el titulo del libro | proporcion vertical compatible con portada | dimensiones razonables para cover
book:planes enlazados,Planes enlazados,1614,María Paredes,1039,https://editoriallarueca.com/wp-content/uploads/w_POLLOS_maq2_portada_OK2_sinmarcas.jpg,w_POLLOS_maq2_portada_OK2_sinmarcas.jpg,w_POLLOS_maq2_portada_OK2_sinmarcas,500,731,0.684,38,low,filename/title contiene señal de portada: portada | proporcion vertical compatible con portada | dimensiones razonables para cover
book:planes enlazados,Planes enlazados,1614,María Paredes,1045,https://editoriallarueca.com/wp-content/uploads/W_portada-3.jpg,W_portada-3.jpg,MatamedeFrenteAmazon004,500,738,0.678,38,low,filename/title contiene señal de portada: portada | proporcion vertical compatible con portada | dimensiones razonables para cover
book:planes enlazados,Planes enlazados,1614,María Paredes,1176,https://editoriallarueca.com/wp-content/uploads/w_portada_lamuerte.jpg,w_portada_lamuerte.jpg,978-84-19865-47-2_cvs,500,744,0.672,38,low,filename/title contiene señal de portada: portada | proporcion vertical compatible con portada | dimensiones razonables para cover
book:planes enlazados,Planes enlazados,1614,María Paredes,1201,https://editoriallarueca.com/wp-content/uploads/w_978-84-19865-40-3_CUBIERTA.jpg,w_978-84-19865-40-3_CUBIERTA.jpg,w_978-84-19865-40-3_CUBIERTA,500,738,0.678,38,low,filename/title contiene señal de portada: cubierta | proporcion vertical compatible con portada | dimensiones razonables para cover
book:mariposas en el jardin,Mariposas en el jardín,1616,Sandra Sepúlveda López,1039,https://editoriallarueca.com/wp-content/uploads/w_POLLOS_maq2_portada_OK2_sinmarcas.jpg,w_POLLOS_maq2_portada_OK2_sinmarcas.jpg,w_POLLOS_maq2_portada_OK2_sinmarcas,500,731,0.684,38,low,filename/title contiene señal de portada: portada | proporcion vertical compatible con portada | dimensiones razonables para cover
book:mariposas en el jardin,Mariposas en el jardín,1616,Sandra Sepúlveda López,1045,https://editoriallarueca.com/wp-content/uploads/W_portada-3.jpg,W_portada-3.jpg,MatamedeFrenteAmazon004,500,738,0.678,38,low,filename/title contiene señal de portada: portada | proporcion vertical compatible con portada | dimensiones razonables para cover
book:mariposas en el jardin,Mariposas en el jardín,1616,Sandra Sepúlveda López,1176,https://editoriallarueca.com/wp-content/uploads/w_portada_lamuerte.jpg,w_portada_lamuerte.jpg,978-84-19865-47-2_cvs,500,744,0.672,38,low,filename/title contiene señal de portada: portada | proporcion vertical compatible con portada | dimensiones razonables para cover
book:mariposas en el jardin,Mariposas en el jardín,1616,Sandra Sepúlveda López,1201,https://editoriallarueca.com/wp-content/uploads/w_978-84-19865-40-3_CUBIERTA.jpg,w_978-84-19865-40-3_CUBIERTA.jpg,w_978-84-19865-40-3_CUBIERTA,500,738,0.678,38,low,filename/title contiene señal de portada: cubierta | proporcion vertical compatible con portada | dimensiones razonables para cover
book:mariposas en el jardin,Mariposas en el jardín,1616,Sandra Sepúlveda López,1229,https://editoriallarueca.com/wp-content/uploads/w_Estasimo-portada.jpg,w_Estasimo-portada.jpg,w_Estásimo - portada,500,700,0.714,38,low,filename/title contiene señal de portada: portada | proporcion vertical compatible con portada | dimensiones razonables para cover
book:metodo sah g maes 36 caminos de curacion para la mente el cuerpo y el espiritual,"Método Sah-G-Maes - 36 caminos de curación para la mente, el cuerpo y el espiritual",1633,Malva Luz,1039,https://editoriallarueca.com/wp-content/uploads/w_POLLOS_maq2_portada_OK2_sinmarcas.jpg,w_POLLOS_maq2_portada_OK2_sinmarcas.jpg,w_POLLOS_maq2_portada_OK2_sinmarcas,500,731,0.684,38,low,filename/title contiene señal de portada: portada | proporcion vertical compatible con portada | dimensiones razonables para cover
book:metodo sah g maes 36 caminos de curacion para la mente el cuerpo y el espiritual,"Método Sah-G-Maes - 36 caminos de curación para la mente, el cuerpo y el espiritual",1633,Malva Luz,1045,https://editoriallarueca.com/wp-content/uploads/W_portada-3.jpg,W_portada-3.jpg,MatamedeFrenteAmazon004,500,738,0.678,38,low,filename/title contiene señal de portada: portada | proporcion vertical compatible con portada | dimensiones razonables para cover
book:metodo sah g maes 36 caminos de curacion para la mente el cuerpo y el espiritual,"Método Sah-G-Maes - 36 caminos de curación para la mente, el cuerpo y el espiritual",1633,Malva Luz,1176,https://editoriallarueca.com/wp-content/uploads/w_portada_lamuerte.jpg,w_portada_lamuerte.jpg,978-84-19865-47-2_cvs,500,744,0.672,38,low,filename/title contiene señal de portada: portada | proporcion vertical compatible con portada | dimensiones razonables para cover
book:metodo sah g maes 36 caminos de curacion para la mente el cuerpo y el espiritual,"Método Sah-G-Maes - 36 caminos de curación para la mente, el cuerpo y el espiritual",1633,Malva Luz,1201,https://editoriallarueca.com/wp-content/uploads/w_978-84-19865-40-3_CUBIERTA.jpg,w_978-84-19865-40-3_CUBIERTA.jpg,w_978-84-19865-40-3_CUBIERTA,500,738,0.678,38,low,filename/title contiene señal de portada: cubierta | proporcion vertical compatible con portada | dimensiones razonables para cover
book:metodo sah g maes 36 caminos de curacion para la mente el cuerpo y el espiritual,"Método Sah-G-Maes - 36 caminos de curación para la mente, el cuerpo y el espiritual",1633,Malva Luz,1229,https://editoriallarueca.com/wp-content/uploads/w_Estasimo-portada.jpg,w_Estasimo-portada.jpg,w_Estásimo - portada,500,700,0.714,38,low,filename/title contiene señal de portada: portada | proporcion vertical compatible con portada | dimensiones razonables para cover
book:el musical como vehiculo de aprendizaje,EL MUSICAL COMO VEHÍCULO DE APRENDIZAJE,1644,Sara Sánchez Prieto,2992,https://editoriallarueca.com/wp-content/uploads/Libro_El-musical-como-vehiculo-de-aprendizaje_Autora_Sara-Sanchez-Prieto_Genero-ANC-Editorial-la-Rueca.jpg,Libro_El-musical-como-vehiculo-de-aprendizaje_Autora_Sara-Sanchez-Prieto_Genero-ANC-Editorial-la-Rueca.jpg,978-84-19865-97-7_cub,1181,1654,0.714,80,high,filename contiene el titulo del libro | filename/title contiene señal de portada: libro | proporcion vertical compatible con portada | dimensiones razonables para cover
book:el musical como vehiculo de aprendizaje,EL MUSICAL COMO VEHÍCULO DE APRENDIZAJE,1644,Sara Sánchez Prieto,1039,https://editoriallarueca.com/wp-content/uploads/w_POLLOS_maq2_portada_OK2_sinmarcas.jpg,w_POLLOS_maq2_portada_OK2_sinmarcas.jpg,w_POLLOS_maq2_portada_OK2_sinmarcas,500,731,0.684,38,low,filename/title contiene señal de portada: portada | proporcion vertical compatible con portada | dimensiones razonables para cover
book:el musical como vehiculo de aprendizaje,EL MUSICAL COMO VEHÍCULO DE APRENDIZAJE,1644,Sara Sánchez Prieto,1045,https://editoriallarueca.com/wp-content/uploads/W_portada-3.jpg,W_portada-3.jpg,MatamedeFrenteAmazon004,500,738,0.678,38,low,filename/title contiene señal de portada: portada | proporcion vertical compatible con portada | dimensiones razonables para cover
book:el musical como vehiculo de aprendizaje,EL MUSICAL COMO VEHÍCULO DE APRENDIZAJE,1644,Sara Sánchez Prieto,1176,https://editoriallarueca.com/wp-content/uploads/w_portada_lamuerte.jpg,w_portada_lamuerte.jpg,978-84-19865-47-2_cvs,500,744,0.672,38,low,filename/title contiene señal de portada: portada | proporcion vertical compatible con portada | dimensiones razonables para cover
book:el musical como vehiculo de aprendizaje,EL MUSICAL COMO VEHÍCULO DE APRENDIZAJE,1644,Sara Sánchez Prieto,1201,https://editoriallarueca.com/wp-content/uploads/w_978-84-19865-40-3_CUBIERTA.jpg,w_978-84-19865-40-3_CUBIERTA.jpg,w_978-84-19865-40-3_CUBIERTA,500,738,0.678,38,low,filename/title contiene señal de portada: cubierta | proporcion vertical compatible con portada | dimensiones razonables para cover
book:entre lineas reflejos de un tiempo convulso,"Entre líneas, reflejos de un tiempo convulso",1649,Juan Antonio Valero Casado,2991,https://editoriallarueca.com/wp-content/uploads/Libro_Entre-lineas-reflejos-de-un-tiempo-convulso_Autor_Juan-Antonio-Valero-Casado_Genero-DN-Editorioal-La-Rueca.jpg,Libro_Entre-lineas-reflejos-de-un-tiempo-convulso_Autor_Juan-Antonio-Valero-Casado_Genero-DN-Editorioal-La-Rueca.jpg,cub3_Reflejos,1103,1701,0.648,50,medium,filename contiene el titulo del libro | filename/title contiene señal de portada: libro | proporcion vertical compatible con portada | dimensiones razonables para cover | contiene señal de foto de autor: autor
book:entre lineas reflejos de un tiempo convulso,"Entre líneas, reflejos de un tiempo convulso",1649,Juan Antonio Valero Casado,1039,https://editoriallarueca.com/wp-content/uploads/w_POLLOS_maq2_portada_OK2_sinmarcas.jpg,w_POLLOS_maq2_portada_OK2_sinmarcas.jpg,w_POLLOS_maq2_portada_OK2_sinmarcas,500,731,0.684,38,low,filename/title contiene señal de portada: portada | proporcion vertical compatible con portada | dimensiones razonables para cover
book:entre lineas reflejos de un tiempo convulso,"Entre líneas, reflejos de un tiempo convulso",1649,Juan Antonio Valero Casado,1045,https://editoriallarueca.com/wp-content/uploads/W_portada-3.jpg,W_portada-3.jpg,MatamedeFrenteAmazon004,500,738,0.678,38,low,filename/title contiene señal de portada: portada | proporcion vertical compatible con portada | dimensiones razonables para cover
book:entre lineas reflejos de un tiempo convulso,"Entre líneas, reflejos de un tiempo convulso",1649,Juan Antonio Valero Casado,1176,https://editoriallarueca.com/wp-content/uploads/w_portada_lamuerte.jpg,w_portada_lamuerte.jpg,978-84-19865-47-2_cvs,500,744,0.672,38,low,filename/title contiene señal de portada: portada | proporcion vertical compatible con portada | dimensiones razonables para cover
book:entre lineas reflejos de un tiempo convulso,"Entre líneas, reflejos de un tiempo convulso",1649,Juan Antonio Valero Casado,1201,https://editoriallarueca.com/wp-content/uploads/w_978-84-19865-40-3_CUBIERTA.jpg,w_978-84-19865-40-3_CUBIERTA.jpg,w_978-84-19865-40-3_CUBIERTA,500,738,0.678,38,low,filename/title contiene señal de portada: cubierta | proporcion vertical compatible con portada | dimensiones razonables para cover
book:pajaro en el alambre,Pájaro en el alambre,1681,Guillermo Martínez Schrem,2985,https://editoriallarueca.com/wp-content/uploads/Libro_Pajaro-en-el-Alambre_Autor_Guillermo-M.-Schrem_Genero-FA-Editorial-la-Rueca.jpg,Libro_Pajaro-en-el-Alambre_Autor_Guillermo-M.-Schrem_Genero-FA-Editorial-la-Rueca-scaled.jpg,979-13-87525-20-0_cub,1747,2560,0.682,50,medium,filename contiene el titulo del libro | filename/title contiene señal de portada: libro | proporcion vertical compatible con portada | dimensiones razonables para cover | contiene señal de foto de autor: autor
book:pajaro en el alambre,Pájaro en el alambre,1681,Guillermo Martínez Schrem,1039,https://editoriallarueca.com/wp-content/uploads/w_POLLOS_maq2_portada_OK2_sinmarcas.jpg,w_POLLOS_maq2_portada_OK2_sinmarcas.jpg,w_POLLOS_maq2_portada_OK2_sinmarcas,500,731,0.684,38,low,filename/title contiene señal de portada: portada | proporcion vertical compatible con portada | dimensiones razonables para cover
book:pajaro en el alambre,Pájaro en el alambre,1681,Guillermo Martínez Schrem,1045,https://editoriallarueca.com/wp-content/uploads/W_portada-3.jpg,W_portada-3.jpg,MatamedeFrenteAmazon004,500,738,0.678,38,low,filename/title contiene señal de portada: portada | proporcion vertical compatible con portada | dimensiones razonables para cover
book:pajaro en el alambre,Pájaro en el alambre,1681,Guillermo Martínez Schrem,1176,https://editoriallarueca.com/wp-content/uploads/w_portada_lamuerte.jpg,w_portada_lamuerte.jpg,978-84-19865-47-2_cvs,500,744,0.672,38,low,filename/title contiene señal de portada: portada | proporcion vertical compatible con portada | dimensiones razonables para cover
book:pajaro en el alambre,Pájaro en el alambre,1681,Guillermo Martínez Schrem,1201,https://editoriallarueca.com/wp-content/uploads/w_978-84-19865-40-3_CUBIERTA.jpg,w_978-84-19865-40-3_CUBIERTA.jpg,w_978-84-19865-40-3_CUBIERTA,500,738,0.678,38,low,filename/title contiene señal de portada: cubierta | proporcion vertical compatible con portada | dimensiones razonables para cover
book:de los rollos del mar muerto a los de rodrigo de lares tomo 2,DE LOS ROLLOS DEL MAR MUERTO A LOS DE RODRIGO DE LARES  -TOMO 2-,1686,Antonio Valdeavero Ponce,1039,https://editoriallarueca.com/wp-content/uploads/w_POLLOS_maq2_portada_OK2_sinmarcas.jpg,w_POLLOS_maq2_portada_OK2_sinmarcas.jpg,w_POLLOS_maq2_portada_OK2_sinmarcas,500,731,0.684,38,low,filename/title contiene señal de portada: portada | proporcion vertical compatible con portada | dimensiones razonables para cover
book:de los rollos del mar muerto a los de rodrigo de lares tomo 2,DE LOS ROLLOS DEL MAR MUERTO A LOS DE RODRIGO DE LARES  -TOMO 2-,1686,Antonio Valdeavero Ponce,1045,https://editoriallarueca.com/wp-content/uploads/W_portada-3.jpg,W_portada-3.jpg,MatamedeFrenteAmazon004,500,738,0.678,38,low,filename/title contiene señal de portada: portada | proporcion vertical compatible con portada | dimensiones razonables para cover
book:de los rollos del mar muerto a los de rodrigo de lares tomo 2,DE LOS ROLLOS DEL MAR MUERTO A LOS DE RODRIGO DE LARES  -TOMO 2-,1686,Antonio Valdeavero Ponce,1176,https://editoriallarueca.com/wp-content/uploads/w_portada_lamuerte.jpg,w_portada_lamuerte.jpg,978-84-19865-47-2_cvs,500,744,0.672,38,low,filename/title contiene señal de portada: portada | proporcion vertical compatible con portada | dimensiones razonables para cover
book:de los rollos del mar muerto a los de rodrigo de lares tomo 2,DE LOS ROLLOS DEL MAR MUERTO A LOS DE RODRIGO DE LARES  -TOMO 2-,1686,Antonio Valdeavero Ponce,1201,https://editoriallarueca.com/wp-content/uploads/w_978-84-19865-40-3_CUBIERTA.jpg,w_978-84-19865-40-3_CUBIERTA.jpg,w_978-84-19865-40-3_CUBIERTA,500,738,0.678,38,low,filename/title contiene señal de portada: cubierta | proporcion vertical compatible con portada | dimensiones razonables para cover
book:de los rollos del mar muerto a los de rodrigo de lares tomo 2,DE LOS ROLLOS DEL MAR MUERTO A LOS DE RODRIGO DE LARES  -TOMO 2-,1686,Antonio Valdeavero Ponce,1229,https://editoriallarueca.com/wp-content/uploads/w_Estasimo-portada.jpg,w_Estasimo-portada.jpg,w_Estásimo - portada,500,700,0.714,38,low,filename/title contiene señal de portada: portada | proporcion vertical compatible con portada | dimensiones razonables para cover
book:otros oficios en moralzarzal,Otros Oficios en Moralzarzal,1712,Antonio López Hurtado (Zárate),2988,https://editoriallarueca.com/wp-content/uploads/Libro_Otros-Oficios-en-Moralzarzal_Autor_Antonio-Lopez-Hurtado_genero-GP-Editorial-la-Rueca.jpg,Libro_Otros-Oficios-en-Moralzarzal_Autor_Antonio-Lopez-Hurtado_genero-GP-Editorial-la-Rueca.jpg,979-13-87525-17-0_cub,1184,1710,0.692,50,medium,filename contiene el titulo del libro | filename/title contiene señal de portada: libro | proporcion vertical compatible con portada | dimensiones razonables para cover | contiene señal de foto de autor: autor
book:otros oficios en moralzarzal,Otros Oficios en Moralzarzal,1712,Antonio López Hurtado (Zárate),1039,https://editoriallarueca.com/wp-content/uploads/w_POLLOS_maq2_portada_OK2_sinmarcas.jpg,w_POLLOS_maq2_portada_OK2_sinmarcas.jpg,w_POLLOS_maq2_portada_OK2_sinmarcas,500,731,0.684,38,low,filename/title contiene señal de portada: portada | proporcion vertical compatible con portada | dimensiones razonables para cover
book:otros oficios en moralzarzal,Otros Oficios en Moralzarzal,1712,Antonio López Hurtado (Zárate),1045,https://editoriallarueca.com/wp-content/uploads/W_portada-3.jpg,W_portada-3.jpg,MatamedeFrenteAmazon004,500,738,0.678,38,low,filename/title contiene señal de portada: portada | proporcion vertical compatible con portada | dimensiones razonables para cover
book:otros oficios en moralzarzal,Otros Oficios en Moralzarzal,1712,Antonio López Hurtado (Zárate),1176,https://editoriallarueca.com/wp-content/uploads/w_portada_lamuerte.jpg,w_portada_lamuerte.jpg,978-84-19865-47-2_cvs,500,744,0.672,38,low,filename/title contiene señal de portada: portada | proporcion vertical compatible con portada | dimensiones razonables para cover
book:otros oficios en moralzarzal,Otros Oficios en Moralzarzal,1712,Antonio López Hurtado (Zárate),1201,https://editoriallarueca.com/wp-content/uploads/w_978-84-19865-40-3_CUBIERTA.jpg,w_978-84-19865-40-3_CUBIERTA.jpg,w_978-84-19865-40-3_CUBIERTA,500,738,0.678,38,low,filename/title contiene señal de portada: cubierta | proporcion vertical compatible con portada | dimensiones razonables para cover
book:libero mi alma con 131 angeles,Libero Mi Alma con 131 Ángeles,1722,Javier Galván Macarrón,1039,https://editoriallarueca.com/wp-content/uploads/w_POLLOS_maq2_portada_OK2_sinmarcas.jpg,w_POLLOS_maq2_portada_OK2_sinmarcas.jpg,w_POLLOS_maq2_portada_OK2_sinmarcas,500,731,0.684,38,low,filename/title contiene señal de portada: portada | proporcion vertical compatible con portada | dimensiones razonables para cover
book:libero mi alma con 131 angeles,Libero Mi Alma con 131 Ángeles,1722,Javier Galván Macarrón,1045,https://editoriallarueca.com/wp-content/uploads/W_portada-3.jpg,W_portada-3.jpg,MatamedeFrenteAmazon004,500,738,0.678,38,low,filename/title contiene señal de portada: portada | proporcion vertical compatible con portada | dimensiones razonables para cover
book:libero mi alma con 131 angeles,Libero Mi Alma con 131 Ángeles,1722,Javier Galván Macarrón,1176,https://editoriallarueca.com/wp-content/uploads/w_portada_lamuerte.jpg,w_portada_lamuerte.jpg,978-84-19865-47-2_cvs,500,744,0.672,38,low,filename/title contiene señal de portada: portada | proporcion vertical compatible con portada | dimensiones razonables para cover
book:libero mi alma con 131 angeles,Libero Mi Alma con 131 Ángeles,1722,Javier Galván Macarrón,1201,https://editoriallarueca.com/wp-content/uploads/w_978-84-19865-40-3_CUBIERTA.jpg,w_978-84-19865-40-3_CUBIERTA.jpg,w_978-84-19865-40-3_CUBIERTA,500,738,0.678,38,low,filename/title contiene señal de portada: cubierta | proporcion vertical compatible con portada | dimensiones razonables para cover
book:libero mi alma con 131 angeles,Libero Mi Alma con 131 Ángeles,1722,Javier Galván Macarrón,1229,https://editoriallarueca.com/wp-content/uploads/w_Estasimo-portada.jpg,w_Estasimo-portada.jpg,w_Estásimo - portada,500,700,0.714,38,low,filename/title contiene señal de portada: portada | proporcion vertical compatible con portada | dimensiones razonables para cover
book:monasterio de san lorenzo de el escorial una visita interior,Monasterio de  San Lorenzo de El Escorial – Una visita interior,1730,Santiago Javier García González,2987,https://editoriallarueca.com/wp-content/uploads/Libro_Monasterio-de-San-Lorenzo-de-El-Escorial-–-Una-visita-interior_Autor_Santiago-Garcia-Gonzalez_Genero-WTGC_Editorial-la-Rueca.jpg,Libro_Monasterio-de-San-Lorenzo-de-El-Escorial-–-Una-visita-interior_Autor_Santiago-Garcia-Gonzalez_Genero-WTGC_Editorial-la-Rueca.jpg,979-13-87525-23-1_cub,1270,1937,0.656,50,medium,filename contiene el titulo del libro | filename/title contiene señal de portada: libro | proporcion vertical compatible con portada | dimensiones razonables para cover | contiene señal de foto de autor: autor
book:monasterio de san lorenzo de el escorial una visita interior,Monasterio de  San Lorenzo de El Escorial – Una visita interior,1730,Santiago Javier García González,1039,https://editoriallarueca.com/wp-content/uploads/w_POLLOS_maq2_portada_OK2_sinmarcas.jpg,w_POLLOS_maq2_portada_OK2_sinmarcas.jpg,w_POLLOS_maq2_portada_OK2_sinmarcas,500,731,0.684,38,low,filename/title contiene señal de portada: portada | proporcion vertical compatible con portada | dimensiones razonables para cover
book:monasterio de san lorenzo de el escorial una visita interior,Monasterio de  San Lorenzo de El Escorial – Una visita interior,1730,Santiago Javier García González,1045,https://editoriallarueca.com/wp-content/uploads/W_portada-3.jpg,W_portada-3.jpg,MatamedeFrenteAmazon004,500,738,0.678,38,low,filename/title contiene señal de portada: portada | proporcion vertical compatible con portada | dimensiones razonables para cover
book:monasterio de san lorenzo de el escorial una visita interior,Monasterio de  San Lorenzo de El Escorial – Una visita interior,1730,Santiago Javier García González,1176,https://editoriallarueca.com/wp-content/uploads/w_portada_lamuerte.jpg,w_portada_lamuerte.jpg,978-84-19865-47-2_cvs,500,744,0.672,38,low,filename/title contiene señal de portada: portada | proporcion vertical compatible con portada | dimensiones razonables para cover
book:monasterio de san lorenzo de el escorial una visita interior,Monasterio de  San Lorenzo de El Escorial – Una visita interior,1730,Santiago Javier García González,1201,https://editoriallarueca.com/wp-content/uploads/w_978-84-19865-40-3_CUBIERTA.jpg,w_978-84-19865-40-3_CUBIERTA.jpg,w_978-84-19865-40-3_CUBIERTA,500,738,0.678,38,low,filename/title contiene señal de portada: cubierta | proporcion vertical compatible con portada | dimensiones razonables para cover
book:compendio sobre los ejercicios y el arte militar reunido en tres libros,Compendio sobre los ejercicios y el arte militar reunido en tres libros,1744,Elena Miramontes Seijas,2997,https://editoriallarueca.com/wp-content/uploads/Libro_Compendio-sobre-los-ejercicios-y-el-arte-militar-reunido-en-tres-libros_Traduccion_-Elena-Miramontes_Genero-HB-Editorial-la-Rueca.jpg,Libro_Compendio-sobre-los-ejercicios-y-el-arte-militar-reunido-en-tres-libros_Traduccion_-Elena-Miramontes_Genero-HB-Editorial-la-Rueca.jpg,979-13-87525-11-8_cub,500,718,0.696,80,high,filename contiene el titulo del libro | filename/title contiene señal de portada: libro | proporcion vertical compatible con portada | dimensiones razonables para cover
book:compendio sobre los ejercicios y el arte militar reunido en tres libros,Compendio sobre los ejercicios y el arte militar reunido en tres libros,1744,Elena Miramontes Seijas,1039,https://editoriallarueca.com/wp-content/uploads/w_POLLOS_maq2_portada_OK2_sinmarcas.jpg,w_POLLOS_maq2_portada_OK2_sinmarcas.jpg,w_POLLOS_maq2_portada_OK2_sinmarcas,500,731,0.684,38,low,filename/title contiene señal de portada: portada | proporcion vertical compatible con portada | dimensiones razonables para cover
book:compendio sobre los ejercicios y el arte militar reunido en tres libros,Compendio sobre los ejercicios y el arte militar reunido en tres libros,1744,Elena Miramontes Seijas,1045,https://editoriallarueca.com/wp-content/uploads/W_portada-3.jpg,W_portada-3.jpg,MatamedeFrenteAmazon004,500,738,0.678,38,low,filename/title contiene señal de portada: portada | proporcion vertical compatible con portada | dimensiones razonables para cover
book:compendio sobre los ejercicios y el arte militar reunido en tres libros,Compendio sobre los ejercicios y el arte militar reunido en tres libros,1744,Elena Miramontes Seijas,1176,https://editoriallarueca.com/wp-content/uploads/w_portada_lamuerte.jpg,w_portada_lamuerte.jpg,978-84-19865-47-2_cvs,500,744,0.672,38,low,filename/title contiene señal de portada: portada | proporcion vertical compatible con portada | dimensiones razonables para cover
book:compendio sobre los ejercicios y el arte militar reunido en tres libros,Compendio sobre los ejercicios y el arte militar reunido en tres libros,1744,Elena Miramontes Seijas,1201,https://editoriallarueca.com/wp-content/uploads/w_978-84-19865-40-3_CUBIERTA.jpg,w_978-84-19865-40-3_CUBIERTA.jpg,w_978-84-19865-40-3_CUBIERTA,500,738,0.678,38,low,filename/title contiene señal de portada: cubierta | proporcion vertical compatible con portada | dimensiones razonables para cover
book:el dolor de un alma sin memoria,El dolor de un alma sin memoria,1750,Diego Gómez-Costa,2986,https://editoriallarueca.com/wp-content/uploads/Libro_El-dolor-de-un-alma-sin-memoria_Autor_Diego-Gomez-Costa_Fenero-FA-Editorial-la-Rueca-copia.jpg,Libro_El-dolor-de-un-alma-sin-memoria_Autor_Diego-Gomez-Costa_Fenero-FA-Editorial-la-Rueca-copia.jpg,979-13-87525-25-5_cub,500,793,0.631,50,medium,filename contiene el titulo del libro | filename/title contiene señal de portada: libro | proporcion vertical compatible con portada | dimensiones razonables para cover | contiene señal de foto de autor: autor
book:el dolor de un alma sin memoria,El dolor de un alma sin memoria,1750,Diego Gómez-Costa,1039,https://editoriallarueca.com/wp-content/uploads/w_POLLOS_maq2_portada_OK2_sinmarcas.jpg,w_POLLOS_maq2_portada_OK2_sinmarcas.jpg,w_POLLOS_maq2_portada_OK2_sinmarcas,500,731,0.684,38,low,filename/title contiene señal de portada: portada | proporcion vertical compatible con portada | dimensiones razonables para cover
book:el dolor de un alma sin memoria,El dolor de un alma sin memoria,1750,Diego Gómez-Costa,1045,https://editoriallarueca.com/wp-content/uploads/W_portada-3.jpg,W_portada-3.jpg,MatamedeFrenteAmazon004,500,738,0.678,38,low,filename/title contiene señal de portada: portada | proporcion vertical compatible con portada | dimensiones razonables para cover
book:el dolor de un alma sin memoria,El dolor de un alma sin memoria,1750,Diego Gómez-Costa,1176,https://editoriallarueca.com/wp-content/uploads/w_portada_lamuerte.jpg,w_portada_lamuerte.jpg,978-84-19865-47-2_cvs,500,744,0.672,38,low,filename/title contiene señal de portada: portada | proporcion vertical compatible con portada | dimensiones razonables para cover
book:el dolor de un alma sin memoria,El dolor de un alma sin memoria,1750,Diego Gómez-Costa,1201,https://editoriallarueca.com/wp-content/uploads/w_978-84-19865-40-3_CUBIERTA.jpg,w_978-84-19865-40-3_CUBIERTA.jpg,w_978-84-19865-40-3_CUBIERTA,500,738,0.678,38,low,filename/title contiene señal de portada: cubierta | proporcion vertical compatible con portada | dimensiones razonables para cover
book:mano a mano,Mano a Mano,1780,Guillermo M. Schrem,1781,https://editoriallarueca.com/wp-content/uploads/w_MockUp_ManoAMano.jpg,w_MockUp_ManoAMano.jpg,w_MockUp_ManoAMano,500,333,1.502,122,high,filename contiene el titulo del libro | attachment title contiene el titulo del libro | slug contiene el titulo del libro | filename/title contiene señal de portada: mockup | coincide con imagen_destacada_2 del registro legacy | imagen horizontal o panoramica
book:mano a mano,Mano a Mano,1780,Guillermo M. Schrem,1779,https://editoriallarueca.com/wp-content/uploads/w_portada_manoAMano.jpg,w_portada_manoAMano.jpg,979-13-87525-32-3_cub,500,739,0.677,80,high,filename contiene el titulo del libro | filename/title contiene señal de portada: portada | proporcion vertical compatible con portada | dimensiones razonables para cover
book:mano a mano,Mano a Mano,1780,Guillermo M. Schrem,2983,https://editoriallarueca.com/wp-content/uploads/Libro_Mano-a-Mano_Autor_Guillermo-M.-Schrem_Genero-FA-Editorial-la-Rueca.jpg,Libro_Mano-a-Mano_Autor_Guillermo-M.-Schrem_Genero-FA-Editorial-la-Rueca.jpg,979-13-87525-32-3_cub,500,739,0.677,50,medium,filename contiene el titulo del libro | filename/title contiene señal de portada: libro | proporcion vertical compatible con portada | dimensiones razonables para cover | contiene señal de foto de autor: autor
book:mano a mano,Mano a Mano,1780,Guillermo M. Schrem,1039,https://editoriallarueca.com/wp-content/uploads/w_POLLOS_maq2_portada_OK2_sinmarcas.jpg,w_POLLOS_maq2_portada_OK2_sinmarcas.jpg,w_POLLOS_maq2_portada_OK2_sinmarcas,500,731,0.684,38,low,filename/title contiene señal de portada: portada | proporcion vertical compatible con portada | dimensiones razonables para cover
book:mano a mano,Mano a Mano,1780,Guillermo M. Schrem,1045,https://editoriallarueca.com/wp-content/uploads/W_portada-3.jpg,W_portada-3.jpg,MatamedeFrenteAmazon004,500,738,0.678,38,low,filename/title contiene señal de portada: portada | proporcion vertical compatible con portada | dimensiones razonables para cover
book:perderse encontrarse despertar,"Perderse, Encontrarse, Despertar",1787,Marina Alejandra Domínguez,2982,https://editoriallarueca.com/wp-content/uploads/Libro_-Perderse-Encontrarse-Despertar_Autora_Marina-A.-Dominguez_Genero_Poesia-DC_Editorial-la-Rueca.jpg,Libro_-Perderse-Encontrarse-Despertar_Autora_Marina-A.-Dominguez_Genero_Poesia-DC_Editorial-la-Rueca.jpg,"Perderse, Encontrarse, Despertar - 1",500,700,0.714,148,high,filename contiene el titulo del libro | attachment title contiene el titulo del libro | slug contiene el titulo del libro | filename/title contiene señal de portada: libro | proporcion vertical compatible con portada | dimensiones razonables para cover
book:perderse encontrarse despertar,"Perderse, Encontrarse, Despertar",1787,Marina Alejandra Domínguez,1792,https://editoriallarueca.com/wp-content/uploads/w_perderse.jpg,w_perderse.jpg,"Perderse, Encontrarse, Despertar - 1",500,700,0.714,88,high,attachment title contiene el titulo del libro | slug contiene el titulo del libro | proporcion vertical compatible con portada | dimensiones razonables para cover
book:perderse encontrarse despertar,"Perderse, Encontrarse, Despertar",1787,Marina Alejandra Domínguez,1039,https://editoriallarueca.com/wp-content/uploads/w_POLLOS_maq2_portada_OK2_sinmarcas.jpg,w_POLLOS_maq2_portada_OK2_sinmarcas.jpg,w_POLLOS_maq2_portada_OK2_sinmarcas,500,731,0.684,38,low,filename/title contiene señal de portada: portada | proporcion vertical compatible con portada | dimensiones razonables para cover
book:perderse encontrarse despertar,"Perderse, Encontrarse, Despertar",1787,Marina Alejandra Domínguez,1045,https://editoriallarueca.com/wp-content/uploads/W_portada-3.jpg,W_portada-3.jpg,MatamedeFrenteAmazon004,500,738,0.678,38,low,filename/title contiene señal de portada: portada | proporcion vertical compatible con portada | dimensiones razonables para cover
book:perderse encontrarse despertar,"Perderse, Encontrarse, Despertar",1787,Marina Alejandra Domínguez,1176,https://editoriallarueca.com/wp-content/uploads/w_portada_lamuerte.jpg,w_portada_lamuerte.jpg,978-84-19865-47-2_cvs,500,744,0.672,38,low,filename/title contiene señal de portada: portada | proporcion vertical compatible con portada | dimensiones razonables para cover
book:los mejores cortos de gomez rosas cualquier parecido con la realidad es pura coincidencia,Los mejores cortos de Gómez Rosas (cualquier parecido con la realidad es pura coincidencia),1798,Manuel Gómez Rosas,1039,https://editoriallarueca.com/wp-content/uploads/w_POLLOS_maq2_portada_OK2_sinmarcas.jpg,w_POLLOS_maq2_portada_OK2_sinmarcas.jpg,w_POLLOS_maq2_portada_OK2_sinmarcas,500,731,0.684,38,low,filename/title contiene señal de portada: portada | proporcion vertical compatible con portada | dimensiones razonables para cover
book:los mejores cortos de gomez rosas cualquier parecido con la realidad es pura coincidencia,Los mejores cortos de Gómez Rosas (cualquier parecido con la realidad es pura coincidencia),1798,Manuel Gómez Rosas,1045,https://editoriallarueca.com/wp-content/uploads/W_portada-3.jpg,W_portada-3.jpg,MatamedeFrenteAmazon004,500,738,0.678,38,low,filename/title contiene señal de portada: portada | proporcion vertical compatible con portada | dimensiones razonables para cover
book:los mejores cortos de gomez rosas cualquier parecido con la realidad es pura coincidencia,Los mejores cortos de Gómez Rosas (cualquier parecido con la realidad es pura coincidencia),1798,Manuel Gómez Rosas,1176,https://editoriallarueca.com/wp-content/uploads/w_portada_lamuerte.jpg,w_portada_lamuerte.jpg,978-84-19865-47-2_cvs,500,744,0.672,38,low,filename/title contiene señal de portada: portada | proporcion vertical compatible con portada | dimensiones razonables para cover
book:los mejores cortos de gomez rosas cualquier parecido con la realidad es pura coincidencia,Los mejores cortos de Gómez Rosas (cualquier parecido con la realidad es pura coincidencia),1798,Manuel Gómez Rosas,1201,https://editoriallarueca.com/wp-content/uploads/w_978-84-19865-40-3_CUBIERTA.jpg,w_978-84-19865-40-3_CUBIERTA.jpg,w_978-84-19865-40-3_CUBIERTA,500,738,0.678,38,low,filename/title contiene señal de portada: cubierta | proporcion vertical compatible con portada | dimensiones razonables para cover
book:los mejores cortos de gomez rosas cualquier parecido con la realidad es pura coincidencia,Los mejores cortos de Gómez Rosas (cualquier parecido con la realidad es pura coincidencia),1798,Manuel Gómez Rosas,1229,https://editoriallarueca.com/wp-content/uploads/w_Estasimo-portada.jpg,w_Estasimo-portada.jpg,w_Estásimo - portada,500,700,0.714,38,low,filename/title contiene señal de portada: portada | proporcion vertical compatible con portada | dimensiones razonables para cover
book:evocacion y sucesos de dolores la tuerta una historia del mundo rural,Evocación y sucesos de Dolores la Tuerta (Una historia del mundo rural),1821,José Herruzo Orejuela,1039,https://editoriallarueca.com/wp-content/uploads/w_POLLOS_maq2_portada_OK2_sinmarcas.jpg,w_POLLOS_maq2_portada_OK2_sinmarcas.jpg,w_POLLOS_maq2_portada_OK2_sinmarcas,500,731,0.684,38,low,filename/title contiene señal de portada: portada | proporcion vertical compatible con portada | dimensiones razonables para cover
book:evocacion y sucesos de dolores la tuerta una historia del mundo rural,Evocación y sucesos de Dolores la Tuerta (Una historia del mundo rural),1821,José Herruzo Orejuela,1045,https://editoriallarueca.com/wp-content/uploads/W_portada-3.jpg,W_portada-3.jpg,MatamedeFrenteAmazon004,500,738,0.678,38,low,filename/title contiene señal de portada: portada | proporcion vertical compatible con portada | dimensiones razonables para cover
book:evocacion y sucesos de dolores la tuerta una historia del mundo rural,Evocación y sucesos de Dolores la Tuerta (Una historia del mundo rural),1821,José Herruzo Orejuela,1176,https://editoriallarueca.com/wp-content/uploads/w_portada_lamuerte.jpg,w_portada_lamuerte.jpg,978-84-19865-47-2_cvs,500,744,0.672,38,low,filename/title contiene señal de portada: portada | proporcion vertical compatible con portada | dimensiones razonables para cover
book:evocacion y sucesos de dolores la tuerta una historia del mundo rural,Evocación y sucesos de Dolores la Tuerta (Una historia del mundo rural),1821,José Herruzo Orejuela,1201,https://editoriallarueca.com/wp-content/uploads/w_978-84-19865-40-3_CUBIERTA.jpg,w_978-84-19865-40-3_CUBIERTA.jpg,w_978-84-19865-40-3_CUBIERTA,500,738,0.678,38,low,filename/title contiene señal de portada: cubierta | proporcion vertical compatible con portada | dimensiones razonables para cover
book:evocacion y sucesos de dolores la tuerta una historia del mundo rural,Evocación y sucesos de Dolores la Tuerta (Una historia del mundo rural),1821,José Herruzo Orejuela,1229,https://editoriallarueca.com/wp-content/uploads/w_Estasimo-portada.jpg,w_Estasimo-portada.jpg,w_Estásimo - portada,500,700,0.714,38,low,filename/title contiene señal de portada: portada | proporcion vertical compatible con portada | dimensiones razonables para cover
book:azul,Azul,1834,José Vte. Carmona Simarro,279,https://editoriallarueca.com/wp-content/uploads/w_ElAzulMar.jpg,w_ElAzulMar.jpg,w_ElAzulMar,1417,1984,0.714,130,high,filename contiene el titulo del libro | attachment title contiene el titulo del libro | slug contiene el titulo del libro | proporcion vertical compatible con portada | dimensiones razonables para cover
book:azul,Azul,1834,José Vte. Carmona Simarro,553,https://editoriallarueca.com/wp-content/uploads/MockUp_Elazul.jpg,MockUp_Elazul-scaled.jpg,MockUp_Elazul,2504,2560,0.978,120,high,filename contiene el titulo del libro | attachment title contiene el titulo del libro | slug contiene el titulo del libro | filename/title contiene señal de portada: mockup | imagen casi cuadrada; debil como portada
book:azul,Azul,1834,José Vte. Carmona Simarro,610,https://editoriallarueca.com/wp-content/uploads/MockUp_Elazul_pix.jpg,MockUp_Elazul_pix.jpg,MockUp_Elazul_pix,900,920,0.978,120,high,filename contiene el titulo del libro | attachment title contiene el titulo del libro | slug contiene el titulo del libro | filename/title contiene señal de portada: mockup | imagen casi cuadrada; debil como portada
book:azul,Azul,1834,José Vte. Carmona Simarro,3016,https://editoriallarueca.com/wp-content/uploads/Libro-El-azul-del-mar-en-los-mapas_Autor-Karlos-de-Oro_Genero-Ficcion_.jpg,Libro-El-azul-del-mar-en-los-mapas_Autor-Karlos-de-Oro_Genero-Ficcion_.jpg,Libro El azul del mar en los mapas_Autor Karlos de Oro_Género Ficción_,1417,1984,0.714,118,high,filename contiene el titulo del libro | attachment title contiene el titulo del libro | slug contiene el titulo del libro | filename/title contiene señal de portada: libro | proporcion vertical compatible con portada | dimensiones razonables para cover | contiene señal de foto de autor: autor
book:azul,Azul,1834,José Vte. Carmona Simarro,2621,https://editoriallarueca.com/wp-content/uploads/w_mokUp_Azul-1.jpg,w_mokUp_Azul-1-scaled.jpg,w_mokUp_Azul,2560,1920,1.333,104,high,filename contiene el titulo del libro | attachment title contiene el titulo del libro | slug contiene el titulo del libro | coincide con imagen_destacada_2 del registro legacy | imagen horizontal o panoramica
book:memorias de opera,Memorias de Ópera,1851,Piero Poggialini,2972,https://editoriallarueca.com/wp-content/uploads/Libro_Memorias-de-Opera_Autor_PIERO-POGGIALINI_Genero_BG_EditorialLaRueca.jpg,Libro_Memorias-de-Opera_Autor_PIERO-POGGIALINI_Genero_BG_EditorialLaRueca.jpg,cub_1_Memorias,500,690,0.725,42,low,filename contiene el titulo del libro | filename/title contiene señal de portada: libro | proporcion vertical compatible con portada | contiene señal de foto de autor: autor
book:memorias de opera,Memorias de Ópera,1851,Piero Poggialini,1039,https://editoriallarueca.com/wp-content/uploads/w_POLLOS_maq2_portada_OK2_sinmarcas.jpg,w_POLLOS_maq2_portada_OK2_sinmarcas.jpg,w_POLLOS_maq2_portada_OK2_sinmarcas,500,731,0.684,38,low,filename/title contiene señal de portada: portada | proporcion vertical compatible con portada | dimensiones razonables para cover
book:memorias de opera,Memorias de Ópera,1851,Piero Poggialini,1045,https://editoriallarueca.com/wp-content/uploads/W_portada-3.jpg,W_portada-3.jpg,MatamedeFrenteAmazon004,500,738,0.678,38,low,filename/title contiene señal de portada: portada | proporcion vertical compatible con portada | dimensiones razonables para cover
book:memorias de opera,Memorias de Ópera,1851,Piero Poggialini,1176,https://editoriallarueca.com/wp-content/uploads/w_portada_lamuerte.jpg,w_portada_lamuerte.jpg,978-84-19865-47-2_cvs,500,744,0.672,38,low,filename/title contiene señal de portada: portada | proporcion vertical compatible con portada | dimensiones razonables para cover
book:memorias de opera,Memorias de Ópera,1851,Piero Poggialini,1201,https://editoriallarueca.com/wp-content/uploads/w_978-84-19865-40-3_CUBIERTA.jpg,w_978-84-19865-40-3_CUBIERTA.jpg,w_978-84-19865-40-3_CUBIERTA,500,738,0.678,38,low,filename/title contiene señal de portada: cubierta | proporcion vertical compatible con portada | dimensiones razonables para cover
book:descartes y su duda hiperbolica,Descartes y su duda  hiperbólica,1858,Alonso Cruz León,2971,https://editoriallarueca.com/wp-content/uploads/Libro_-Descartes-y-su-duda-hiperbolica_Autor_AlonsoCruz_GeneroDNF_EditorialLaRueca.jpg,Libro_-Descartes-y-su-duda-hiperbolica_Autor_AlonsoCruz_GeneroDNF_EditorialLaRueca.jpg,Portada_Socrates,500,722,0.693,50,medium,"filename contiene el titulo del libro | filename/title contiene señal de portada: portada, libro | proporcion vertical compatible con portada | dimensiones razonables para cover | contiene señal de foto de autor: autor"
book:descartes y su duda hiperbolica,Descartes y su duda  hiperbólica,1858,Alonso Cruz León,1039,https://editoriallarueca.com/wp-content/uploads/w_POLLOS_maq2_portada_OK2_sinmarcas.jpg,w_POLLOS_maq2_portada_OK2_sinmarcas.jpg,w_POLLOS_maq2_portada_OK2_sinmarcas,500,731,0.684,38,low,filename/title contiene señal de portada: portada | proporcion vertical compatible con portada | dimensiones razonables para cover
book:descartes y su duda hiperbolica,Descartes y su duda  hiperbólica,1858,Alonso Cruz León,1045,https://editoriallarueca.com/wp-content/uploads/W_portada-3.jpg,W_portada-3.jpg,MatamedeFrenteAmazon004,500,738,0.678,38,low,filename/title contiene señal de portada: portada | proporcion vertical compatible con portada | dimensiones razonables para cover
book:descartes y su duda hiperbolica,Descartes y su duda  hiperbólica,1858,Alonso Cruz León,1176,https://editoriallarueca.com/wp-content/uploads/w_portada_lamuerte.jpg,w_portada_lamuerte.jpg,978-84-19865-47-2_cvs,500,744,0.672,38,low,filename/title contiene señal de portada: portada | proporcion vertical compatible con portada | dimensiones razonables para cover
book:descartes y su duda hiperbolica,Descartes y su duda  hiperbólica,1858,Alonso Cruz León,1201,https://editoriallarueca.com/wp-content/uploads/w_978-84-19865-40-3_CUBIERTA.jpg,w_978-84-19865-40-3_CUBIERTA.jpg,w_978-84-19865-40-3_CUBIERTA,500,738,0.678,38,low,filename/title contiene señal de portada: cubierta | proporcion vertical compatible con portada | dimensiones razonables para cover
book:ilusiones,Ilusiones,1863,Juan José Velasco Sánchez-Mayoral,2755,https://editoriallarueca.com/wp-content/uploads/w_Portada_Ilusiones.jpg,w_Portada_Ilusiones.jpg,Ilusiones - 1,500,720,0.694,148,high,filename contiene el titulo del libro | attachment title contiene el titulo del libro | slug contiene el titulo del libro | filename/title contiene señal de portada: portada | proporcion vertical compatible con portada | dimensiones razonables para cover
book:ilusiones,Ilusiones,1863,Juan José Velasco Sánchez-Mayoral,2911,https://editoriallarueca.com/wp-content/uploads/Libro_Ilusiones_Autor_Patxi-Oyaga.jpg,Libro_Ilusiones_Autor_Patxi-Oyaga.jpg,Ilusiones - 1,500,720,0.694,118,high,filename contiene el titulo del libro | attachment title contiene el titulo del libro | slug contiene el titulo del libro | filename/title contiene señal de portada: libro | proporcion vertical compatible con portada | dimensiones razonables para cover | contiene señal de foto de autor: autor
book:ilusiones,Ilusiones,1863,Juan José Velasco Sánchez-Mayoral,2757,https://editoriallarueca.com/wp-content/uploads/w_MockuP_Ilusiones.jpg,w_MockuP_Ilusiones.jpg,w_MockuP_Ilusiones,2000,1335,1.498,112,high,filename contiene el titulo del libro | attachment title contiene el titulo del libro | slug contiene el titulo del libro | filename/title contiene señal de portada: mockup | imagen horizontal o panoramica
book:ilusiones,Ilusiones,1863,Juan José Velasco Sánchez-Mayoral,1848,https://editoriallarueca.com/wp-content/uploads/w_ilusiones.jpg,w_ilusiones.jpg,979-13-87525-38-5Cub,500,738,0.678,62,medium,filename contiene el titulo del libro | proporcion vertical compatible con portada | dimensiones razonables para cover
book:ilusiones,Ilusiones,1863,Juan José Velasco Sánchez-Mayoral,1864,https://editoriallarueca.com/wp-content/uploads/w_mockUp_Ilusiones2.jpg,w_mockUp_Ilusiones2-scaled.jpg,Laptop psd mockup with coffee mug on wooden table,2560,1707,1.5,54,medium,filename contiene el titulo del libro | filename/title contiene señal de portada: mockup | coincide con imagen_destacada_2 del registro legacy | imagen horizontal o panoramica
book:cartas a un hombre,Cartas a un hombre,1866,Rosa María Escudero,2977,https://editoriallarueca.com/wp-content/uploads/Libro_Cartas-a-un-hombre_Autor_Rosa-Ma-Escudero_Genero-DNF_Editorial-la-Rueca-.jpg,Libro_Cartas-a-un-hombre_Autor_Rosa-Ma-Escudero_Genero-DNF_Editorial-la-Rueca-.jpg,cub_cartas,500,710,0.704,50,medium,filename contiene el titulo del libro | filename/title contiene señal de portada: libro | proporcion vertical compatible con portada | dimensiones razonables para cover | contiene señal de foto de autor: autor
book:cartas a un hombre,Cartas a un hombre,1866,Rosa María Escudero,1039,https://editoriallarueca.com/wp-content/uploads/w_POLLOS_maq2_portada_OK2_sinmarcas.jpg,w_POLLOS_maq2_portada_OK2_sinmarcas.jpg,w_POLLOS_maq2_portada_OK2_sinmarcas,500,731,0.684,38,low,filename/title contiene señal de portada: portada | proporcion vertical compatible con portada | dimensiones razonables para cover
book:cartas a un hombre,Cartas a un hombre,1866,Rosa María Escudero,1045,https://editoriallarueca.com/wp-content/uploads/W_portada-3.jpg,W_portada-3.jpg,MatamedeFrenteAmazon004,500,738,0.678,38,low,filename/title contiene señal de portada: portada | proporcion vertical compatible con portada | dimensiones razonables para cover
book:cartas a un hombre,Cartas a un hombre,1866,Rosa María Escudero,1176,https://editoriallarueca.com/wp-content/uploads/w_portada_lamuerte.jpg,w_portada_lamuerte.jpg,978-84-19865-47-2_cvs,500,744,0.672,38,low,filename/title contiene señal de portada: portada | proporcion vertical compatible con portada | dimensiones razonables para cover
book:cartas a un hombre,Cartas a un hombre,1866,Rosa María Escudero,1201,https://editoriallarueca.com/wp-content/uploads/w_978-84-19865-40-3_CUBIERTA.jpg,w_978-84-19865-40-3_CUBIERTA.jpg,w_978-84-19865-40-3_CUBIERTA,500,738,0.678,38,low,filename/title contiene señal de portada: cubierta | proporcion vertical compatible con portada | dimensiones razonables para cover
book:el pueblo judio legado y nexo con judea una historia milenaria,El pueblo Judío. Legado y nexo con Judea: Una historia Milenaria,1881,Diego Gómez-Costa,2970,https://editoriallarueca.com/wp-content/uploads/Libro_El-pueblo-Judio.-Legado-y-nexo-con-Judea-Una-historia-Milenaria_Autor_DiegoGomezCosta_GeneroHBJF1_EditorialLaRueca.jpg,Libro_El-pueblo-Judio.-Legado-y-nexo-con-Judea-Una-historia-Milenaria_Autor_DiegoGomezCosta_GeneroHBJF1_EditorialLaRueca.jpg,979-13-87525-41-5_cub,500,815,0.613,50,medium,filename contiene el titulo del libro | filename/title contiene señal de portada: libro | proporcion vertical compatible con portada | dimensiones razonables para cover | contiene señal de foto de autor: autor
book:el pueblo judio legado y nexo con judea una historia milenaria,El pueblo Judío. Legado y nexo con Judea: Una historia Milenaria,1881,Diego Gómez-Costa,1039,https://editoriallarueca.com/wp-content/uploads/w_POLLOS_maq2_portada_OK2_sinmarcas.jpg,w_POLLOS_maq2_portada_OK2_sinmarcas.jpg,w_POLLOS_maq2_portada_OK2_sinmarcas,500,731,0.684,38,low,filename/title contiene señal de portada: portada | proporcion vertical compatible con portada | dimensiones razonables para cover
book:el pueblo judio legado y nexo con judea una historia milenaria,El pueblo Judío. Legado y nexo con Judea: Una historia Milenaria,1881,Diego Gómez-Costa,1045,https://editoriallarueca.com/wp-content/uploads/W_portada-3.jpg,W_portada-3.jpg,MatamedeFrenteAmazon004,500,738,0.678,38,low,filename/title contiene señal de portada: portada | proporcion vertical compatible con portada | dimensiones razonables para cover
book:el pueblo judio legado y nexo con judea una historia milenaria,El pueblo Judío. Legado y nexo con Judea: Una historia Milenaria,1881,Diego Gómez-Costa,1176,https://editoriallarueca.com/wp-content/uploads/w_portada_lamuerte.jpg,w_portada_lamuerte.jpg,978-84-19865-47-2_cvs,500,744,0.672,38,low,filename/title contiene señal de portada: portada | proporcion vertical compatible con portada | dimensiones razonables para cover
book:el pueblo judio legado y nexo con judea una historia milenaria,El pueblo Judío. Legado y nexo con Judea: Una historia Milenaria,1881,Diego Gómez-Costa,1201,https://editoriallarueca.com/wp-content/uploads/w_978-84-19865-40-3_CUBIERTA.jpg,w_978-84-19865-40-3_CUBIERTA.jpg,w_978-84-19865-40-3_CUBIERTA,500,738,0.678,38,low,filename/title contiene señal de portada: cubierta | proporcion vertical compatible con portada | dimensiones razonables para cover
book:fuerteventura luz y silencios,Fuerteventura: Luz y Silencios,1893,Antonio Olmedo Manzanares,2969,https://editoriallarueca.com/wp-content/uploads/Libro_FuerteventuraLuzySilencios_Autor_Antonio-Olmedo_Genero-Turismo_EditorialLaRueca-.jpg,Libro_FuerteventuraLuzySilencios_Autor_Antonio-Olmedo_Genero-Turismo_EditorialLaRueca-.jpg,Libro_FuerteventuraLuzySilencios_Autor_Antonio Olmedo_Genero Turismo_EditorialLaRueca,240,369,0.65,110,high,filename contiene el titulo del libro | attachment title contiene el titulo del libro | slug contiene el titulo del libro | filename/title contiene señal de portada: libro | proporcion vertical compatible con portada | contiene señal de foto de autor: autor
book:fuerteventura luz y silencios,Fuerteventura: Luz y Silencios,1893,Antonio Olmedo Manzanares,2939,https://editoriallarueca.com/wp-content/uploads/Libro_FUERTEVENTURA-Luz-y-Silencios_Autor_AntonioOlmedo_genero-VTH.tif,Libro_FUERTEVENTURA-Luz-y-Silencios_Autor_AntonioOlmedo_genero-VTH.tif,Libro_FUERTEVENTURA Luz y Silencios_Autor_AntonioOlmedo_género VTH,,,,98,high,filename contiene el titulo del libro | attachment title contiene el titulo del libro | slug contiene el titulo del libro | filename/title contiene señal de portada: libro | contiene señal de foto de autor: autor
book:fuerteventura luz y silencios,Fuerteventura: Luz y Silencios,1893,Antonio Olmedo Manzanares,2940,https://editoriallarueca.com/wp-content/uploads/Libro_FUERTEVENTURA-Luz-y-Silencios_Autor_AntonioOlmedo_genero-VTH-1.tif,Libro_FUERTEVENTURA-Luz-y-Silencios_Autor_AntonioOlmedo_genero-VTH-1.tif,Libro_FUERTEVENTURA Luz y Silencios_Autor_AntonioOlmedo_género VTH,,,,98,high,filename contiene el titulo del libro | attachment title contiene el titulo del libro | slug contiene el titulo del libro | filename/title contiene señal de portada: libro | contiene señal de foto de autor: autor
book:fuerteventura luz y silencios,Fuerteventura: Luz y Silencios,1893,Antonio Olmedo Manzanares,2941,https://editoriallarueca.com/wp-content/uploads/Libro_FUERTEVENTURA-Luz-y-Silencios_Autor_AntonioOlmedo_genero-VTH-2.tif,Libro_FUERTEVENTURA-Luz-y-Silencios_Autor_AntonioOlmedo_genero-VTH-2.tif,Libro_FUERTEVENTURA Luz y Silencios_Autor_AntonioOlmedo_género VTH,,,,98,high,filename contiene el titulo del libro | attachment title contiene el titulo del libro | slug contiene el titulo del libro | filename/title contiene señal de portada: libro | contiene señal de foto de autor: autor
book:fuerteventura luz y silencios,Fuerteventura: Luz y Silencios,1893,Antonio Olmedo Manzanares,1039,https://editoriallarueca.com/wp-content/uploads/w_POLLOS_maq2_portada_OK2_sinmarcas.jpg,w_POLLOS_maq2_portada_OK2_sinmarcas.jpg,w_POLLOS_maq2_portada_OK2_sinmarcas,500,731,0.684,38,low,filename/title contiene señal de portada: portada | proporcion vertical compatible con portada | dimensiones razonables para cover
book:ndong el jubilado,"Ndong, el jubilado",1902,Manuel Ondo Ndong,1039,https://editoriallarueca.com/wp-content/uploads/w_POLLOS_maq2_portada_OK2_sinmarcas.jpg,w_POLLOS_maq2_portada_OK2_sinmarcas.jpg,w_POLLOS_maq2_portada_OK2_sinmarcas,500,731,0.684,38,low,filename/title contiene señal de portada: portada | proporcion vertical compatible con portada | dimensiones razonables para cover
book:ndong el jubilado,"Ndong, el jubilado",1902,Manuel Ondo Ndong,1045,https://editoriallarueca.com/wp-content/uploads/W_portada-3.jpg,W_portada-3.jpg,MatamedeFrenteAmazon004,500,738,0.678,38,low,filename/title contiene señal de portada: portada | proporcion vertical compatible con portada | dimensiones razonables para cover
book:ndong el jubilado,"Ndong, el jubilado",1902,Manuel Ondo Ndong,1176,https://editoriallarueca.com/wp-content/uploads/w_portada_lamuerte.jpg,w_portada_lamuerte.jpg,978-84-19865-47-2_cvs,500,744,0.672,38,low,filename/title contiene señal de portada: portada | proporcion vertical compatible con portada | dimensiones razonables para cover
book:ndong el jubilado,"Ndong, el jubilado",1902,Manuel Ondo Ndong,1201,https://editoriallarueca.com/wp-content/uploads/w_978-84-19865-40-3_CUBIERTA.jpg,w_978-84-19865-40-3_CUBIERTA.jpg,w_978-84-19865-40-3_CUBIERTA,500,738,0.678,38,low,filename/title contiene señal de portada: cubierta | proporcion vertical compatible con portada | dimensiones razonables para cover
book:ndong el jubilado,"Ndong, el jubilado",1902,Manuel Ondo Ndong,1229,https://editoriallarueca.com/wp-content/uploads/w_Estasimo-portada.jpg,w_Estasimo-portada.jpg,w_Estásimo - portada,500,700,0.714,38,low,filename/title contiene señal de portada: portada | proporcion vertical compatible con portada | dimensiones razonables para cover
book:analisis de errores morfosintacticos en un aula de espanol le el caso del grupo de estudiantes del nivel b2 de secundaria en guinea ecuatorial al expresarse por escrito en espanol,Análisis de errores morfosintácticos en un aula de Español/LE. El caso del grupo de estudiantes del nivel B2 de secundaria en Guinea Ecuatorial al expresarse por escrito en español,1917,Manuel Ondo Ndong,1039,https://editoriallarueca.com/wp-content/uploads/w_POLLOS_maq2_portada_OK2_sinmarcas.jpg,w_POLLOS_maq2_portada_OK2_sinmarcas.jpg,w_POLLOS_maq2_portada_OK2_sinmarcas,500,731,0.684,38,low,filename/title contiene señal de portada: portada | proporcion vertical compatible con portada | dimensiones razonables para cover
book:analisis de errores morfosintacticos en un aula de espanol le el caso del grupo de estudiantes del nivel b2 de secundaria en guinea ecuatorial al expresarse por escrito en espanol,Análisis de errores morfosintácticos en un aula de Español/LE. El caso del grupo de estudiantes del nivel B2 de secundaria en Guinea Ecuatorial al expresarse por escrito en español,1917,Manuel Ondo Ndong,1045,https://editoriallarueca.com/wp-content/uploads/W_portada-3.jpg,W_portada-3.jpg,MatamedeFrenteAmazon004,500,738,0.678,38,low,filename/title contiene señal de portada: portada | proporcion vertical compatible con portada | dimensiones razonables para cover
book:analisis de errores morfosintacticos en un aula de espanol le el caso del grupo de estudiantes del nivel b2 de secundaria en guinea ecuatorial al expresarse por escrito en espanol,Análisis de errores morfosintácticos en un aula de Español/LE. El caso del grupo de estudiantes del nivel B2 de secundaria en Guinea Ecuatorial al expresarse por escrito en español,1917,Manuel Ondo Ndong,1176,https://editoriallarueca.com/wp-content/uploads/w_portada_lamuerte.jpg,w_portada_lamuerte.jpg,978-84-19865-47-2_cvs,500,744,0.672,38,low,filename/title contiene señal de portada: portada | proporcion vertical compatible con portada | dimensiones razonables para cover
book:analisis de errores morfosintacticos en un aula de espanol le el caso del grupo de estudiantes del nivel b2 de secundaria en guinea ecuatorial al expresarse por escrito en espanol,Análisis de errores morfosintácticos en un aula de Español/LE. El caso del grupo de estudiantes del nivel B2 de secundaria en Guinea Ecuatorial al expresarse por escrito en español,1917,Manuel Ondo Ndong,1201,https://editoriallarueca.com/wp-content/uploads/w_978-84-19865-40-3_CUBIERTA.jpg,w_978-84-19865-40-3_CUBIERTA.jpg,w_978-84-19865-40-3_CUBIERTA,500,738,0.678,38,low,filename/title contiene señal de portada: cubierta | proporcion vertical compatible con portada | dimensiones razonables para cover
book:analisis de errores morfosintacticos en un aula de espanol le el caso del grupo de estudiantes del nivel b2 de secundaria en guinea ecuatorial al expresarse por escrito en espanol,Análisis de errores morfosintácticos en un aula de Español/LE. El caso del grupo de estudiantes del nivel B2 de secundaria en Guinea Ecuatorial al expresarse por escrito en español,1917,Manuel Ondo Ndong,1229,https://editoriallarueca.com/wp-content/uploads/w_Estasimo-portada.jpg,w_Estasimo-portada.jpg,w_Estásimo - portada,500,700,0.714,38,low,filename/title contiene señal de portada: portada | proporcion vertical compatible con portada | dimensiones razonables para cover
book:confesiones verdaderas de un verdadero cascarrabias,Confesiones verdaderas de un verdadero cascarrabias,1932,Francisco R. Breijo Márquez,2938,https://editoriallarueca.com/wp-content/uploads/Libro_Confesiones-verdaderas-de-un-verdadero-cascarrabias_Autor_FcoBreijo_genero-WH-humor.jpg,Libro_Confesiones-verdaderas-de-un-verdadero-cascarrabias_Autor_FcoBreijo_genero-WH-humor.jpg,Libro_Confesiones verdaderas de un verdadero cascarrabias_Autor_FcoBreijo_genero WH humor,1512,2268,0.667,118,high,filename contiene el titulo del libro | attachment title contiene el titulo del libro | slug contiene el titulo del libro | filename/title contiene señal de portada: libro | proporcion vertical compatible con portada | dimensiones razonables para cover | contiene señal de foto de autor: autor
book:confesiones verdaderas de un verdadero cascarrabias,Confesiones verdaderas de un verdadero cascarrabias,1932,Francisco R. Breijo Márquez,1039,https://editoriallarueca.com/wp-content/uploads/w_POLLOS_maq2_portada_OK2_sinmarcas.jpg,w_POLLOS_maq2_portada_OK2_sinmarcas.jpg,w_POLLOS_maq2_portada_OK2_sinmarcas,500,731,0.684,38,low,filename/title contiene señal de portada: portada | proporcion vertical compatible con portada | dimensiones razonables para cover
book:confesiones verdaderas de un verdadero cascarrabias,Confesiones verdaderas de un verdadero cascarrabias,1932,Francisco R. Breijo Márquez,1045,https://editoriallarueca.com/wp-content/uploads/W_portada-3.jpg,W_portada-3.jpg,MatamedeFrenteAmazon004,500,738,0.678,38,low,filename/title contiene señal de portada: portada | proporcion vertical compatible con portada | dimensiones razonables para cover
book:confesiones verdaderas de un verdadero cascarrabias,Confesiones verdaderas de un verdadero cascarrabias,1932,Francisco R. Breijo Márquez,1176,https://editoriallarueca.com/wp-content/uploads/w_portada_lamuerte.jpg,w_portada_lamuerte.jpg,978-84-19865-47-2_cvs,500,744,0.672,38,low,filename/title contiene señal de portada: portada | proporcion vertical compatible con portada | dimensiones razonables para cover
book:confesiones verdaderas de un verdadero cascarrabias,Confesiones verdaderas de un verdadero cascarrabias,1932,Francisco R. Breijo Márquez,1201,https://editoriallarueca.com/wp-content/uploads/w_978-84-19865-40-3_CUBIERTA.jpg,w_978-84-19865-40-3_CUBIERTA.jpg,w_978-84-19865-40-3_CUBIERTA,500,738,0.678,38,low,filename/title contiene señal de portada: cubierta | proporcion vertical compatible con portada | dimensiones razonables para cover
book:gris mas bien plomo,"Gris, más bien, plomo",1947,Elga Reátegui,2927,https://editoriallarueca.com/wp-content/uploads/Libro_Gris-mas-bien-plomo_Autora_ElgaReategui_Genero_Novela-FA.jpg,Libro_Gris-mas-bien-plomo_Autora_ElgaReategui_Genero_Novela-FA.jpg,PORTADAnueva,500,707,0.707,80,high,filename contiene el titulo del libro | filename/title contiene señal de portada: libro | proporcion vertical compatible con portada | dimensiones razonables para cover
book:gris mas bien plomo,"Gris, más bien, plomo",1947,Elga Reátegui,1039,https://editoriallarueca.com/wp-content/uploads/w_POLLOS_maq2_portada_OK2_sinmarcas.jpg,w_POLLOS_maq2_portada_OK2_sinmarcas.jpg,w_POLLOS_maq2_portada_OK2_sinmarcas,500,731,0.684,38,low,filename/title contiene señal de portada: portada | proporcion vertical compatible con portada | dimensiones razonables para cover
book:gris mas bien plomo,"Gris, más bien, plomo",1947,Elga Reátegui,1045,https://editoriallarueca.com/wp-content/uploads/W_portada-3.jpg,W_portada-3.jpg,MatamedeFrenteAmazon004,500,738,0.678,38,low,filename/title contiene señal de portada: portada | proporcion vertical compatible con portada | dimensiones razonables para cover
book:gris mas bien plomo,"Gris, más bien, plomo",1947,Elga Reátegui,1176,https://editoriallarueca.com/wp-content/uploads/w_portada_lamuerte.jpg,w_portada_lamuerte.jpg,978-84-19865-47-2_cvs,500,744,0.672,38,low,filename/title contiene señal de portada: portada | proporcion vertical compatible con portada | dimensiones razonables para cover
book:gris mas bien plomo,"Gris, más bien, plomo",1947,Elga Reátegui,1201,https://editoriallarueca.com/wp-content/uploads/w_978-84-19865-40-3_CUBIERTA.jpg,w_978-84-19865-40-3_CUBIERTA.jpg,w_978-84-19865-40-3_CUBIERTA,500,738,0.678,38,low,filename/title contiene señal de portada: cubierta | proporcion vertical compatible con portada | dimensiones razonables para cover
book:el joven clonado,El joven clonado,1953,Luis Gausachs Pont,2926,https://editoriallarueca.com/wp-content/uploads/libro_El-joven-clonado_Autor_LuisGausach_Genero-FA-Ficcion-contemporanea.jpg,libro_El-joven-clonado_Autor_LuisGausach_Genero-FA-Ficcion-contemporanea.jpg,979-13-87525-47-7_cub,500,728,0.687,50,medium,filename contiene el titulo del libro | filename/title contiene señal de portada: libro | proporcion vertical compatible con portada | dimensiones razonables para cover | contiene señal de foto de autor: autor
book:el joven clonado,El joven clonado,1953,Luis Gausachs Pont,1039,https://editoriallarueca.com/wp-content/uploads/w_POLLOS_maq2_portada_OK2_sinmarcas.jpg,w_POLLOS_maq2_portada_OK2_sinmarcas.jpg,w_POLLOS_maq2_portada_OK2_sinmarcas,500,731,0.684,38,low,filename/title contiene señal de portada: portada | proporcion vertical compatible con portada | dimensiones razonables para cover
book:el joven clonado,El joven clonado,1953,Luis Gausachs Pont,1045,https://editoriallarueca.com/wp-content/uploads/W_portada-3.jpg,W_portada-3.jpg,MatamedeFrenteAmazon004,500,738,0.678,38,low,filename/title contiene señal de portada: portada | proporcion vertical compatible con portada | dimensiones razonables para cover
book:el joven clonado,El joven clonado,1953,Luis Gausachs Pont,1176,https://editoriallarueca.com/wp-content/uploads/w_portada_lamuerte.jpg,w_portada_lamuerte.jpg,978-84-19865-47-2_cvs,500,744,0.672,38,low,filename/title contiene señal de portada: portada | proporcion vertical compatible con portada | dimensiones razonables para cover
book:el joven clonado,El joven clonado,1953,Luis Gausachs Pont,1201,https://editoriallarueca.com/wp-content/uploads/w_978-84-19865-40-3_CUBIERTA.jpg,w_978-84-19865-40-3_CUBIERTA.jpg,w_978-84-19865-40-3_CUBIERTA,500,738,0.678,38,low,filename/title contiene señal de portada: cubierta | proporcion vertical compatible con portada | dimensiones razonables para cover
book:viajando ligero,Viajando ligero,2089,Guillermo M. Schrem,2925,https://editoriallarueca.com/wp-content/uploads/Libro_ViajandoLigero_Autor_GuillermoM.Schrem_Genero-FA-Ficcion-contemporanea.jpg,Libro_ViajandoLigero_Autor_GuillermoM.Schrem_Genero-FA-Ficcion-contemporanea.jpg,979-13-87525-55-2_cub,500,732,0.683,50,medium,filename contiene el titulo del libro | filename/title contiene señal de portada: libro | proporcion vertical compatible con portada | dimensiones razonables para cover | contiene señal de foto de autor: autor
book:viajando ligero,Viajando ligero,2089,Guillermo M. Schrem,1039,https://editoriallarueca.com/wp-content/uploads/w_POLLOS_maq2_portada_OK2_sinmarcas.jpg,w_POLLOS_maq2_portada_OK2_sinmarcas.jpg,w_POLLOS_maq2_portada_OK2_sinmarcas,500,731,0.684,38,low,filename/title contiene señal de portada: portada | proporcion vertical compatible con portada | dimensiones razonables para cover
book:viajando ligero,Viajando ligero,2089,Guillermo M. Schrem,1045,https://editoriallarueca.com/wp-content/uploads/W_portada-3.jpg,W_portada-3.jpg,MatamedeFrenteAmazon004,500,738,0.678,38,low,filename/title contiene señal de portada: portada | proporcion vertical compatible con portada | dimensiones razonables para cover
book:viajando ligero,Viajando ligero,2089,Guillermo M. Schrem,1176,https://editoriallarueca.com/wp-content/uploads/w_portada_lamuerte.jpg,w_portada_lamuerte.jpg,978-84-19865-47-2_cvs,500,744,0.672,38,low,filename/title contiene señal de portada: portada | proporcion vertical compatible con portada | dimensiones razonables para cover
book:viajando ligero,Viajando ligero,2089,Guillermo M. Schrem,1201,https://editoriallarueca.com/wp-content/uploads/w_978-84-19865-40-3_CUBIERTA.jpg,w_978-84-19865-40-3_CUBIERTA.jpg,w_978-84-19865-40-3_CUBIERTA,500,738,0.678,38,low,filename/title contiene señal de portada: cubierta | proporcion vertical compatible con portada | dimensiones razonables para cover
